-- MySQL dump 10.13  Distrib 5.5.13, for Win32 (x86)
--
-- Host: localhost    Database: dq
-- ------------------------------------------------------
-- Server version	5.5.13

/*!40101 SET @OLD_CHARACTER_SET_CLIENT=@@CHARACTER_SET_CLIENT */;
/*!40101 SET @OLD_CHARACTER_SET_RESULTS=@@CHARACTER_SET_RESULTS */;
/*!40101 SET @OLD_COLLATION_CONNECTION=@@COLLATION_CONNECTION */;
/*!40101 SET NAMES utf8 */;
/*!40103 SET @OLD_TIME_ZONE=@@TIME_ZONE */;
/*!40103 SET TIME_ZONE='+00:00' */;
/*!40014 SET @OLD_UNIQUE_CHECKS=@@UNIQUE_CHECKS, UNIQUE_CHECKS=0 */;
/*!40014 SET @OLD_FOREIGN_KEY_CHECKS=@@FOREIGN_KEY_CHECKS, FOREIGN_KEY_CHECKS=0 */;
/*!40101 SET @OLD_SQL_MODE=@@SQL_MODE, SQL_MODE='NO_AUTO_VALUE_ON_ZERO' */;
/*!40111 SET @OLD_SQL_NOTES=@@SQL_NOTES, SQL_NOTES=0 */;

--
-- Table structure for table `app_user`
--

DROP TABLE IF EXISTS `app_user`;
/*!40101 SET @saved_cs_client     = @@character_set_client */;
/*!40101 SET character_set_client = utf8 */;
CREATE TABLE `app_user` (
  `id` bigint(20) NOT NULL AUTO_INCREMENT,
  `account_expired` bit(1) NOT NULL,
  `account_locked` bit(1) NOT NULL,
  `address` varchar(150) DEFAULT NULL,
  `city` varchar(50) DEFAULT NULL,
  `country` varchar(100) DEFAULT NULL,
  `postal_code` varchar(15) DEFAULT NULL,
  `province` varchar(100) DEFAULT NULL,
  `credentials_expired` bit(1) NOT NULL,
  `email` varchar(255) NOT NULL,
  `account_enabled` bit(1) DEFAULT NULL,
  `first_name` varchar(50) NOT NULL,
  `last_name` varchar(50) NOT NULL,
  `password` varchar(255) NOT NULL,
  `password_hint` varchar(255) DEFAULT NULL,
  `phone_number` varchar(255) DEFAULT NULL,
  `username` varchar(50) NOT NULL,
  `version` int(11) DEFAULT NULL,
  `website` varchar(255) DEFAULT NULL,
  PRIMARY KEY (`id`),
  UNIQUE KEY `UK_1j9d9a06i600gd43uu3km82jw` (`email`),
  UNIQUE KEY `UK_3k4cplvh82srueuttfkwnylq0` (`username`)
) ENGINE=InnoDB AUTO_INCREMENT=3 DEFAULT CHARSET=utf8;
/*!40101 SET character_set_client = @saved_cs_client */;

--
-- Dumping data for table `app_user`
--

LOCK TABLES `app_user` WRITE;
/*!40000 ALTER TABLE `app_user` DISABLE KEYS */;
INSERT INTO `app_user` VALUES (-3,'\0','\0','','Denver','US','80210','CO','\0','two_roles_user@appfuse.org','','Two Roles','User','$2a$10$bH/ssqW8OhkTlIso9/yakubYODUOmh.6m5HEJvcBq3t3VdBh7ebqO','Not a female kitty.','','two_roles_user',1,'http://raibledesigns.com'),(-2,'\0','\0','','Denver','US','80210','CO','\0','matt@raibledesigns.com','','Matt','Raible','$2a$10$bH/ssqW8OhkTlIso9/yakubYODUOmh.6m5HEJvcBq3t3VdBh7ebqO','Not a female kitty.','','admin',1,'http://raibledesigns.com'),(-1,'\0','\0','','Denver','US','80210','CO','\0','matt_raible@yahoo.com','','Tomcat','User','$2a$10$CnQVJ9bsWBjMpeSKrrdDEeuIptZxXrwtI6CZ/OgtNxhIgpKxXeT9y','A male kitty.','','user',1,'http://tomcat.apache.org'),(1,'\0','\0','','','','','','\0','lyf@aa.com','','','','$2a$10$LOW2ivDm8sLq20nCgzp37OcOZK/M7RWN.f10EG8VjYcoOcSBtWOuW','123456','','lyf',0,''),(2,'\0','\0','','','','','','\0','hxm@aa.com','','','','$2a$10$ZINvWpUmGoxGPkWm.GBue.JmXfRIrTfNnpFEji7Mdj2lWfsZgadoi','123456','','hxm',2,'');
/*!40000 ALTER TABLE `app_user` ENABLE KEYS */;
UNLOCK TABLES;

--
-- Table structure for table `approval_proj`
--

DROP TABLE IF EXISTS `approval_proj`;
/*!40101 SET @saved_cs_client     = @@character_set_client */;
/*!40101 SET character_set_client = utf8 */;
CREATE TABLE `approval_proj` (
  `approval_proj_id` bigint(20) NOT NULL AUTO_INCREMENT,
  `party_id` bigint(20) DEFAULT NULL,
  `proj_name` varchar(50) DEFAULT NULL,
  `proj_material` varchar(500) DEFAULT NULL,
  `proj_procedure` varchar(500) DEFAULT NULL,
  `time_limit` varchar(50) DEFAULT NULL,
  `charge_standard` varchar(50) DEFAULT NULL,
  `connect_person` varchar(50) DEFAULT NULL,
  `connect_phone` varchar(20) DEFAULT NULL,
  `place_name` varchar(50) DEFAULT NULL,
  `place_address` varchar(255) DEFAULT NULL,
  `traffic_way` varchar(255) DEFAULT NULL,
  `office_hour` varchar(255) DEFAULT NULL,
  `statis_id` bigint(20) DEFAULT NULL,
  `created_time` datetime DEFAULT NULL,
  `created_by_user` bigint(20) DEFAULT NULL,
  `last_updated_time` datetime DEFAULT NULL,
  `last_updated_by_user` bigint(20) DEFAULT NULL,
  PRIMARY KEY (`approval_proj_id`),
  KEY `FK_jr22` (`party_id`),
  CONSTRAINT `FK_jr22` FOREIGN KEY (`party_id`) REFERENCES `party` (`party_id`)
) ENGINE=InnoDB AUTO_INCREMENT=3 DEFAULT CHARSET=utf8;
/*!40101 SET character_set_client = @saved_cs_client */;

--
-- Dumping data for table `approval_proj`
--

LOCK TABLES `approval_proj` WRITE;
/*!40000 ALTER TABLE `approval_proj` DISABLE KEYS */;
INSERT INTO `approval_proj` VALUES (1,1167,'asdf','adadfs','afd','asdf','asdf','afds','afd','asdf','afd','asdf','fdas',NULL,'2016-03-14 00:59:57',12,NULL,NULL),(2,1177,'神马事情','矮冬瓜','按个','2','23','爱的色放','2','','123算法','苏打粉','',NULL,'2016-03-22 23:53:23',-2,NULL,NULL);
/*!40000 ALTER TABLE `approval_proj` ENABLE KEYS */;
UNLOCK TABLES;

--
-- Table structure for table `cp_charge`
--

DROP TABLE IF EXISTS `cp_charge`;
/*!40101 SET @saved_cs_client     = @@character_set_client */;
/*!40101 SET character_set_client = utf8 */;
CREATE TABLE `cp_charge` (
  `cp_charge_id` bigint(20) NOT NULL AUTO_INCREMENT,
  `cp_title` varchar(50) DEFAULT NULL,
  `oper_type` bigint(20) DEFAULT NULL,
  `account_type` bigint(20) DEFAULT NULL,
  `party_id` bigint(20) DEFAULT NULL,
  `io_type` int(11) DEFAULT NULL,
  `balance` decimal(16,2) DEFAULT NULL,
  `memo` varchar(255) DEFAULT NULL,
  `relate_party_id` bigint(20) DEFAULT NULL,
  `oper_people` varchar(30) DEFAULT NULL,
  `relate_account_type` bigint(20) DEFAULT NULL,
  `created_time` datetime DEFAULT NULL,
  `created_by_user` bigint(20) DEFAULT NULL,
  `last_updated_time` datetime DEFAULT NULL,
  `last_updated_by_user` bigint(20) DEFAULT NULL,
  PRIMARY KEY (`cp_charge_id`)
) ENGINE=InnoDB AUTO_INCREMENT=6 DEFAULT CHARSET=utf8;
/*!40101 SET character_set_client = @saved_cs_client */;

--
-- Dumping data for table `cp_charge`
--

LOCK TABLES `cp_charge` WRITE;
/*!40000 ALTER TABLE `cp_charge` DISABLE KEYS */;
INSERT INTO `cp_charge` VALUES (2,'快点看看我i',22,26,570,1,3500.00,'2322三大gas的gas的gas大苏打we范德萨gas',151,'黄晓明',26,'2016-03-16 21:32:32',2,NULL,NULL),(3,'ask的法律框架',22,26,2,1,3500.00,'啊但是gas地方撒旦',570,'黄晓明',26,'2016-03-16 21:35:29',2,NULL,NULL),(4,'ask的法律框架',23,26,570,-1,3500.00,'啊但是gas地方撒旦',2,'黄晓明',26,'2016-03-16 21:35:29',2,NULL,NULL),(5,'苏打粉',22,26,570,1,2400.00,'电饭锅感冒还没发货',157,'黄晓明',26,'2016-03-16 23:10:57',2,NULL,NULL);
/*!40000 ALTER TABLE `cp_charge` ENABLE KEYS */;
UNLOCK TABLES;

--
-- Table structure for table `cp_dtl`
--

DROP TABLE IF EXISTS `cp_dtl`;
/*!40101 SET @saved_cs_client     = @@character_set_client */;
/*!40101 SET character_set_client = utf8 */;
CREATE TABLE `cp_dtl` (
  `cp_dtl_id` bigint(20) NOT NULL AUTO_INCREMENT,
  `party_id` bigint(20) DEFAULT NULL,
  `status_id` bigint(20) DEFAULT NULL,
  `be_party_date` varchar(20) DEFAULT NULL,
  `positive_date` varchar(20) DEFAULT NULL,
  `be_party_zhibu` varchar(50) DEFAULT NULL,
  `be_here_date` varchar(20) DEFAULT NULL,
  `out_of_zhibu` varchar(50) DEFAULT NULL,
  `party_status` varchar(100) DEFAULT NULL,
  `occupation` varchar(100) DEFAULT NULL,
  `work_group` varchar(100) DEFAULT NULL,
  `work_status` varchar(100) DEFAULT NULL,
  `household_address` varchar(100) DEFAULT NULL,
  `flow_out_date` varchar(20) DEFAULT NULL,
  `flow_out_info` varchar(100) DEFAULT NULL,
  `is_have_flow_card` varchar(20) DEFAULT NULL,
  `flow_card_num` varchar(20) DEFAULT NULL,
  `flow_in_group` varchar(50) DEFAULT NULL,
  `flow_in_group_person` varchar(50) DEFAULT NULL,
  `flow_in_group_phone` varchar(20) DEFAULT NULL,
  `party_group_type` varchar(20) DEFAULT NULL,
  `out_country_date` varchar(20) DEFAULT NULL,
  `out_country_reason` varchar(255) DEFAULT NULL,
  `out_country_connect` varchar(255) DEFAULT NULL,
  `out_country_dangji` varchar(20) DEFAULT NULL,
  `out_country_backdate` varchar(20) DEFAULT NULL,
  `out_country_backlife` varchar(255) DEFAULT NULL,
  `r_title1` varchar(20) DEFAULT NULL,
  `r_title2` varchar(20) DEFAULT NULL,
  `r_title3` varchar(20) DEFAULT NULL,
  `r_title4` varchar(20) DEFAULT NULL,
  `r_title5` varchar(20) DEFAULT NULL,
  `r_title6` varchar(20) DEFAULT NULL,
  `r_name1` varchar(20) DEFAULT NULL,
  `r_name2` varchar(20) DEFAULT NULL,
  `r_name3` varchar(20) DEFAULT NULL,
  `r_name4` varchar(20) DEFAULT NULL,
  `r_name5` varchar(20) DEFAULT NULL,
  `r_name6` varchar(20) DEFAULT NULL,
  `r_age1` varchar(20) DEFAULT NULL,
  `r_age2` varchar(20) DEFAULT NULL,
  `r_age3` varchar(20) DEFAULT NULL,
  `r_age4` varchar(20) DEFAULT NULL,
  `r_age5` varchar(20) DEFAULT NULL,
  `r_age6` varchar(20) DEFAULT NULL,
  `r_social1` varchar(20) DEFAULT NULL,
  `r_social2` varchar(20) DEFAULT NULL,
  `r_social3` varchar(20) DEFAULT NULL,
  `r_social4` varchar(20) DEFAULT NULL,
  `r_social5` varchar(20) DEFAULT NULL,
  `r_social6` varchar(20) DEFAULT NULL,
  `r_worke_company1` varchar(50) DEFAULT NULL,
  `r_worke_company2` varchar(50) DEFAULT NULL,
  `r_worke_company3` varchar(50) DEFAULT NULL,
  `r_worke_company4` varchar(50) DEFAULT NULL,
  `r_worke_company5` varchar(50) DEFAULT NULL,
  `r_worke_company6` varchar(50) DEFAULT NULL,
  `r_worke_satus1` varchar(50) DEFAULT NULL,
  `r_worke_satus2` varchar(50) DEFAULT NULL,
  `r_worke_satus3` varchar(50) DEFAULT NULL,
  `r_worke_satus4` varchar(50) DEFAULT NULL,
  `r_worke_satus5` varchar(50) DEFAULT NULL,
  `r_worke_satus6` varchar(50) DEFAULT NULL,
  `rdzys` varchar(10) DEFAULT NULL,
  `rdsqs` varchar(10) DEFAULT NULL,
  `zzsccl` varchar(10) DEFAULT NULL,
  `zzsqs` varchar(10) DEFAULT NULL,
  `pykccl` varchar(10) DEFAULT NULL,
  `other_cl` varchar(50) DEFAULT NULL,
  `keep_unit` varchar(50) DEFAULT NULL,
  `created_time` datetime DEFAULT NULL,
  `created_by_user` bigint(20) DEFAULT NULL,
  `last_updated_time` datetime DEFAULT NULL,
  `last_updated_by_user` bigint(20) DEFAULT NULL,
  PRIMARY KEY (`cp_dtl_id`),
  KEY `FK_jr23` (`party_id`),
  CONSTRAINT `FK_jr23` FOREIGN KEY (`party_id`) REFERENCES `party` (`party_id`)
) ENGINE=InnoDB AUTO_INCREMENT=7 DEFAULT CHARSET=utf8;
/*!40101 SET character_set_client = @saved_cs_client */;

--
-- Dumping data for table `cp_dtl`
--

LOCK TABLES `cp_dtl` WRITE;
/*!40000 ALTER TABLE `cp_dtl` DISABLE KEYS */;
INSERT INTO `cp_dtl` VALUES (1,1169,NULL,'','123','412','','打扫方','大法官','','','','','','倒萨发送大公报','','','','','','','','','','','','','123d\'sa\'f','','','','','','个','','','','','','','','','','','','','','','','','','','','','','','','','','','','','',NULL,NULL,NULL,NULL,NULL,NULL,'',NULL,NULL,'2016-03-14 17:12:19',12),(2,NULL,NULL,'','','','','','','','','','','','爱的色放','','','','grew','','','','','','','','','','','','','','','','','','','','','','','','','','','','','','','','','','','','','','','','','','','','','1','1',NULL,NULL,NULL,NULL,'',NULL,NULL,'2016-03-14 19:24:18',12),(3,1170,1,NULL,NULL,NULL,NULL,NULL,NULL,'爱的色放','34','34','阿斯蒂芬',NULL,NULL,NULL,NULL,NULL,NULL,NULL,NULL,NULL,NULL,NULL,NULL,NULL,NULL,NULL,NULL,NULL,NULL,NULL,NULL,NULL,NULL,NULL,NULL,NULL,NULL,NULL,NULL,NULL,NULL,NULL,NULL,NULL,NULL,NULL,NULL,NULL,NULL,NULL,NULL,NULL,NULL,NULL,NULL,NULL,NULL,NULL,NULL,NULL,NULL,NULL,NULL,NULL,NULL,NULL,NULL,NULL,'2016-03-14 21:29:11',12,NULL,NULL),(4,1171,1,NULL,NULL,NULL,NULL,NULL,NULL,'都是','啊等个股仍然会','发电供热如果','核桃仁和',NULL,NULL,NULL,NULL,NULL,NULL,NULL,NULL,NULL,NULL,NULL,NULL,NULL,NULL,NULL,NULL,NULL,NULL,NULL,NULL,NULL,NULL,NULL,NULL,NULL,NULL,NULL,NULL,NULL,NULL,NULL,NULL,NULL,NULL,NULL,NULL,NULL,NULL,NULL,NULL,NULL,NULL,NULL,NULL,NULL,NULL,NULL,NULL,NULL,NULL,NULL,NULL,NULL,NULL,NULL,NULL,NULL,'2016-03-14 21:32:36',12,NULL,NULL),(5,1174,3,NULL,NULL,NULL,NULL,NULL,NULL,'嗯嗯','嗯嗯','额为热污染','未付v',NULL,NULL,NULL,NULL,NULL,NULL,NULL,NULL,NULL,NULL,NULL,NULL,NULL,NULL,NULL,NULL,NULL,NULL,NULL,NULL,NULL,NULL,NULL,NULL,NULL,NULL,NULL,NULL,NULL,NULL,NULL,NULL,NULL,NULL,NULL,NULL,NULL,NULL,NULL,NULL,NULL,NULL,NULL,NULL,NULL,NULL,NULL,NULL,NULL,NULL,NULL,NULL,NULL,NULL,NULL,NULL,NULL,'2016-03-21 19:59:58',-2,NULL,NULL),(6,1175,1,'','','','','','','','奥斯迪服饰','','','','收到罚单','','','','','','','','','','','','','父亲','','','','','','力小而','','','','','','22','','','','','','群众','','','','','','疯的沙','','','','','','','','','','','',NULL,NULL,NULL,NULL,NULL,NULL,'','2016-03-21 20:01:23',-2,NULL,NULL);
/*!40000 ALTER TABLE `cp_dtl` ENABLE KEYS */;
UNLOCK TABLES;

--
-- Table structure for table `cp_positive`
--

DROP TABLE IF EXISTS `cp_positive`;
/*!40101 SET @saved_cs_client     = @@character_set_client */;
/*!40101 SET character_set_client = utf8 */;
CREATE TABLE `cp_positive` (
  `cp_positive_id` bigint(20) NOT NULL AUTO_INCREMENT,
  `party_id` bigint(20) DEFAULT NULL,
  `first_apply_time` varchar(30) DEFAULT NULL,
  `be_positive_time` varchar(30) DEFAULT NULL,
  `con_people1` varchar(30) DEFAULT NULL,
  `con_people2` varchar(30) DEFAULT NULL,
  `fzdx_num` varchar(30) DEFAULT NULL,
  `fzdx_positive_num` varchar(30) DEFAULT NULL,
  `ybdy_num` varchar(30) DEFAULT NULL,
  `yndy_positive_num` varchar(30) DEFAULT NULL,
  `zsdy_num` varchar(30) DEFAULT NULL,
  `zsdy_positive_num` varchar(30) DEFAULT NULL,
  `created_time` datetime DEFAULT NULL,
  `created_by_user` bigint(20) DEFAULT NULL,
  `last_updated_time` datetime DEFAULT NULL,
  `last_updated_by_user` bigint(20) DEFAULT NULL,
  PRIMARY KEY (`cp_positive_id`),
  KEY `FK_jr24` (`party_id`),
  CONSTRAINT `FK_jr24` FOREIGN KEY (`party_id`) REFERENCES `party` (`party_id`)
) ENGINE=InnoDB AUTO_INCREMENT=3 DEFAULT CHARSET=utf8;
/*!40101 SET character_set_client = @saved_cs_client */;

--
-- Dumping data for table `cp_positive`
--

LOCK TABLES `cp_positive` WRITE;
/*!40000 ALTER TABLE `cp_positive` DISABLE KEYS */;
INSERT INTO `cp_positive` VALUES (1,1171,'32','23','32爱的色放','恶搞','11','3','33','22','45','33','2016-03-14 21:32:36',12,NULL,NULL),(2,1174,'2015-3-1','2016-3-1','张晓而','柳大华','12','22',NULL,NULL,NULL,NULL,'2016-03-21 19:59:58',-2,NULL,NULL);
/*!40000 ALTER TABLE `cp_positive` ENABLE KEYS */;
UNLOCK TABLES;

--
-- Table structure for table `dq_hui`
--

DROP TABLE IF EXISTS `dq_hui`;
/*!40101 SET @saved_cs_client     = @@character_set_client */;
/*!40101 SET character_set_client = utf8 */;
CREATE TABLE `dq_hui` (
  `hui_id` bigint(20) NOT NULL AUTO_INCREMENT,
  `title` varchar(100) DEFAULT NULL,
  `zhibu_party_id` bigint(20) DEFAULT NULL,
  `hui_type` varchar(20) DEFAULT NULL,
  `hui_time` datetime DEFAULT NULL,
  `hui_address` varchar(100) DEFAULT NULL,
  `hui_master` varchar(20) DEFAULT NULL,
  `hui_recorder` varchar(20) DEFAULT NULL,
  `num_should` int(11) DEFAULT NULL,
  `num_real` int(11) DEFAULT NULL,
  `num_party` int(11) DEFAULT NULL,
  `num_absent` int(11) DEFAULT NULL,
  `num_absent_party` int(11) DEFAULT NULL,
  `name_come_in` varchar(255) DEFAULT NULL,
  `name_site_in` varchar(255) DEFAULT NULL,
  `name_absent` varchar(255) DEFAULT NULL,
  `hui_content` text,
  `created_time` datetime DEFAULT NULL,
  `created_by_user` bigint(20) DEFAULT NULL,
  `last_updated_time` datetime DEFAULT NULL,
  `last_updated_by_user` bigint(20) DEFAULT NULL,
  PRIMARY KEY (`hui_id`)
) ENGINE=InnoDB AUTO_INCREMENT=2 DEFAULT CHARSET=utf8;
/*!40101 SET character_set_client = @saved_cs_client */;

--
-- Dumping data for table `dq_hui`
--

LOCK TABLES `dq_hui` WRITE;
/*!40000 ALTER TABLE `dq_hui` DISABLE KEYS */;
INSERT INTO `dq_hui` VALUES (1,'西黎岗村支部大会',2,'20','2016-03-05 00:00:00','西黎岗村会议室','董玉阵','王喜峰',36,36,36,36,36,'王铁群   张林青   马书亭  闫留宾    董付太 董巧妮  董付成  李新库  李付民    董玉阵  董云飞  王喜锋   王付宽   马国营  马书亭 王新伟  孙秀恩  董全营 翟翠娥孬  孙秀恩  谷俊平   王孟臣  王付良  杨根义  杨银生   董青林   王西安   贾','董根来 董全营 李爱玲 王怀臣 翟翠娥','张彦青  徐军霞  王化三  董玉山','一、为深入学习贯彻习近平总书记系列讲话精神，推动全面从严治党向基层延伸，巩固拓展党的群众路线教育活动和\'三严三实”专题教育成果，进一步解决党员队伍在思想、组织、作风、纪律等方面存在的问题，保持发展党的先进性和纯洁性，党中央决定，2016年在全体党员中开展“学党章党规，学习近平讲话，做合格党员教育。\r\n二、开展”两学一做“学习教育，基础在学，关键在做。要把党的思想建设放在首位，以尊崇党章、遂守党规为基本要求，以用习近平总书记系列重要讲话精神武装全党为根本任务，教育引导党员自觉按照党员标准规划言行，进一步坚定信念，提高党性、觉悟，进一步增强政治意识，树立清风正气，严守政治纪律，政治规矩。\r\n三、做合格党员，做讲政治、有信念，讲规矩、有纪律；讲道德、有品行；讲奉献、有作为的合格党员。密切联系群众，全心全意为人民服务。','2016-03-07 15:22:19',10,NULL,NULL);
/*!40000 ALTER TABLE `dq_hui` ENABLE KEYS */;
UNLOCK TABLES;

--
-- Table structure for table `enumeration`
--

DROP TABLE IF EXISTS `enumeration`;
/*!40101 SET @saved_cs_client     = @@character_set_client */;
/*!40101 SET character_set_client = utf8 */;
CREATE TABLE `enumeration` (
  `enum_id` bigint(20) NOT NULL AUTO_INCREMENT,
  `enum_type_id` bigint(20) DEFAULT NULL,
  `enum_code` varchar(20) DEFAULT NULL,
  `sequence_id` int(11) DEFAULT NULL,
  `description` varchar(30) DEFAULT NULL,
  `pinyin_name` varchar(50) DEFAULT NULL,
  `enum_attached1` varchar(30) DEFAULT NULL,
  `enum_attached2` varchar(30) DEFAULT NULL,
  `enum_attached3` varchar(30) DEFAULT NULL,
  `created_time` datetime DEFAULT NULL,
  `last_updated_time` datetime DEFAULT NULL,
  `created_by_user` bigint(20) DEFAULT NULL,
  `last_updated_by_user` bigint(20) DEFAULT NULL,
  PRIMARY KEY (`enum_id`),
  KEY `FK_jr8` (`enum_type_id`),
  CONSTRAINT `FK_jr8` FOREIGN KEY (`enum_type_id`) REFERENCES `enumeration_type` (`enum_type_id`)
) ENGINE=InnoDB AUTO_INCREMENT=48 DEFAULT CHARSET=utf8;
/*!40101 SET character_set_client = @saved_cs_client */;

--
-- Dumping data for table `enumeration`
--

LOCK TABLES `enumeration` WRITE;
/*!40000 ALTER TABLE `enumeration` DISABLE KEYS */;
INSERT INTO `enumeration` VALUES (1,1,'default_price',0,'默认价格',NULL,NULL,NULL,NULL,NULL,NULL,NULL,NULL),(2,1,'day_price',1,'日价格','rjg',NULL,NULL,NULL,NULL,NULL,NULL,NULL),(3,2,'',1,'已参保','ycb',NULL,NULL,NULL,'2016-03-03 11:55:25',NULL,-2,NULL),(4,2,'',2,'未参保','wcb',NULL,NULL,NULL,'2016-03-03 11:55:33',NULL,-2,NULL),(5,2,'',3,'已领取','ylq',NULL,NULL,NULL,'2016-03-03 11:55:40',NULL,-2,NULL),(6,6,'1110',1,'带病返乡','dbfx',NULL,NULL,NULL,'2016-03-03 11:59:13',NULL,-2,NULL),(7,6,'1080',2,'参战人员','czry',NULL,NULL,NULL,'2016-03-03 11:59:30',NULL,-2,NULL),(8,6,'200',3,'艾滋病单亲','azbdq',NULL,NULL,NULL,'2016-03-03 11:59:40',NULL,-2,NULL),(9,6,'600',4,'社会孤儿','shge',NULL,NULL,NULL,'2016-03-03 11:59:49',NULL,-2,NULL),(10,6,'1950',5,'老复员军人','lfyjr',NULL,NULL,NULL,'2016-03-03 11:59:58',NULL,-2,NULL),(11,6,'300',6,'退职工','tzg',NULL,NULL,NULL,'2016-03-03 12:00:11',NULL,-2,NULL),(12,5,'119',1,'一类','yl',NULL,NULL,NULL,'2016-03-03 12:00:39',NULL,-2,NULL),(13,5,'99',2,'二类','el',NULL,NULL,NULL,'2016-03-03 12:00:52',NULL,-2,NULL),(14,5,'79',3,'三类','sl',NULL,NULL,NULL,'2016-03-03 12:01:02',NULL,-2,NULL),(15,5,'260',4,'城镇低保','czdb',NULL,NULL,NULL,'2016-03-03 12:01:12',NULL,-2,NULL),(16,4,'800',1,'集中供养','jzgy',NULL,NULL,NULL,'2016-03-03 12:01:36',NULL,-2,NULL),(17,4,'555',2,'分散供养','fsgy',NULL,NULL,NULL,'2016-03-03 12:01:45',NULL,-2,NULL),(18,7,'',1,'党小组会','dxzh',NULL,NULL,NULL,'2016-03-07 11:10:48',NULL,10,NULL),(19,7,'',2,'支委会','zwh',NULL,NULL,NULL,'2016-03-07 11:10:59',NULL,10,NULL),(20,7,'',3,'支部大会','zbdh',NULL,NULL,NULL,'2016-03-07 11:11:05',NULL,10,NULL),(21,7,'',4,'党课','dk',NULL,NULL,NULL,'2016-03-07 11:11:14',NULL,10,NULL),(22,8,'',1,'收纳党费','sndf',NULL,NULL,NULL,'2016-03-16 11:02:49','2016-03-16 11:11:28',-2,-2),(23,8,'',2,'上缴党费','sjdf',NULL,NULL,NULL,'2016-03-16 11:11:18',NULL,-2,NULL),(24,8,'',3,'上级拨入','sjbr',NULL,NULL,NULL,'2016-03-16 11:13:09',NULL,-2,NULL),(25,8,'',4,'下拨','xb',NULL,NULL,NULL,'2016-03-16 11:13:19',NULL,-2,NULL),(26,9,'',1,'党费账户','dfzh',NULL,NULL,NULL,'2016-03-16 11:13:37',NULL,-2,NULL),(27,9,'',2,'拨款账户','bkzh',NULL,NULL,NULL,'2016-03-16 11:13:46',NULL,-2,NULL),(28,10,'',1,'汉族','hz',NULL,NULL,NULL,'2016-03-25 23:28:25','2016-03-25 23:28:43',2,2),(29,10,'',NULL,'回族','hz',NULL,NULL,NULL,'2016-03-25 23:28:34',NULL,2,NULL),(30,11,'',1,'未婚','wh',NULL,NULL,NULL,'2016-03-25 23:28:55',NULL,2,NULL),(31,11,'',2,'已婚','yh',NULL,NULL,NULL,'2016-03-25 23:29:02',NULL,2,NULL),(32,11,'',3,'离异','ly',NULL,NULL,NULL,'2016-03-25 23:29:10',NULL,2,NULL),(33,11,'',4,'丧偶','so',NULL,NULL,NULL,'2016-03-25 23:29:16',NULL,2,NULL),(34,12,'',1,'初中','cz',NULL,NULL,NULL,'2016-03-25 23:29:24',NULL,2,NULL),(35,12,'',2,'高中','gz',NULL,NULL,NULL,'2016-03-25 23:29:30',NULL,2,NULL),(36,12,'',3,'大专','dz',NULL,NULL,NULL,'2016-03-25 23:29:37',NULL,2,NULL),(37,12,'',4,'大学本科','dxbk',NULL,NULL,NULL,'2016-03-25 23:29:44',NULL,2,NULL),(38,12,'',5,'研究生硕士','yjsss',NULL,NULL,NULL,'2016-03-25 23:29:58',NULL,2,NULL),(39,12,'',6,'研究生博士','yjsbs',NULL,NULL,NULL,'2016-03-25 23:30:05',NULL,2,NULL),(40,12,'',7,'小学','xx',NULL,NULL,NULL,'2016-03-25 23:30:14',NULL,2,NULL),(41,13,'',1,'在岗职工','zgzg',NULL,NULL,NULL,'2016-03-25 23:31:26',NULL,2,NULL),(42,13,'',2,'农牧渔民','nmym',NULL,NULL,NULL,'2016-03-25 23:31:34',NULL,2,NULL),(43,13,'',3,'军人、武警','jr、wj',NULL,NULL,NULL,'2016-03-25 23:31:42',NULL,2,NULL),(44,13,'',4,'学生','xs',NULL,NULL,NULL,'2016-03-25 23:31:48',NULL,2,NULL),(45,13,'',5,'离退休人员','ltxry',NULL,NULL,NULL,'2016-03-25 23:31:54','2016-03-25 23:31:59',2,2),(46,13,'',6,'个体工商户从业人员','gtgshcyry',NULL,NULL,NULL,'2016-03-25 23:32:07',NULL,2,NULL),(47,13,'',7,'其他','qt',NULL,NULL,NULL,'2016-03-25 23:32:14',NULL,2,NULL);
/*!40000 ALTER TABLE `enumeration` ENABLE KEYS */;
UNLOCK TABLES;

--
-- Table structure for table `enumeration_type`
--

DROP TABLE IF EXISTS `enumeration_type`;
/*!40101 SET @saved_cs_client     = @@character_set_client */;
/*!40101 SET character_set_client = utf8 */;
CREATE TABLE `enumeration_type` (
  `enum_type_id` bigint(20) NOT NULL AUTO_INCREMENT,
  `parent_type_id` bigint(20) DEFAULT NULL,
  `has_table` int(11) DEFAULT NULL,
  `description` varchar(30) DEFAULT NULL,
  `created_time` datetime DEFAULT NULL,
  `last_updated_time` datetime DEFAULT NULL,
  `created_by_user` bigint(20) DEFAULT NULL,
  `last_updated_by_user` bigint(20) DEFAULT NULL,
  PRIMARY KEY (`enum_type_id`)
) ENGINE=InnoDB AUTO_INCREMENT=14 DEFAULT CHARSET=utf8;
/*!40101 SET character_set_client = @saved_cs_client */;

--
-- Dumping data for table `enumeration_type`
--

LOCK TABLES `enumeration_type` WRITE;
/*!40000 ALTER TABLE `enumeration_type` DISABLE KEYS */;
INSERT INTO `enumeration_type` VALUES (1,NULL,NULL,'商品价格类型',NULL,NULL,NULL,NULL),(2,NULL,NULL,'养老保险状态','2016-03-03 11:54:54',NULL,-2,NULL),(3,NULL,NULL,'民政类型','2016-03-03 11:56:26',NULL,-2,NULL),(4,3,NULL,'五保','2016-03-03 11:56:47',NULL,-2,NULL),(5,3,NULL,'低保','2016-03-03 11:56:56',NULL,-2,NULL),(6,3,NULL,'优抚类型','2016-03-03 11:57:04',NULL,-2,NULL),(7,NULL,NULL,'三会会议类型','2016-03-07 11:10:34',NULL,10,NULL),(8,NULL,NULL,'党费操作类型','2016-03-16 11:02:20',NULL,-2,NULL),(9,NULL,NULL,'党委账户类型','2016-03-16 11:02:32',NULL,-2,NULL),(10,NULL,NULL,'民族','2016-03-25 22:52:04',NULL,2,NULL),(11,NULL,NULL,'婚姻状况','2016-03-25 22:52:19',NULL,2,NULL),(12,NULL,NULL,'学历','2016-03-25 22:52:43',NULL,2,NULL),(13,NULL,NULL,'职业类型','2016-03-25 22:52:58',NULL,2,NULL);
/*!40000 ALTER TABLE `enumeration_type` ENABLE KEYS */;
UNLOCK TABLES;

--
-- Table structure for table `facility`
--

DROP TABLE IF EXISTS `facility`;
/*!40101 SET @saved_cs_client     = @@character_set_client */;
/*!40101 SET character_set_client = utf8 */;
CREATE TABLE `facility` (
  `facility_id` bigint(20) NOT NULL AUTO_INCREMENT,
  `parent_id` bigint(20) DEFAULT NULL,
  `facility_type_id` bigint(20) DEFAULT NULL,
  `owner_party_id` bigint(20) DEFAULT NULL,
  `facility_name` varchar(100) DEFAULT NULL,
  `geo_point_id` varchar(100) DEFAULT NULL,
  `created_time` datetime DEFAULT NULL,
  `last_updated_time` datetime DEFAULT NULL,
  `created_by_user` bigint(20) DEFAULT NULL,
  `last_updated_by_user` bigint(20) DEFAULT NULL,
  PRIMARY KEY (`facility_id`)
) ENGINE=InnoDB AUTO_INCREMENT=5 DEFAULT CHARSET=utf8;
/*!40101 SET character_set_client = @saved_cs_client */;

--
-- Dumping data for table `facility`
--

LOCK TABLES `facility` WRITE;
/*!40000 ALTER TABLE `facility` DISABLE KEYS */;
INSERT INTO `facility` VALUES (1,NULL,NULL,1,'总部仓库','',NULL,NULL,NULL,NULL),(2,NULL,NULL,2,'开封尉氏县冷库','','2015-09-06 15:47:59',NULL,11,NULL),(3,NULL,NULL,5,'东莞客户仓库','','2015-09-07 11:05:00',NULL,11,NULL),(4,NULL,NULL,6,'深圳客户仓库','','2015-09-07 11:05:11',NULL,11,NULL);
/*!40000 ALTER TABLE `facility` ENABLE KEYS */;
UNLOCK TABLES;

--
-- Table structure for table `facility_transition`
--

DROP TABLE IF EXISTS `facility_transition`;
/*!40101 SET @saved_cs_client     = @@character_set_client */;
/*!40101 SET character_set_client = utf8 */;
CREATE TABLE `facility_transition` (
  `facility_transition_id` bigint(20) NOT NULL AUTO_INCREMENT,
  `facility_id` bigint(20) DEFAULT NULL,
  `in_out_type` int(11) DEFAULT NULL,
  `product_id` bigint(20) DEFAULT NULL,
  `num` decimal(13,2) DEFAULT NULL,
  `uom_id` bigint(20) DEFAULT NULL,
  `tran_date` date DEFAULT NULL,
  `biz_type` int(11) DEFAULT NULL,
  `biz_id` bigint(20) DEFAULT NULL,
  `created_time` datetime DEFAULT NULL,
  `last_updated_time` datetime DEFAULT NULL,
  `created_by_user` bigint(20) DEFAULT NULL,
  `last_updated_by_user` bigint(20) DEFAULT NULL,
  PRIMARY KEY (`facility_transition_id`),
  KEY `FK_jr11` (`facility_id`),
  CONSTRAINT `FK_jr11` FOREIGN KEY (`facility_id`) REFERENCES `facility` (`facility_id`)
) ENGINE=InnoDB AUTO_INCREMENT=10 DEFAULT CHARSET=utf8;
/*!40101 SET character_set_client = @saved_cs_client */;

--
-- Dumping data for table `facility_transition`
--

LOCK TABLES `facility_transition` WRITE;
/*!40000 ALTER TABLE `facility_transition` DISABLE KEYS */;
INSERT INTO `facility_transition` VALUES (1,2,1,2,23.00,NULL,NULL,2,NULL,'2015-09-11 14:18:32',NULL,11,NULL),(2,2,-1,2,2.00,NULL,NULL,2,NULL,'2015-09-11 14:18:48',NULL,11,NULL),(3,2,1,1,23.00,NULL,'2015-09-11',2,NULL,'2015-09-11 14:21:33',NULL,11,NULL),(4,2,-1,1,11.50,NULL,'2015-09-21',1,30,'2015-09-21 16:01:54',NULL,11,NULL),(5,2,-1,1,11.50,NULL,'2015-09-21',1,31,'2015-09-21 16:01:54',NULL,11,NULL),(6,2,-1,2,10.50,NULL,'2015-09-21',1,32,'2015-09-21 16:01:54',NULL,11,NULL),(7,2,-1,2,10.50,NULL,'2015-09-21',1,33,'2015-09-21 16:01:54',NULL,11,NULL),(8,2,1,1,122.00,NULL,'2015-10-10',2,NULL,'2015-10-10 10:30:34',NULL,11,NULL),(9,2,1,2,21.00,NULL,'2015-10-10',2,NULL,'2015-10-10 10:30:40',NULL,11,NULL);
/*!40000 ALTER TABLE `facility_transition` ENABLE KEYS */;
UNLOCK TABLES;

--
-- Table structure for table `party`
--

DROP TABLE IF EXISTS `party`;
/*!40101 SET @saved_cs_client     = @@character_set_client */;
/*!40101 SET character_set_client = utf8 */;
CREATE TABLE `party` (
  `party_id` bigint(20) NOT NULL AUTO_INCREMENT,
  `party_type_id` varchar(20) DEFAULT NULL,
  `status_id` bigint(20) DEFAULT NULL,
  `description` varchar(50) DEFAULT NULL,
  `created_time` datetime DEFAULT NULL,
  `last_updated_time` datetime DEFAULT NULL,
  `created_by_user` bigint(20) DEFAULT NULL,
  `last_updated_by_user` bigint(20) DEFAULT NULL,
  PRIMARY KEY (`party_id`)
) ENGINE=InnoDB AUTO_INCREMENT=1178 DEFAULT CHARSET=utf8;
/*!40101 SET character_set_client = @saved_cs_client */;

--
-- Dumping data for table `party`
--

LOCK TABLES `party` WRITE;
/*!40000 ALTER TABLE `party` DISABLE KEYS */;
INSERT INTO `party` VALUES (1,'party_group',0,'集团总部','2015-08-08 17:48:43',NULL,-2,NULL),(2,'party_group',0,'七彩虹河南中部','2015-08-08 18:33:34',NULL,-2,NULL),(3,'person',0,'王菲','2015-08-25 15:27:27',NULL,-2,NULL),(4,'party_group',0,'客户组','2015-09-03 23:33:36',NULL,-2,NULL),(5,'party_group',0,'东莞市场','2015-09-03 23:34:24',NULL,-2,NULL),(6,'party_group',0,'深圳市场','2015-09-03 23:34:44',NULL,-2,NULL),(7,'person',0,'谢霆锋','2015-09-05 19:45:04',NULL,10,NULL),(8,'party_group',0,'产业聚集区',NULL,NULL,NULL,NULL),(9,'party_group',0,'十八里镇',NULL,NULL,NULL,NULL),(10,'party_group',0,'南曹乡',NULL,NULL,NULL,NULL),(11,'party_group',0,'城关镇',NULL,NULL,NULL,NULL),(12,'party_group',0,'大桥乡',NULL,NULL,NULL,NULL),(14,'party_group',0,'大营镇',NULL,NULL,NULL,NULL),(15,'party_group',0,'大马乡',NULL,NULL,NULL,NULL),(16,'party_group',0,'小陈乡',NULL,NULL,NULL,NULL),(17,'party_group',0,'岗李乡',NULL,NULL,NULL,NULL),(18,'party_group',0,'庄头镇',NULL,NULL,NULL,NULL),(19,'party_group',0,'张市镇',NULL,NULL,NULL,NULL),(20,'party_group',0,'新尉园区',NULL,NULL,NULL,NULL),(21,'party_group',0,'朱曲镇',NULL,NULL,NULL,NULL),(22,'party_group',0,'水坡镇',NULL,NULL,NULL,NULL),(23,'party_group',0,'永兴镇',NULL,NULL,NULL,NULL),(24,'party_group',0,'洧川镇',NULL,NULL,NULL,NULL),(25,'party_group',0,'蔡庄镇',NULL,NULL,NULL,NULL),(26,'party_group',0,'邢庄乡',NULL,NULL,NULL,NULL),(27,'party_group',0,'门楼任乡',NULL,NULL,NULL,NULL),(39,'party_group',0,'七里头村',NULL,NULL,NULL,NULL),(40,'party_group',27,'尹庄村',NULL,NULL,NULL,NULL),(41,'party_group',36,'芦馆村',NULL,NULL,NULL,NULL),(43,'party_group',39,'梅庄社区',NULL,NULL,NULL,NULL),(44,'party_group',40,'席苏村',NULL,NULL,NULL,NULL),(45,'party_group',41,'郝寺村',NULL,NULL,NULL,NULL),(46,'party_group',42,'坡徐村',NULL,NULL,NULL,NULL),(47,'party_group',43,'张寨村',NULL,NULL,NULL,NULL),(48,'party_group',44,'要家村',NULL,NULL,NULL,NULL),(49,'party_group',45,'牛集村',NULL,NULL,NULL,NULL),(50,'party_group',46,'寄庄王村',NULL,NULL,NULL,NULL),(51,'party_group',47,'小西门社区',NULL,NULL,NULL,NULL),(52,'party_group',48,'寺前张社区',NULL,NULL,NULL,NULL),(53,'party_group',49,'南闹店村',NULL,NULL,NULL,NULL),(54,'party_group',50,'小营村',NULL,NULL,NULL,NULL),(55,'party_group',51,'马庙村',NULL,NULL,NULL,NULL),(56,'party_group',52,'前滹沱村',NULL,NULL,NULL,NULL),(57,'party_group',53,'东街村',NULL,NULL,NULL,NULL),(58,'party_group',54,'西街村',NULL,NULL,NULL,NULL),(59,'party_group',57,'小东门社区',NULL,NULL,NULL,NULL),(60,'party_group',58,'斗虎营社区',NULL,NULL,NULL,NULL),(61,'party_group',59,'鳌头吕村',NULL,NULL,NULL,NULL),(62,'party_group',60,'三李村',NULL,NULL,NULL,NULL),(63,'party_group',61,'邢庄村',NULL,NULL,NULL,NULL),(64,'party_group',62,'芦墓张村',NULL,NULL,NULL,NULL),(65,'party_group',64,'朱曲镇东街村',NULL,NULL,NULL,NULL),(66,'party_group',65,'蜜蜂赵村',NULL,NULL,NULL,NULL),(67,'party_group',66,'董庄村',NULL,NULL,NULL,NULL),(68,'party_group',67,'韩庄村',NULL,NULL,NULL,NULL),(69,'party_group',69,'葛庄村',NULL,NULL,NULL,NULL),(70,'party_group',70,'尚村',NULL,NULL,NULL,NULL),(71,'party_group',71,'史庄村',NULL,NULL,NULL,NULL),(72,'party_group',72,'北丁庄村',NULL,NULL,NULL,NULL),(73,'party_group',73,'郭佛村',NULL,NULL,NULL,NULL),(74,'party_group',74,'安庄村',NULL,NULL,NULL,NULL),(75,'party_group',75,'芦馆村',NULL,NULL,NULL,NULL),(76,'party_group',76,'芦馆村',NULL,NULL,NULL,NULL),(77,'party_group',77,'屈楼村',NULL,NULL,NULL,NULL),(78,'party_group',78,'水黄村',NULL,NULL,NULL,NULL),(79,'party_group',79,'烧酒胡村',NULL,NULL,NULL,NULL),(80,'party_group',80,'明家村',NULL,NULL,NULL,NULL),(81,'party_group',81,'付李庄村',NULL,NULL,NULL,NULL),(82,'party_group',83,'大庙杨村',NULL,NULL,NULL,NULL),(83,'party_group',84,'赵庄村',NULL,NULL,NULL,NULL),(84,'party_group',85,'拐杨村',NULL,NULL,NULL,NULL),(85,'party_group',86,'簸箕任村',NULL,NULL,NULL,NULL),(86,'party_group',88,'岳家村',NULL,NULL,NULL,NULL),(87,'party_group',89,'雷家村',NULL,NULL,NULL,NULL),(88,'party_group',90,'郭新庄村',NULL,NULL,NULL,NULL),(89,'party_group',91,'甄家村',NULL,NULL,NULL,NULL),(90,'party_group',92,'王响村',NULL,NULL,NULL,NULL),(91,'party_group',93,'新庄村',NULL,NULL,NULL,NULL),(92,'party_group',94,'大桥村',NULL,NULL,NULL,NULL),(93,'party_group',95,'大李庄村',NULL,NULL,NULL,NULL),(94,'party_group',96,'马庄村',NULL,NULL,NULL,NULL),(95,'party_group',97,'许庄村',NULL,NULL,NULL,NULL),(96,'party_group',98,'崔家村',NULL,NULL,NULL,NULL),(97,'party_group',99,'孔家村',NULL,NULL,NULL,NULL),(98,'party_group',100,'要井村',NULL,NULL,NULL,NULL),(99,'party_group',101,'岗东村',NULL,NULL,NULL,NULL),(100,'party_group',102,'大路王村',NULL,NULL,NULL,NULL),(101,'party_group',103,'大苏村',NULL,NULL,NULL,NULL),(102,'party_group',104,'冯村',NULL,NULL,NULL,NULL),(103,'party_group',105,'河湾要村',NULL,NULL,NULL,NULL),(104,'party_group',106,'大槐树村',NULL,NULL,NULL,NULL),(105,'party_group',107,'通院村',NULL,NULL,NULL,NULL),(106,'party_group',108,'岗刘村',NULL,NULL,NULL,NULL),(107,'party_group',109,'麦仁店村',NULL,NULL,NULL,NULL),(108,'party_group',110,'周庄村',NULL,NULL,NULL,NULL),(109,'party_group',111,'新刘庄村',NULL,NULL,NULL,NULL),(110,'party_group',112,'常王村',NULL,NULL,NULL,NULL),(111,'party_group',113,'十里铺村',NULL,NULL,NULL,NULL),(112,'party_group',114,'碾陈村',NULL,NULL,NULL,NULL),(113,'party_group',115,'湾里马村',NULL,NULL,NULL,NULL),(114,'party_group',116,'老鸦刘村',NULL,NULL,NULL,NULL),(115,'party_group',118,'英内村',NULL,NULL,NULL,NULL),(116,'party_group',119,'英外村',NULL,NULL,NULL,NULL),(117,'party_group',120,'鲁湾村',NULL,NULL,NULL,NULL),(118,'party_group',121,'花桥刘村',NULL,NULL,NULL,NULL),(119,'party_group',122,'许寨村',NULL,NULL,NULL,NULL),(120,'party_group',123,'董庄村',NULL,NULL,NULL,NULL),(121,'party_group',124,'四合村',NULL,NULL,NULL,NULL),(122,'party_group',125,'仓李村',NULL,NULL,NULL,NULL),(123,'party_group',126,'仓刘村',NULL,NULL,NULL,NULL),(124,'party_group',127,'南街村',NULL,NULL,NULL,NULL),(125,'party_group',128,'北街村',NULL,NULL,NULL,NULL),(126,'party_group',129,'北关村',NULL,NULL,NULL,NULL),(127,'party_group',130,'枣陈村',NULL,NULL,NULL,NULL),(128,'party_group',131,'丁庄村',NULL,NULL,NULL,NULL),(129,'party_group',133,'纸坊村',NULL,NULL,NULL,NULL),(130,'party_group',134,'王庄村',NULL,NULL,NULL,NULL),(131,'party_group',135,'湾里河村',NULL,NULL,NULL,NULL),(132,'party_group',136,'翟胡同村',NULL,NULL,NULL,NULL),(133,'party_group',137,'陈庄村',NULL,NULL,NULL,NULL),(134,'party_group',138,'宋庄村',NULL,NULL,NULL,NULL),(135,'party_group',139,'朱曲镇西街村',NULL,NULL,NULL,NULL),(136,'party_group',140,'朱曲镇周寨村',NULL,NULL,NULL,NULL),(137,'party_group',142,'仝庄村',NULL,NULL,NULL,NULL),(138,'party_group',143,'沙沃村',NULL,NULL,NULL,NULL),(139,'party_group',144,'过庄村',NULL,NULL,NULL,NULL),(140,'party_group',145,'养马寨村',NULL,NULL,NULL,NULL),(141,'party_group',146,'刘春桃村',NULL,NULL,NULL,NULL),(142,'party_group',147,'桑树庙村',NULL,NULL,NULL,NULL),(143,'party_group',148,'张庄村',NULL,NULL,NULL,NULL),(144,'party_group',149,'老庄王村',NULL,NULL,NULL,NULL),(145,'party_group',150,'东三赵村',NULL,NULL,NULL,NULL),(146,'party_group',151,'中三赵村',NULL,NULL,NULL,NULL),(147,'party_group',152,'西三赵村',NULL,NULL,NULL,NULL),(148,'party_group',153,'湾李村',NULL,NULL,NULL,NULL),(149,'party_group',154,'关庄村',NULL,NULL,NULL,NULL),(150,'party_group',155,'裴寨村',NULL,NULL,NULL,NULL),(151,'party_group',156,'花村铺村',NULL,NULL,NULL,NULL),(152,'party_group',157,'七里河村',NULL,NULL,NULL,NULL),(153,'party_group',158,'姜庄村',NULL,NULL,NULL,NULL),(154,'party_group',159,'南街社区',NULL,NULL,NULL,NULL),(155,'party_group',160,'大西门社区',NULL,NULL,NULL,NULL),(156,'party_group',161,'南台社区',NULL,NULL,NULL,NULL),(157,'party_group',162,'寺前刘社区',NULL,NULL,NULL,NULL),(158,'party_group',163,'要庄社区',NULL,NULL,NULL,NULL),(159,'party_group',164,'后滹沱村',NULL,NULL,NULL,NULL),(160,'party_group',165,'苏堂村',NULL,NULL,NULL,NULL),(161,'party_group',166,'催湾村',NULL,NULL,NULL,NULL),(162,'party_group',167,'刘庄村',NULL,NULL,NULL,NULL),(163,'party_group',168,'赵岗村',NULL,NULL,NULL,NULL),(164,'party_group',169,'营孜村',NULL,NULL,NULL,NULL),(165,'party_group',170,'二郎庙村',NULL,NULL,NULL,NULL),(166,'party_group',171,'孟家村',NULL,NULL,NULL,NULL),(167,'party_group',172,'蔡庄村',NULL,NULL,NULL,NULL),(168,'party_group',173,'锦被岗村',NULL,NULL,NULL,NULL),(169,'party_group',174,'申庄村',NULL,NULL,NULL,NULL),(170,'party_group',175,'十八里村',NULL,NULL,NULL,NULL),(171,'party_group',176,'武家村',NULL,NULL,NULL,NULL),(172,'party_group',177,'金针村',NULL,NULL,NULL,NULL),(173,'party_group',178,'伏尚村',NULL,NULL,NULL,NULL),(174,'party_group',179,'巩家村',NULL,NULL,NULL,NULL),(175,'party_group',180,'会庄村',NULL,NULL,NULL,NULL),(176,'party_group',181,'赵庄村',NULL,NULL,NULL,NULL),(177,'party_group',182,'崔湾村',NULL,NULL,NULL,NULL),(178,'party_group',183,'万寺村',NULL,NULL,NULL,NULL),(179,'party_group',184,'孟家村',NULL,NULL,NULL,NULL),(180,'party_group',185,'凡家村',NULL,NULL,NULL,NULL),(181,'party_group',186,'黎寺村',NULL,NULL,NULL,NULL),(182,'party_group',187,'牛庄村',NULL,NULL,NULL,NULL),(183,'party_group',188,'江刘庄村',NULL,NULL,NULL,NULL),(184,'party_group',189,'邓家村',NULL,NULL,NULL,NULL),(185,'party_group',190,'周庄村',NULL,NULL,NULL,NULL),(186,'party_group',191,'王杜庄村',NULL,NULL,NULL,NULL),(187,'party_group',192,'丁家村',NULL,NULL,NULL,NULL),(188,'party_group',193,'石槽李村',NULL,NULL,NULL,NULL),(189,'party_group',194,'大王货村',NULL,NULL,NULL,NULL),(190,'party_group',195,'新代庄村',NULL,NULL,NULL,NULL),(191,'party_group',196,'小王货村',NULL,NULL,NULL,NULL),(192,'party_group',197,'杨店村',NULL,NULL,NULL,NULL),(193,'party_group',198,'郑庄村',NULL,NULL,NULL,NULL),(194,'party_group',199,'刘合集村',NULL,NULL,NULL,NULL),(195,'party_group',200,'申刘村',NULL,NULL,NULL,NULL),(196,'party_group',201,'田庄村',NULL,NULL,NULL,NULL),(197,'party_group',202,'段庄村',NULL,NULL,NULL,NULL),(198,'party_group',203,'后双庙村',NULL,NULL,NULL,NULL),(199,'party_group',204,'何楼村',NULL,NULL,NULL,NULL),(200,'party_group',205,'朱曲镇小寨村',NULL,NULL,NULL,NULL),(201,'party_group',206,'石庄村',NULL,NULL,NULL,NULL),(202,'party_group',207,'庞庄村',NULL,NULL,NULL,NULL),(203,'party_group',208,'朱曲镇菜李村',NULL,NULL,NULL,NULL),(204,'party_group',209,'庄头村',NULL,NULL,NULL,NULL),(205,'party_group',211,'王庄村',NULL,NULL,NULL,NULL),(206,'party_group',212,'岗李村',NULL,NULL,NULL,NULL),(207,'party_group',214,'袁楼村',NULL,NULL,NULL,NULL),(208,'party_group',215,'朱曲镇五村',NULL,NULL,NULL,NULL),(209,'party_group',216,'任庄村',NULL,NULL,NULL,NULL),(210,'party_group',218,'朱曲镇北街村',NULL,NULL,NULL,NULL),(211,'party_group',219,'水坡镇李牧庄村',NULL,NULL,NULL,NULL),(212,'party_group',220,'水坡镇南玮坞村',NULL,NULL,NULL,NULL),(213,'party_group',221,'冯庄村',NULL,NULL,NULL,NULL),(214,'party_group',222,'水坡镇北玮坞村',NULL,NULL,NULL,NULL),(215,'party_group',223,'水坡镇西水坡村',NULL,NULL,NULL,NULL),(216,'party_group',224,'水坡镇老李村',NULL,NULL,NULL,NULL),(217,'party_group',225,'水坡镇西杨村',NULL,NULL,NULL,NULL),(218,'party_group',226,'水坡镇肖庄村',NULL,NULL,NULL,NULL),(219,'party_group',227,'花李村',NULL,NULL,NULL,NULL),(220,'party_group',228,'水坡镇北闹店村',NULL,NULL,NULL,NULL),(221,'party_group',229,'水坡镇贾寨村',NULL,NULL,NULL,NULL),(222,'party_group',230,'水坡镇齐岗村',NULL,NULL,NULL,NULL),(223,'party_group',231,'水坡镇李寨村',NULL,NULL,NULL,NULL),(224,'party_group',232,'歇马营村',NULL,NULL,NULL,NULL),(225,'party_group',233,'水坡镇双河府村',NULL,NULL,NULL,NULL),(226,'party_group',234,'水坡镇苏桥村',NULL,NULL,NULL,NULL),(227,'party_group',235,'水坡镇马庄村',NULL,NULL,NULL,NULL),(228,'party_group',236,'水坡镇冉庄村',NULL,NULL,NULL,NULL),(229,'party_group',237,'水坡镇霍寨村',NULL,NULL,NULL,NULL),(230,'party_group',238,'水坡镇东水坡村',NULL,NULL,NULL,NULL),(231,'party_group',239,'水坡镇朱岗村',NULL,NULL,NULL,NULL),(232,'party_group',240,'大马乡大马村',NULL,NULL,NULL,NULL),(233,'party_group',242,'朱曲镇黄湖村',NULL,NULL,NULL,NULL),(234,'party_group',243,'朱曲镇苗庄村',NULL,NULL,NULL,NULL),(235,'party_group',244,'后孙村',NULL,NULL,NULL,NULL),(236,'party_group',245,'朱曲镇石桥村',NULL,NULL,NULL,NULL),(237,'party_group',246,'芦医庙村',NULL,NULL,NULL,NULL),(238,'party_group',247,'吕家村',NULL,NULL,NULL,NULL),(239,'party_group',248,'南曹村',NULL,NULL,NULL,NULL),(240,'party_group',249,'小陈村',NULL,NULL,NULL,NULL),(241,'party_group',250,'枣朱村',NULL,NULL,NULL,NULL),(242,'party_group',251,'尚王村',NULL,NULL,NULL,NULL),(243,'party_group',252,'朱曲镇东街村',NULL,NULL,NULL,NULL),(244,'party_group',253,'祥符张村',NULL,NULL,NULL,NULL),(245,'party_group',255,'椅圈马村',NULL,NULL,NULL,NULL),(246,'party_group',256,'陈村',NULL,NULL,NULL,NULL),(247,'party_group',257,'朱曲镇菜张村',NULL,NULL,NULL,NULL),(248,'party_group',258,'东凡村',NULL,NULL,NULL,NULL),(249,'party_group',259,'岗陆村',NULL,NULL,NULL,NULL),(250,'party_group',260,'前孙村',NULL,NULL,NULL,NULL),(251,'party_group',261,'荣村',NULL,NULL,NULL,NULL),(252,'party_group',262,'高寨村',NULL,NULL,NULL,NULL),(253,'party_group',263,'水坡镇仝家村',NULL,NULL,NULL,NULL),(254,'party_group',264,'水坡镇瓦岗村',NULL,NULL,NULL,NULL),(255,'party_group',265,'北曹村',NULL,NULL,NULL,NULL),(256,'party_group',266,'玉陈村',NULL,NULL,NULL,NULL),(257,'party_group',267,'代庄村',NULL,NULL,NULL,NULL),(258,'party_group',268,'高家村',NULL,NULL,NULL,NULL),(259,'party_group',269,'窝沈村',NULL,NULL,NULL,NULL),(260,'party_group',270,'后张铁村',NULL,NULL,NULL,NULL),(261,'party_group',271,'寺下沈村',NULL,NULL,NULL,NULL),(262,'party_group',272,'前张铁村',NULL,NULL,NULL,NULL),(263,'party_group',273,'孙庄村',NULL,NULL,NULL,NULL),(264,'party_group',274,'柴村',NULL,NULL,NULL,NULL),(265,'party_group',275,'靳村',NULL,NULL,NULL,NULL),(266,'party_group',277,'张同府村',NULL,NULL,NULL,NULL),(267,'party_group',278,'蒋沟村',NULL,NULL,NULL,NULL),(268,'party_group',279,'路庄村',NULL,NULL,NULL,NULL),(269,'party_group',280,'小寺村',NULL,NULL,NULL,NULL),(270,'party_group',281,'孙家村',NULL,NULL,NULL,NULL),(271,'party_group',282,'周庄村',NULL,NULL,NULL,NULL),(272,'party_group',283,'郝家村',NULL,NULL,NULL,NULL),(273,'party_group',284,'朱坡村',NULL,NULL,NULL,NULL),(274,'party_group',285,'寨黄村',NULL,NULL,NULL,NULL),(275,'party_group',286,'砖楼村',NULL,NULL,NULL,NULL),(276,'party_group',287,'许家村',NULL,NULL,NULL,NULL),(277,'party_group',288,'肖庄',NULL,NULL,NULL,NULL),(278,'party_group',289,'史家村',NULL,NULL,NULL,NULL),(279,'party_group',290,'马庄村',NULL,NULL,NULL,NULL),(280,'party_group',291,'五间房李村',NULL,NULL,NULL,NULL),(281,'party_group',292,'檀头高村',NULL,NULL,NULL,NULL),(282,'party_group',293,'丁香李村',NULL,NULL,NULL,NULL),(283,'party_group',294,'祝家村',NULL,NULL,NULL,NULL),(284,'party_group',295,'东郎村',NULL,NULL,NULL,NULL),(285,'party_group',296,'袁庄村',NULL,NULL,NULL,NULL),(286,'party_group',297,'黄集村',NULL,NULL,NULL,NULL),(287,'party_group',298,'石槽王村',NULL,NULL,NULL,NULL),(288,'party_group',300,'坟台村',NULL,NULL,NULL,NULL),(289,'party_group',301,'卢家村',NULL,NULL,NULL,NULL),(290,'party_group',302,'何庄村',NULL,NULL,NULL,NULL),(291,'party_group',303,'后郑村',NULL,NULL,NULL,NULL),(292,'party_group',304,'河沟刘村',NULL,NULL,NULL,NULL),(293,'party_group',305,'黄家村',NULL,NULL,NULL,NULL),(294,'party_group',306,'君李村 ',NULL,NULL,NULL,NULL),(295,'party_group',307,'大马乡西王村',NULL,NULL,NULL,NULL),(296,'party_group',308,'梁家村',NULL,NULL,NULL,NULL),(297,'party_group',309,'杨集村',NULL,NULL,NULL,NULL),(298,'party_group',310,'下赵村',NULL,NULL,NULL,NULL),(299,'party_group',311,'安家村',NULL,NULL,NULL,NULL),(300,'party_group',312,'马村',NULL,NULL,NULL,NULL),(301,'party_group',313,'三户赵村',NULL,NULL,NULL,NULL),(302,'party_group',314,'马庄村',NULL,NULL,NULL,NULL),(303,'party_group',315,'黑凡村',NULL,NULL,NULL,NULL),(304,'party_group',316,'凉马董村',NULL,NULL,NULL,NULL),(305,'party_group',317,'田家村',NULL,NULL,NULL,NULL),(306,'party_group',318,'大营村',NULL,NULL,NULL,NULL),(307,'party_group',319,'东戎村',NULL,NULL,NULL,NULL),(308,'party_group',320,'三石村',NULL,NULL,NULL,NULL),(309,'party_group',321,'小石村',NULL,NULL,NULL,NULL),(310,'party_group',322,'张庄村',NULL,NULL,NULL,NULL),(311,'party_group',323,'凉马胡村',NULL,NULL,NULL,NULL),(312,'party_group',324,'榆林村',NULL,NULL,NULL,NULL),(313,'party_group',325,'凉马李村',NULL,NULL,NULL,NULL),(314,'party_group',326,'貊庄村',NULL,NULL,NULL,NULL),(315,'party_group',327,'前曹村',NULL,NULL,NULL,NULL),(316,'party_group',328,'后曹村',NULL,NULL,NULL,NULL),(317,'party_group',329,'于家村',NULL,NULL,NULL,NULL),(318,'party_group',331,'文家村',NULL,NULL,NULL,NULL),(319,'party_group',333,'魏庄村',NULL,NULL,NULL,NULL),(320,'party_group',334,'刘家村',NULL,NULL,NULL,NULL),(321,'party_group',335,'老鸦田村',NULL,NULL,NULL,NULL),(322,'party_group',336,'裴家村',NULL,NULL,NULL,NULL),(323,'party_group',337,'高庙村',NULL,NULL,NULL,NULL),(324,'party_group',338,'赵迪村',NULL,NULL,NULL,NULL),(325,'party_group',339,'王家村',NULL,NULL,NULL,NULL),(326,'party_group',340,'小范村',NULL,NULL,NULL,NULL),(327,'party_group',341,'郑一村',NULL,NULL,NULL,NULL),(328,'party_group',342,'郑二村',NULL,NULL,NULL,NULL),(329,'party_group',343,'陈家村',NULL,NULL,NULL,NULL),(330,'party_group',344,'鸡王村',NULL,NULL,NULL,NULL),(331,'party_group',345,'黑高村',NULL,NULL,NULL,NULL),(332,'party_group',346,'魏家村',NULL,NULL,NULL,NULL),(333,'party_group',347,'栗林村',NULL,NULL,NULL,NULL),(334,'party_group',348,'新庄村',NULL,NULL,NULL,NULL),(335,'party_group',349,'三杨村',NULL,NULL,NULL,NULL),(336,'party_group',350,'邹家村',NULL,NULL,NULL,NULL),(337,'party_group',351,'牛家村',NULL,NULL,NULL,NULL),(338,'party_group',352,'韩集村',NULL,NULL,NULL,NULL),(339,'party_group',353,'阮家村',NULL,NULL,NULL,NULL),(340,'party_group',354,'大马乡朱庄村',NULL,NULL,NULL,NULL),(341,'party_group',355,'朱家村',NULL,NULL,NULL,NULL),(342,'party_group',356,'马家村',NULL,NULL,NULL,NULL),(343,'party_group',357,'大马乡店张村',NULL,NULL,NULL,NULL),(344,'party_group',359,'庞杨村',NULL,NULL,NULL,NULL),(345,'party_group',360,'大马乡石桥马村',NULL,NULL,NULL,NULL),(346,'party_group',361,'西郎村',NULL,NULL,NULL,NULL),(347,'party_group',362,'二家张村',NULL,NULL,NULL,NULL),(348,'party_group',363,'东黄庄村',NULL,NULL,NULL,NULL),(349,'party_group',364,'水坡镇东夹河村',NULL,NULL,NULL,NULL),(350,'party_group',365,'水坡镇李岗村',NULL,NULL,NULL,NULL),(351,'party_group',367,'后于村',NULL,NULL,NULL,NULL),(352,'party_group',368,'水坡镇彭庄村',NULL,NULL,NULL,NULL),(353,'party_group',369,'大马乡柏岗寨村',NULL,NULL,NULL,NULL),(354,'party_group',370,'前刘村',NULL,NULL,NULL,NULL),(355,'party_group',371,'水坡镇西夹河村',NULL,NULL,NULL,NULL),(356,'party_group',372,'水坡镇横堤村',NULL,NULL,NULL,NULL),(357,'party_group',373,'史桥村',NULL,NULL,NULL,NULL),(358,'party_group',374,'西黄庄村',NULL,NULL,NULL,NULL),(359,'party_group',375,'中山村',NULL,NULL,NULL,NULL),(360,'party_group',376,'大马乡李家村',NULL,NULL,NULL,NULL),(361,'party_group',377,'洼张村',NULL,NULL,NULL,NULL),(362,'party_group',378,'水坡镇盆刘村',NULL,NULL,NULL,NULL),(363,'party_group',379,'水坡镇耿庙村',NULL,NULL,NULL,NULL),(364,'party_group',380,'水坡镇海清郭村',NULL,NULL,NULL,NULL),(365,'party_group',381,'水坡镇南水坡村',NULL,NULL,NULL,NULL),(366,'party_group',384,'大马乡任泽村',NULL,NULL,NULL,NULL),(367,'party_group',385,'产业集聚区七里河村',NULL,NULL,NULL,NULL),(368,'party_group',386,'产业集聚区七里河村',NULL,NULL,NULL,NULL),(369,'party_group',387,'大马乡庙张村',NULL,NULL,NULL,NULL),(370,'party_group',388,'朱曲镇花李村',NULL,NULL,NULL,NULL),(371,'party_group',389,'凉马胡村',NULL,NULL,NULL,NULL),(372,'party_group',390,'朱曲镇仝庄村',NULL,NULL,NULL,NULL),(373,'party_group',391,'大马乡雁黄村',NULL,NULL,NULL,NULL),(374,'party_group',392,'朱曲镇双庙吴村',NULL,NULL,NULL,NULL),(375,'party_group',393,'大马乡郭家村',NULL,NULL,NULL,NULL),(376,'party_group',394,'大马乡陈石村',NULL,NULL,NULL,NULL),(377,'party_group',395,'朱曲镇山字村',NULL,NULL,NULL,NULL),(378,'party_group',396,'大马乡马古岗村',NULL,NULL,NULL,NULL),(379,'party_group',398,'大马乡双岭岗村',NULL,NULL,NULL,NULL),(380,'party_group',399,'孟家村',NULL,NULL,NULL,NULL),(381,'party_group',400,'孟家村',NULL,NULL,NULL,NULL),(382,'party_group',401,'孟家村',NULL,NULL,NULL,NULL),(383,'party_group',402,'孟家村',NULL,NULL,NULL,NULL),(384,'party_group',403,'孟家村',NULL,NULL,NULL,NULL),(385,'party_group',405,'朱曲镇胡张村',NULL,NULL,NULL,NULL),(386,'party_group',408,'朱曲镇史井村',NULL,NULL,NULL,NULL),(387,'party_group',409,'大马乡岗李村',NULL,NULL,NULL,NULL),(388,'party_group',410,'大马乡八里庙村',NULL,NULL,NULL,NULL),(389,'party_group',411,'仓王村',NULL,NULL,NULL,NULL),(390,'party_group',412,'朱曲镇窝口赵村',NULL,NULL,NULL,NULL),(391,'party_group',413,'段庄村',NULL,NULL,NULL,NULL),(392,'party_group',414,'大马乡井赵村',NULL,NULL,NULL,NULL),(393,'party_group',415,'大马乡前宫村',NULL,NULL,NULL,NULL),(394,'party_group',416,'西范庄村',NULL,NULL,NULL,NULL),(395,'party_group',418,'朱曲镇火巴张村',NULL,NULL,NULL,NULL),(396,'party_group',419,'东黎岗村',NULL,NULL,NULL,NULL),(397,'party_group',420,'西黎岗村',NULL,NULL,NULL,NULL),(398,'party_group',421,'胡家村',NULL,NULL,NULL,NULL),(399,'party_group',422,'朱曲镇黄庄村',NULL,NULL,NULL,NULL),(400,'party_group',423,'占庄村',NULL,NULL,NULL,NULL),(401,'party_group',424,'后高村',NULL,NULL,NULL,NULL),(402,'party_group',425,'马口村',NULL,NULL,NULL,NULL),(403,'party_group',426,'霍庄村',NULL,NULL,NULL,NULL),(404,'party_group',427,'前翟村',NULL,NULL,NULL,NULL),(405,'party_group',428,'冉家村',NULL,NULL,NULL,NULL),(406,'party_group',429,'袁口村',NULL,NULL,NULL,NULL),(407,'party_group',430,'水寨村',NULL,NULL,NULL,NULL),(408,'party_group',431,'黄寨村',NULL,NULL,NULL,NULL),(409,'party_group',432,'老庄师村',NULL,NULL,NULL,NULL),(410,'party_group',433,'金寨村',NULL,NULL,NULL,NULL),(411,'party_group',434,'朱曲镇刘庄村',NULL,NULL,NULL,NULL),(412,'party_group',435,'聂家村',NULL,NULL,NULL,NULL),(413,'party_group',436,'凌岗村',NULL,NULL,NULL,NULL),(414,'party_group',437,'红莲张村',NULL,NULL,NULL,NULL),(415,'party_group',438,'打车周村',NULL,NULL,NULL,NULL),(416,'party_group',439,'三柳村',NULL,NULL,NULL,NULL),(417,'party_group',440,'朱曲镇秦楼村',NULL,NULL,NULL,NULL),(418,'party_group',441,'冉村',NULL,NULL,NULL,NULL),(419,'party_group',442,'陈村',NULL,NULL,NULL,NULL),(420,'party_group',443,'朱曲镇古庄村',NULL,NULL,NULL,NULL),(421,'party_group',444,'韩佐村',NULL,NULL,NULL,NULL),(422,'party_group',445,'东范庄村',NULL,NULL,NULL,NULL),(423,'party_group',446,'王寨村',NULL,NULL,NULL,NULL),(424,'party_group',447,'大马乡后宫村',NULL,NULL,NULL,NULL),(425,'party_group',448,'刘庄村',NULL,NULL,NULL,NULL),(426,'party_group',449,'白潭村',NULL,NULL,NULL,NULL),(427,'party_group',450,'朱曲镇后赵村',NULL,NULL,NULL,NULL),(428,'party_group',451,'白楼村',NULL,NULL,NULL,NULL),(429,'party_group',452,'大马乡牛庄村',NULL,NULL,NULL,NULL),(430,'party_group',454,'刘符陈村',NULL,NULL,NULL,NULL),(431,'party_group',455,'朱曲镇陈庄村',NULL,NULL,NULL,NULL),(432,'party_group',456,'司马村',NULL,NULL,NULL,NULL),(433,'party_group',457,'大马乡马庄村',NULL,NULL,NULL,NULL),(434,'party_group',458,'台子岗村',NULL,NULL,NULL,NULL),(435,'party_group',459,'孙留村',NULL,NULL,NULL,NULL),(436,'party_group',460,'大马乡胡陈村',NULL,NULL,NULL,NULL),(437,'party_group',461,'乔寨村',NULL,NULL,NULL,NULL),(438,'party_group',462,'王楼村',NULL,NULL,NULL,NULL),(439,'party_group',463,'大马乡门张村',NULL,NULL,NULL,NULL),(440,'party_group',464,'闫岗村',NULL,NULL,NULL,NULL),(441,'party_group',465,'大马乡鲁家村',NULL,NULL,NULL,NULL),(442,'party_group',466,'朱曲镇米庄村',NULL,NULL,NULL,NULL),(443,'party_group',467,'前双村',NULL,NULL,NULL,NULL),(444,'party_group',468,'齐庄村',NULL,NULL,NULL,NULL),(445,'party_group',469,'大马乡庙陈村',NULL,NULL,NULL,NULL),(446,'party_group',470,'后双村',NULL,NULL,NULL,NULL),(447,'party_group',471,'朱曲镇山魏村',NULL,NULL,NULL,NULL),(448,'party_group',472,'大马乡周家村',NULL,NULL,NULL,NULL),(449,'party_group',473,'丁岗村',NULL,NULL,NULL,NULL),(450,'party_group',474,'吴庄村',NULL,NULL,NULL,NULL),(451,'party_group',475,'唐庄村',NULL,NULL,NULL,NULL),(452,'party_group',476,'双庄村',NULL,NULL,NULL,NULL),(453,'party_group',477,'阮庄村',NULL,NULL,NULL,NULL),(454,'party_group',478,'常岗村',NULL,NULL,NULL,NULL),(455,'party_group',479,'朱曲镇赵刘村',NULL,NULL,NULL,NULL),(456,'party_group',480,'李岗村',NULL,NULL,NULL,NULL),(457,'party_group',481,'黄岗村',NULL,NULL,NULL,NULL),(458,'party_group',483,'后杜柏村',NULL,NULL,NULL,NULL),(459,'party_group',484,'朱曲镇焦庄村',NULL,NULL,NULL,NULL),(460,'party_group',485,'中杜柏村',NULL,NULL,NULL,NULL),(461,'party_group',486,'朱曲镇卢庄村',NULL,NULL,NULL,NULL),(462,'party_group',487,'朱曲镇许官寺村',NULL,NULL,NULL,NULL),(463,'party_group',488,'门楼任村',NULL,NULL,NULL,NULL),(464,'party_group',489,'朱曲镇毛寨村',NULL,NULL,NULL,NULL),(465,'party_group',490,'陈家村',NULL,NULL,NULL,NULL),(466,'party_group',491,'赵家村',NULL,NULL,NULL,NULL),(467,'party_group',493,'大齐村',NULL,NULL,NULL,NULL),(468,'party_group',494,'郑家村',NULL,NULL,NULL,NULL),(469,'party_group',495,'赵存村',NULL,NULL,NULL,NULL),(470,'party_group',496,'李家村',NULL,NULL,NULL,NULL),(471,'party_group',497,'卜家村',NULL,NULL,NULL,NULL),(472,'party_group',498,'郭潘王村',NULL,NULL,NULL,NULL),(473,'party_group',499,'花张村',NULL,NULL,NULL,NULL),(474,'party_group',500,'闫前村',NULL,NULL,NULL,NULL),(475,'party_group',501,'新庄村',NULL,NULL,NULL,NULL),(476,'party_group',502,'闫后村',NULL,NULL,NULL,NULL),(477,'party_group',505,'南袁庄村',NULL,NULL,NULL,NULL),(478,'party_group',506,'王庄村',NULL,NULL,NULL,NULL),(479,'party_group',507,'靳老村',NULL,NULL,NULL,NULL),(480,'party_group',508,'史庄村',NULL,NULL,NULL,NULL),(481,'party_group',509,'江曲村',NULL,NULL,NULL,NULL),(482,'party_group',510,'陈家村',NULL,NULL,NULL,NULL),(483,'party_group',511,'司马村',NULL,NULL,NULL,NULL),(484,'party_group',512,'小齐村',NULL,NULL,NULL,NULL),(485,'party_group',513,'圉村',NULL,NULL,NULL,NULL),(486,'party_group',514,'西贾村',NULL,NULL,NULL,NULL),(487,'party_group',515,'东贾村',NULL,NULL,NULL,NULL),(488,'party_group',516,'后寨村',NULL,NULL,NULL,NULL),(489,'party_group',517,'睢老庄村',NULL,NULL,NULL,NULL),(490,'party_group',518,'前马村',NULL,NULL,NULL,NULL),(491,'party_group',519,'前张村',NULL,NULL,NULL,NULL),(492,'party_group',520,'前张村',NULL,NULL,NULL,NULL),(493,'party_group',521,'后马村',NULL,NULL,NULL,NULL),(494,'party_group',522,'中张村',NULL,NULL,NULL,NULL),(495,'party_group',523,'钱家村',NULL,NULL,NULL,NULL),(496,'party_group',524,'张庄村',NULL,NULL,NULL,NULL),(497,'party_group',525,'沙沃村',NULL,NULL,NULL,NULL),(498,'party_group',526,'新栗村',NULL,NULL,NULL,NULL),(499,'party_group',527,'栗林村',NULL,NULL,NULL,NULL),(500,'party_group',528,'东周杨村',NULL,NULL,NULL,NULL),(501,'party_group',529,'西周杨村',NULL,NULL,NULL,NULL),(502,'party_group',530,'文家村',NULL,NULL,NULL,NULL),(503,'party_group',531,'蔡家村',NULL,NULL,NULL,NULL),(504,'party_group',532,'蔡庄镇留石寺村',NULL,NULL,NULL,NULL),(505,'party_group',533,'蔡庄镇郑坡村',NULL,NULL,NULL,NULL),(506,'party_group',534,'蔡庄镇时村',NULL,NULL,NULL,NULL),(507,'party_group',535,'蔡庄镇南街村',NULL,NULL,NULL,NULL),(508,'party_group',537,'蔡庄镇三楼村',NULL,NULL,NULL,NULL),(509,'party_group',538,'蔡庄镇刘拐村',NULL,NULL,NULL,NULL),(510,'party_group',539,'蔡庄镇北街村',NULL,NULL,NULL,NULL),(511,'party_group',540,'蔡庄镇小张村',NULL,NULL,NULL,NULL),(512,'party_group',541,'蔡庄镇大张村',NULL,NULL,NULL,NULL),(513,'party_group',542,'蔡庄镇后黄村',NULL,NULL,NULL,NULL),(514,'party_group',543,'蔡庄镇南孟村',NULL,NULL,NULL,NULL),(515,'party_group',544,'蔡庄镇罗庄村',NULL,NULL,NULL,NULL),(516,'party_group',545,'蔡庄镇鹿村',NULL,NULL,NULL,NULL),(517,'party_group',546,'蔡庄镇北孟村',NULL,NULL,NULL,NULL),(518,'party_group',547,'蔡庄镇尚庄村',NULL,NULL,NULL,NULL),(519,'party_group',549,'庄头镇马家村',NULL,NULL,NULL,NULL),(520,'party_group',550,'蔡庄镇水台村',NULL,NULL,NULL,NULL),(521,'party_group',551,'蔡庄镇高庄村',NULL,NULL,NULL,NULL),(522,'party_group',553,'蔡庄镇吕庄村',NULL,NULL,NULL,NULL),(523,'party_group',554,'蔡庄镇前王村',NULL,NULL,NULL,NULL),(524,'party_group',555,'蔡庄镇貊寨村',NULL,NULL,NULL,NULL),(525,'party_group',556,'蔡庄镇东街村',NULL,NULL,NULL,NULL),(526,'party_group',557,'蔡庄镇西街村',NULL,NULL,NULL,NULL),(527,'party_group',558,'蔡庄镇大新庄村',NULL,NULL,NULL,NULL),(528,'party_group',559,'蔡庄镇宋庄村',NULL,NULL,NULL,NULL),(529,'party_group',560,'蔡庄镇泥张村',NULL,NULL,NULL,NULL),(530,'party_group',561,'蔡庄镇湾孙村',NULL,NULL,NULL,NULL),(531,'party_group',562,'蔡庄镇大朱村',NULL,NULL,NULL,NULL),(532,'party_group',563,'蔡庄镇香王村',NULL,NULL,NULL,NULL),(533,'party_group',564,'蔡庄镇胡新庄村',NULL,NULL,NULL,NULL),(534,'party_group',565,'蔡庄镇瑶台村',NULL,NULL,NULL,NULL),(535,'party_group',566,'蔡庄镇舍茶岗村',NULL,NULL,NULL,NULL),(536,'party_group',567,'蔡庄镇孟楼村',NULL,NULL,NULL,NULL),(537,'party_group',568,'蔡庄镇蛮杨村',NULL,NULL,NULL,NULL),(538,'party_group',569,'蔡庄镇东安头村',NULL,NULL,NULL,NULL),(539,'party_group',570,'蔡庄镇西安头村',NULL,NULL,NULL,NULL),(540,'party_group',571,'蔡庄镇刘庄村',NULL,NULL,NULL,NULL),(541,'party_group',572,'蔡庄镇隗村',NULL,NULL,NULL,NULL),(542,'party_group',573,'蔡庄镇马湾村',NULL,NULL,NULL,NULL),(543,'party_group',574,'蔡庄镇高庙寨村',NULL,NULL,NULL,NULL),(544,'party_group',575,'蔡庄镇郭庄村',NULL,NULL,NULL,NULL),(545,'party_group',577,'小寨村',NULL,NULL,NULL,NULL),(546,'party_group',579,'石潭村',NULL,NULL,NULL,NULL),(547,'party_group',580,'前大庄村',NULL,NULL,NULL,NULL),(548,'party_group',581,'张市村',NULL,NULL,NULL,NULL),(549,'party_group',582,'坡庄村',NULL,NULL,NULL,NULL),(550,'party_group',583,'后大庄村',NULL,NULL,NULL,NULL),(551,'party_group',584,'吴岗村',NULL,NULL,NULL,NULL),(552,'party_group',585,'老集村',NULL,NULL,NULL,NULL),(553,'party_group',586,'王老村',NULL,NULL,NULL,NULL),(554,'party_group',587,'陆口村',NULL,NULL,NULL,NULL),(555,'party_group',588,'孔庄村',NULL,NULL,NULL,NULL),(556,'party_group',589,'刘庄村',NULL,NULL,NULL,NULL),(557,'party_group',590,'崔庄村',NULL,NULL,NULL,NULL),(558,'party_group',591,'尹庄村',NULL,NULL,NULL,NULL),(559,'party_group',592,'边岗村',NULL,NULL,NULL,NULL),(560,'party_group',593,'郭家村',NULL,NULL,NULL,NULL),(561,'party_group',594,'南谢村',NULL,NULL,NULL,NULL),(562,'party_group',595,'北谢村',NULL,NULL,NULL,NULL),(563,'party_group',596,'郑岗村',NULL,NULL,NULL,NULL),(564,'party_group',597,'东万村',NULL,NULL,NULL,NULL),(565,'party_group',598,'西万村',NULL,NULL,NULL,NULL),(566,'party_group',599,'沈家村',NULL,NULL,NULL,NULL),(567,'party_group',600,'沙门村',NULL,NULL,NULL,NULL),(568,'party_group',601,'冯岗村',NULL,NULL,NULL,NULL),(569,'party_group',602,'高庄村',NULL,NULL,NULL,NULL),(570,'party_group',0,'产业聚集区党委',NULL,NULL,8,NULL),(571,'party_group',0,'十八里镇党委',NULL,NULL,9,NULL),(572,'party_group',0,'南曹乡党委',NULL,NULL,10,NULL),(573,'party_group',0,'城关镇党委',NULL,NULL,11,NULL),(574,'party_group',0,'大桥乡党委',NULL,NULL,12,NULL),(575,'party_group',0,'大营镇党委',NULL,NULL,14,NULL),(576,'party_group',0,'大马乡党委',NULL,NULL,15,NULL),(577,'party_group',0,'小陈乡党委',NULL,NULL,16,NULL),(578,'party_group',0,'岗李乡党委',NULL,NULL,17,NULL),(579,'party_group',0,'庄头镇党委',NULL,NULL,18,NULL),(580,'party_group',0,'张市镇党委',NULL,NULL,19,NULL),(581,'party_group',0,'新尉园区党委',NULL,NULL,20,NULL),(582,'party_group',0,'朱曲镇党委',NULL,NULL,21,NULL),(583,'party_group',0,'水坡镇党委',NULL,NULL,22,NULL),(584,'party_group',0,'永兴镇党委',NULL,NULL,23,NULL),(585,'party_group',0,'洧川镇党委',NULL,NULL,24,NULL),(586,'party_group',0,'蔡庄镇党委',NULL,NULL,25,NULL),(587,'party_group',0,'邢庄乡党委',NULL,NULL,26,NULL),(588,'party_group',0,'门楼任乡党委',NULL,NULL,27,NULL),(601,'party_group',0,'七里头村党支部',NULL,NULL,39,NULL),(602,'party_group',0,'尹庄村党支部',NULL,NULL,40,NULL),(603,'party_group',0,'芦馆村党支部',NULL,NULL,41,NULL),(604,'party_group',0,'梅庄社区党支部',NULL,NULL,43,NULL),(605,'party_group',0,'席苏村党支部',NULL,NULL,44,NULL),(606,'party_group',0,'郝寺村党支部',NULL,NULL,45,NULL),(607,'party_group',0,'坡徐村党支部',NULL,NULL,46,NULL),(608,'party_group',0,'张寨村党支部',NULL,NULL,47,NULL),(609,'party_group',0,'要家村党支部',NULL,NULL,48,NULL),(610,'party_group',0,'牛集村党支部',NULL,NULL,49,NULL),(611,'party_group',0,'寄庄王村党支部',NULL,NULL,50,NULL),(612,'party_group',0,'小西门社区党支部',NULL,NULL,51,NULL),(613,'party_group',0,'寺前张社区党支部',NULL,NULL,52,NULL),(614,'party_group',0,'南闹店村党支部',NULL,NULL,53,NULL),(615,'party_group',0,'小营村党支部',NULL,NULL,54,NULL),(616,'party_group',0,'马庙村党支部',NULL,NULL,55,NULL),(617,'party_group',0,'前滹沱村党支部',NULL,NULL,56,NULL),(618,'party_group',0,'东街村党支部',NULL,NULL,57,NULL),(619,'party_group',0,'西街村党支部',NULL,NULL,58,NULL),(620,'party_group',0,'小东门社区党支部',NULL,NULL,59,NULL),(621,'party_group',0,'斗虎营社区党支部',NULL,NULL,60,NULL),(622,'party_group',0,'鳌头吕村党支部',NULL,NULL,61,NULL),(623,'party_group',0,'三李村党支部',NULL,NULL,62,NULL),(624,'party_group',0,'邢庄村党支部',NULL,NULL,63,NULL),(625,'party_group',0,'芦墓张村党支部',NULL,NULL,64,NULL),(626,'party_group',0,'朱曲镇东街村党支部',NULL,NULL,65,NULL),(627,'party_group',0,'蜜蜂赵村党支部',NULL,NULL,66,NULL),(628,'party_group',0,'董庄村党支部',NULL,NULL,67,NULL),(629,'party_group',0,'韩庄村党支部',NULL,NULL,68,NULL),(630,'party_group',0,'葛庄村党支部',NULL,NULL,69,NULL),(631,'party_group',0,'尚村党支部',NULL,NULL,70,NULL),(632,'party_group',0,'史庄村党支部',NULL,NULL,71,NULL),(633,'party_group',0,'北丁庄村党支部',NULL,NULL,72,NULL),(634,'party_group',0,'郭佛村党支部',NULL,NULL,73,NULL),(635,'party_group',0,'安庄村党支部',NULL,NULL,74,NULL),(636,'party_group',0,'芦馆村党支部',NULL,NULL,75,NULL),(637,'party_group',0,'芦馆村党支部',NULL,NULL,76,NULL),(638,'party_group',0,'屈楼村党支部',NULL,NULL,77,NULL),(639,'party_group',0,'水黄村党支部',NULL,NULL,78,NULL),(640,'party_group',0,'烧酒胡村党支部',NULL,NULL,79,NULL),(641,'party_group',0,'明家村党支部',NULL,NULL,80,NULL),(642,'party_group',0,'付李庄村党支部',NULL,NULL,81,NULL),(643,'party_group',0,'大庙杨村党支部',NULL,NULL,82,NULL),(644,'party_group',0,'赵庄村党支部',NULL,NULL,83,NULL),(645,'party_group',0,'拐杨村党支部',NULL,NULL,84,NULL),(646,'party_group',0,'簸箕任村党支部',NULL,NULL,85,NULL),(647,'party_group',0,'岳家村党支部',NULL,NULL,86,NULL),(648,'party_group',0,'雷家村党支部',NULL,NULL,87,NULL),(649,'party_group',0,'郭新庄村党支部',NULL,NULL,88,NULL),(650,'party_group',0,'甄家村党支部',NULL,NULL,89,NULL),(651,'party_group',0,'王响村党支部',NULL,NULL,90,NULL),(652,'party_group',0,'新庄村党支部',NULL,NULL,91,NULL),(653,'party_group',0,'大桥村党支部',NULL,NULL,92,NULL),(654,'party_group',0,'大李庄村党支部',NULL,NULL,93,NULL),(655,'party_group',0,'马庄村党支部',NULL,NULL,94,NULL),(656,'party_group',0,'许庄村党支部',NULL,NULL,95,NULL),(657,'party_group',0,'崔家村党支部',NULL,NULL,96,NULL),(658,'party_group',0,'孔家村党支部',NULL,NULL,97,NULL),(659,'party_group',0,'要井村党支部',NULL,NULL,98,NULL),(660,'party_group',0,'岗东村党支部',NULL,NULL,99,NULL),(661,'party_group',0,'大路王村党支部',NULL,NULL,100,NULL),(662,'party_group',0,'大苏村党支部',NULL,NULL,101,NULL),(663,'party_group',0,'冯村党支部',NULL,NULL,102,NULL),(664,'party_group',0,'河湾要村党支部',NULL,NULL,103,NULL),(665,'party_group',0,'大槐树村党支部',NULL,NULL,104,NULL),(666,'party_group',0,'通院村党支部',NULL,NULL,105,NULL),(667,'party_group',0,'岗刘村党支部',NULL,NULL,106,NULL),(668,'party_group',0,'麦仁店村党支部',NULL,NULL,107,NULL),(669,'party_group',0,'周庄村党支部',NULL,NULL,108,NULL),(670,'party_group',0,'新刘庄村党支部',NULL,NULL,109,NULL),(671,'party_group',0,'常王村党支部',NULL,NULL,110,NULL),(672,'party_group',0,'十里铺村党支部',NULL,NULL,111,NULL),(673,'party_group',0,'碾陈村党支部',NULL,NULL,112,NULL),(674,'party_group',0,'湾里马村党支部',NULL,NULL,113,NULL),(675,'party_group',0,'老鸦刘村党支部',NULL,NULL,114,NULL),(676,'party_group',0,'英内村党支部',NULL,NULL,115,NULL),(677,'party_group',0,'英外村党支部',NULL,NULL,116,NULL),(678,'party_group',0,'鲁湾村党支部',NULL,NULL,117,NULL),(679,'party_group',0,'花桥刘村党支部',NULL,NULL,118,NULL),(680,'party_group',0,'许寨村党支部',NULL,NULL,119,NULL),(681,'party_group',0,'董庄村党支部',NULL,NULL,120,NULL),(682,'party_group',0,'四合村党支部',NULL,NULL,121,NULL),(683,'party_group',0,'仓李村党支部',NULL,NULL,122,NULL),(684,'party_group',0,'仓刘村党支部',NULL,NULL,123,NULL),(685,'party_group',0,'南街村党支部',NULL,NULL,124,NULL),(686,'party_group',0,'北街村党支部',NULL,NULL,125,NULL),(687,'party_group',0,'北关村党支部',NULL,NULL,126,NULL),(688,'party_group',0,'枣陈村党支部',NULL,NULL,127,NULL),(689,'party_group',0,'丁庄村党支部',NULL,NULL,128,NULL),(690,'party_group',0,'纸坊村党支部',NULL,NULL,129,NULL),(691,'party_group',0,'王庄村党支部',NULL,NULL,130,NULL),(692,'party_group',0,'湾里河村党支部',NULL,NULL,131,NULL),(693,'party_group',0,'翟胡同村党支部',NULL,NULL,132,NULL),(694,'party_group',0,'陈庄村党支部',NULL,NULL,133,NULL),(695,'party_group',0,'宋庄村党支部',NULL,NULL,134,NULL),(696,'party_group',0,'朱曲镇西街村党支部',NULL,NULL,135,NULL),(697,'party_group',0,'朱曲镇周寨村党支部',NULL,NULL,136,NULL),(698,'party_group',0,'仝庄村党支部',NULL,NULL,137,NULL),(699,'party_group',0,'沙沃村党支部',NULL,NULL,138,NULL),(700,'party_group',0,'过庄村党支部',NULL,NULL,139,NULL),(701,'party_group',0,'养马寨村党支部',NULL,NULL,140,NULL),(702,'party_group',0,'刘春桃村党支部',NULL,NULL,141,NULL),(703,'party_group',0,'桑树庙村党支部',NULL,NULL,142,NULL),(704,'party_group',0,'张庄村党支部',NULL,NULL,143,NULL),(705,'party_group',0,'老庄王村党支部',NULL,NULL,144,NULL),(706,'party_group',0,'东三赵村党支部',NULL,NULL,145,NULL),(707,'party_group',0,'中三赵村党支部',NULL,NULL,146,NULL),(708,'party_group',0,'西三赵村党支部',NULL,NULL,147,NULL),(709,'party_group',0,'湾李村党支部',NULL,NULL,148,NULL),(710,'party_group',0,'关庄村党支部',NULL,NULL,149,NULL),(711,'party_group',0,'裴寨村党支部',NULL,NULL,150,NULL),(712,'party_group',0,'花村铺村党支部',NULL,NULL,151,NULL),(713,'party_group',0,'七里河村党支部',NULL,NULL,152,NULL),(714,'party_group',0,'姜庄村党支部',NULL,NULL,153,NULL),(715,'party_group',0,'南街社区党支部',NULL,NULL,154,NULL),(716,'party_group',0,'大西门社区党支部',NULL,NULL,155,NULL),(717,'party_group',0,'南台社区党支部',NULL,NULL,156,NULL),(718,'party_group',0,'寺前刘社区党支部',NULL,NULL,157,NULL),(719,'party_group',0,'要庄社区党支部',NULL,NULL,158,NULL),(720,'party_group',0,'后滹沱村党支部',NULL,NULL,159,NULL),(721,'party_group',0,'苏堂村党支部',NULL,NULL,160,NULL),(722,'party_group',0,'催湾村党支部',NULL,NULL,161,NULL),(723,'party_group',0,'刘庄村党支部',NULL,NULL,162,NULL),(724,'party_group',0,'赵岗村党支部',NULL,NULL,163,NULL),(725,'party_group',0,'营孜村党支部',NULL,NULL,164,NULL),(726,'party_group',0,'二郎庙村党支部',NULL,NULL,165,NULL),(727,'party_group',0,'孟家村党支部',NULL,NULL,166,NULL),(728,'party_group',0,'蔡庄村党支部',NULL,NULL,167,NULL),(729,'party_group',0,'锦被岗村党支部',NULL,NULL,168,NULL),(730,'party_group',0,'申庄村党支部',NULL,NULL,169,NULL),(731,'party_group',0,'十八里村党支部',NULL,NULL,170,NULL),(732,'party_group',0,'武家村党支部',NULL,NULL,171,NULL),(733,'party_group',0,'金针村党支部',NULL,NULL,172,NULL),(734,'party_group',0,'伏尚村党支部',NULL,NULL,173,NULL),(735,'party_group',0,'巩家村党支部',NULL,NULL,174,NULL),(736,'party_group',0,'会庄村党支部',NULL,NULL,175,NULL),(737,'party_group',0,'赵庄村党支部',NULL,NULL,176,NULL),(738,'party_group',0,'崔湾村党支部',NULL,NULL,177,NULL),(739,'party_group',0,'万寺村党支部',NULL,NULL,178,NULL),(740,'party_group',0,'孟家村党支部',NULL,NULL,179,NULL),(741,'party_group',0,'凡家村党支部',NULL,NULL,180,NULL),(742,'party_group',0,'黎寺村党支部',NULL,NULL,181,NULL),(743,'party_group',0,'牛庄村党支部',NULL,NULL,182,NULL),(744,'party_group',0,'江刘庄村党支部',NULL,NULL,183,NULL),(745,'party_group',0,'邓家村党支部',NULL,NULL,184,NULL),(746,'party_group',0,'周庄村党支部',NULL,NULL,185,NULL),(747,'party_group',0,'王杜庄村党支部',NULL,NULL,186,NULL),(748,'party_group',0,'丁家村党支部',NULL,NULL,187,NULL),(749,'party_group',0,'石槽李村党支部',NULL,NULL,188,NULL),(750,'party_group',0,'大王货村党支部',NULL,NULL,189,NULL),(751,'party_group',0,'新代庄村党支部',NULL,NULL,190,NULL),(752,'party_group',0,'小王货村党支部',NULL,NULL,191,NULL),(753,'party_group',0,'杨店村党支部',NULL,NULL,192,NULL),(754,'party_group',0,'郑庄村党支部',NULL,NULL,193,NULL),(755,'party_group',0,'刘合集村党支部',NULL,NULL,194,NULL),(756,'party_group',0,'申刘村党支部',NULL,NULL,195,NULL),(757,'party_group',0,'田庄村党支部',NULL,NULL,196,NULL),(758,'party_group',0,'段庄村党支部',NULL,NULL,197,NULL),(759,'party_group',0,'后双庙村党支部',NULL,NULL,198,NULL),(760,'party_group',0,'何楼村党支部',NULL,NULL,199,NULL),(761,'party_group',0,'朱曲镇小寨村党支部',NULL,NULL,200,NULL),(762,'party_group',0,'石庄村党支部',NULL,NULL,201,NULL),(763,'party_group',0,'庞庄村党支部',NULL,NULL,202,NULL),(764,'party_group',0,'朱曲镇菜李村党支部',NULL,NULL,203,NULL),(765,'party_group',0,'庄头村党支部',NULL,NULL,204,NULL),(766,'party_group',0,'王庄村党支部',NULL,NULL,205,NULL),(767,'party_group',0,'岗李村党支部',NULL,NULL,206,NULL),(768,'party_group',0,'袁楼村党支部',NULL,NULL,207,NULL),(769,'party_group',0,'朱曲镇五村党支部',NULL,NULL,208,NULL),(770,'party_group',0,'任庄村党支部',NULL,NULL,209,NULL),(771,'party_group',0,'朱曲镇北街村党支部',NULL,NULL,210,NULL),(772,'party_group',0,'水坡镇李牧庄村党支部',NULL,NULL,211,NULL),(773,'party_group',0,'水坡镇南玮坞村党支部',NULL,NULL,212,NULL),(774,'party_group',0,'冯庄村党支部',NULL,NULL,213,NULL),(775,'party_group',0,'水坡镇北玮坞村党支部',NULL,NULL,214,NULL),(776,'party_group',0,'水坡镇西水坡村党支部',NULL,NULL,215,NULL),(777,'party_group',0,'水坡镇老李村党支部',NULL,NULL,216,NULL),(778,'party_group',0,'水坡镇西杨村党支部',NULL,NULL,217,NULL),(779,'party_group',0,'水坡镇肖庄村党支部',NULL,NULL,218,NULL),(780,'party_group',0,'花李村党支部',NULL,NULL,219,NULL),(781,'party_group',0,'水坡镇北闹店村党支部',NULL,NULL,220,NULL),(782,'party_group',0,'水坡镇贾寨村党支部',NULL,NULL,221,NULL),(783,'party_group',0,'水坡镇齐岗村党支部',NULL,NULL,222,NULL),(784,'party_group',0,'水坡镇李寨村党支部',NULL,NULL,223,NULL),(785,'party_group',0,'歇马营村党支部',NULL,NULL,224,NULL),(786,'party_group',0,'水坡镇双河府村党支部',NULL,NULL,225,NULL),(787,'party_group',0,'水坡镇苏桥村党支部',NULL,NULL,226,NULL),(788,'party_group',0,'水坡镇马庄村党支部',NULL,NULL,227,NULL),(789,'party_group',0,'水坡镇冉庄村党支部',NULL,NULL,228,NULL),(790,'party_group',0,'水坡镇霍寨村党支部',NULL,NULL,229,NULL),(791,'party_group',0,'水坡镇东水坡村党支部',NULL,NULL,230,NULL),(792,'party_group',0,'水坡镇朱岗村党支部',NULL,NULL,231,NULL),(793,'party_group',0,'大马乡大马村党支部',NULL,NULL,232,NULL),(794,'party_group',0,'朱曲镇黄湖村党支部',NULL,NULL,233,NULL),(795,'party_group',0,'朱曲镇苗庄村党支部',NULL,NULL,234,NULL),(796,'party_group',0,'后孙村党支部',NULL,NULL,235,NULL),(797,'party_group',0,'朱曲镇石桥村党支部',NULL,NULL,236,NULL),(798,'party_group',0,'芦医庙村党支部',NULL,NULL,237,NULL),(799,'party_group',0,'吕家村党支部',NULL,NULL,238,NULL),(800,'party_group',0,'南曹村党支部',NULL,NULL,239,NULL),(801,'party_group',0,'小陈村党支部',NULL,NULL,240,NULL),(802,'party_group',0,'枣朱村党支部',NULL,NULL,241,NULL),(803,'party_group',0,'尚王村党支部',NULL,NULL,242,NULL),(804,'party_group',0,'朱曲镇东街村党支部',NULL,NULL,243,NULL),(805,'party_group',0,'祥符张村党支部',NULL,NULL,244,NULL),(806,'party_group',0,'椅圈马村党支部',NULL,NULL,245,NULL),(807,'party_group',0,'陈村党支部',NULL,NULL,246,NULL),(808,'party_group',0,'朱曲镇菜张村党支部',NULL,NULL,247,NULL),(809,'party_group',0,'东凡村党支部',NULL,NULL,248,NULL),(810,'party_group',0,'岗陆村党支部',NULL,NULL,249,NULL),(811,'party_group',0,'前孙村党支部',NULL,NULL,250,NULL),(812,'party_group',0,'荣村党支部',NULL,NULL,251,NULL),(813,'party_group',0,'高寨村党支部',NULL,NULL,252,NULL),(814,'party_group',0,'水坡镇仝家村党支部',NULL,NULL,253,NULL),(815,'party_group',0,'水坡镇瓦岗村党支部',NULL,NULL,254,NULL),(816,'party_group',0,'北曹村党支部',NULL,NULL,255,NULL),(817,'party_group',0,'玉陈村党支部',NULL,NULL,256,NULL),(818,'party_group',0,'代庄村党支部',NULL,NULL,257,NULL),(819,'party_group',0,'高家村党支部',NULL,NULL,258,NULL),(820,'party_group',0,'窝沈村党支部',NULL,NULL,259,NULL),(821,'party_group',0,'后张铁村党支部',NULL,NULL,260,NULL),(822,'party_group',0,'寺下沈村党支部',NULL,NULL,261,NULL),(823,'party_group',0,'前张铁村党支部',NULL,NULL,262,NULL),(824,'party_group',0,'孙庄村党支部',NULL,NULL,263,NULL),(825,'party_group',0,'柴村党支部',NULL,NULL,264,NULL),(826,'party_group',0,'靳村党支部',NULL,NULL,265,NULL),(827,'party_group',0,'张同府村党支部',NULL,NULL,266,NULL),(828,'party_group',0,'蒋沟村党支部',NULL,NULL,267,NULL),(829,'party_group',0,'路庄村党支部',NULL,NULL,268,NULL),(830,'party_group',0,'小寺村党支部',NULL,NULL,269,NULL),(831,'party_group',0,'孙家村党支部',NULL,NULL,270,NULL),(832,'party_group',0,'周庄村党支部',NULL,NULL,271,NULL),(833,'party_group',0,'郝家村党支部',NULL,NULL,272,NULL),(834,'party_group',0,'朱坡村党支部',NULL,NULL,273,NULL),(835,'party_group',0,'寨黄村党支部',NULL,NULL,274,NULL),(836,'party_group',0,'砖楼村党支部',NULL,NULL,275,NULL),(837,'party_group',0,'许家村党支部',NULL,NULL,276,NULL),(838,'party_group',0,'肖庄党支部',NULL,NULL,277,NULL),(839,'party_group',0,'史家村党支部',NULL,NULL,278,NULL),(840,'party_group',0,'马庄村党支部',NULL,NULL,279,NULL),(841,'party_group',0,'五间房李村党支部',NULL,NULL,280,NULL),(842,'party_group',0,'檀头高村党支部',NULL,NULL,281,NULL),(843,'party_group',0,'丁香李村党支部',NULL,NULL,282,NULL),(844,'party_group',0,'祝家村党支部',NULL,NULL,283,NULL),(845,'party_group',0,'东郎村党支部',NULL,NULL,284,NULL),(846,'party_group',0,'袁庄村党支部',NULL,NULL,285,NULL),(847,'party_group',0,'黄集村党支部',NULL,NULL,286,NULL),(848,'party_group',0,'石槽王村党支部',NULL,NULL,287,NULL),(849,'party_group',0,'坟台村党支部',NULL,NULL,288,NULL),(850,'party_group',0,'卢家村党支部',NULL,NULL,289,NULL),(851,'party_group',0,'何庄村党支部',NULL,NULL,290,NULL),(852,'party_group',0,'后郑村党支部',NULL,NULL,291,NULL),(853,'party_group',0,'河沟刘村党支部',NULL,NULL,292,NULL),(854,'party_group',0,'黄家村党支部',NULL,NULL,293,NULL),(855,'party_group',0,'君李村 党支部',NULL,NULL,294,NULL),(856,'party_group',0,'大马乡西王村党支部',NULL,NULL,295,NULL),(857,'party_group',0,'梁家村党支部',NULL,NULL,296,NULL),(858,'party_group',0,'杨集村党支部',NULL,NULL,297,NULL),(859,'party_group',0,'下赵村党支部',NULL,NULL,298,NULL),(860,'party_group',0,'安家村党支部',NULL,NULL,299,NULL),(861,'party_group',0,'马村党支部',NULL,NULL,300,NULL),(862,'party_group',0,'三户赵村党支部',NULL,NULL,301,NULL),(863,'party_group',0,'马庄村党支部',NULL,NULL,302,NULL),(864,'party_group',0,'黑凡村党支部',NULL,NULL,303,NULL),(865,'party_group',0,'凉马董村党支部',NULL,NULL,304,NULL),(866,'party_group',0,'田家村党支部',NULL,NULL,305,NULL),(867,'party_group',0,'大营村党支部',NULL,NULL,306,NULL),(868,'party_group',0,'东戎村党支部',NULL,NULL,307,NULL),(869,'party_group',0,'三石村党支部',NULL,NULL,308,NULL),(870,'party_group',0,'小石村党支部',NULL,NULL,309,NULL),(871,'party_group',0,'张庄村党支部',NULL,NULL,310,NULL),(872,'party_group',0,'凉马胡村党支部',NULL,NULL,311,NULL),(873,'party_group',0,'榆林村党支部',NULL,NULL,312,NULL),(874,'party_group',0,'凉马李村党支部',NULL,NULL,313,NULL),(875,'party_group',0,'貊庄村党支部',NULL,NULL,314,NULL),(876,'party_group',0,'前曹村党支部',NULL,NULL,315,NULL),(877,'party_group',0,'后曹村党支部',NULL,NULL,316,NULL),(878,'party_group',0,'于家村党支部',NULL,NULL,317,NULL),(879,'party_group',0,'文家村党支部',NULL,NULL,318,NULL),(880,'party_group',0,'魏庄村党支部',NULL,NULL,319,NULL),(881,'party_group',0,'刘家村党支部',NULL,NULL,320,NULL),(882,'party_group',0,'老鸦田村党支部',NULL,NULL,321,NULL),(883,'party_group',0,'裴家村党支部',NULL,NULL,322,NULL),(884,'party_group',0,'高庙村党支部',NULL,NULL,323,NULL),(885,'party_group',0,'赵迪村党支部',NULL,NULL,324,NULL),(886,'party_group',0,'王家村党支部',NULL,NULL,325,NULL),(887,'party_group',0,'小范村党支部',NULL,NULL,326,NULL),(888,'party_group',0,'郑一村党支部',NULL,NULL,327,NULL),(889,'party_group',0,'郑二村党支部',NULL,NULL,328,NULL),(890,'party_group',0,'陈家村党支部',NULL,NULL,329,NULL),(891,'party_group',0,'鸡王村党支部',NULL,NULL,330,NULL),(892,'party_group',0,'黑高村党支部',NULL,NULL,331,NULL),(893,'party_group',0,'魏家村党支部',NULL,NULL,332,NULL),(894,'party_group',0,'栗林村党支部',NULL,NULL,333,NULL),(895,'party_group',0,'新庄村党支部',NULL,NULL,334,NULL),(896,'party_group',0,'三杨村党支部',NULL,NULL,335,NULL),(897,'party_group',0,'邹家村党支部',NULL,NULL,336,NULL),(898,'party_group',0,'牛家村党支部',NULL,NULL,337,NULL),(899,'party_group',0,'韩集村党支部',NULL,NULL,338,NULL),(900,'party_group',0,'阮家村党支部',NULL,NULL,339,NULL),(901,'party_group',0,'大马乡朱庄村党支部',NULL,NULL,340,NULL),(902,'party_group',0,'朱家村党支部',NULL,NULL,341,NULL),(903,'party_group',0,'马家村党支部',NULL,NULL,342,NULL),(904,'party_group',0,'大马乡店张村党支部',NULL,NULL,343,NULL),(905,'party_group',0,'庞杨村党支部',NULL,NULL,344,NULL),(906,'party_group',0,'大马乡石桥马村党支部',NULL,NULL,345,NULL),(907,'party_group',0,'西郎村党支部',NULL,NULL,346,NULL),(908,'party_group',0,'二家张村党支部',NULL,NULL,347,NULL),(909,'party_group',0,'东黄庄村党支部',NULL,NULL,348,NULL),(910,'party_group',0,'水坡镇东夹河村党支部',NULL,NULL,349,NULL),(911,'party_group',0,'水坡镇李岗村党支部',NULL,NULL,350,NULL),(912,'party_group',0,'后于村党支部',NULL,NULL,351,NULL),(913,'party_group',0,'水坡镇彭庄村党支部',NULL,NULL,352,NULL),(914,'party_group',0,'大马乡柏岗寨村党支部',NULL,NULL,353,NULL),(915,'party_group',0,'前刘村党支部',NULL,NULL,354,NULL),(916,'party_group',0,'水坡镇西夹河村党支部',NULL,NULL,355,NULL),(917,'party_group',0,'水坡镇横堤村党支部',NULL,NULL,356,NULL),(918,'party_group',0,'史桥村党支部',NULL,NULL,357,NULL),(919,'party_group',0,'西黄庄村党支部',NULL,NULL,358,NULL),(920,'party_group',0,'中山村党支部',NULL,NULL,359,NULL),(921,'party_group',0,'大马乡李家村党支部',NULL,NULL,360,NULL),(922,'party_group',0,'洼张村党支部',NULL,NULL,361,NULL),(923,'party_group',0,'水坡镇盆刘村党支部',NULL,NULL,362,NULL),(924,'party_group',0,'水坡镇耿庙村党支部',NULL,NULL,363,NULL),(925,'party_group',0,'水坡镇海清郭村党支部',NULL,NULL,364,NULL),(926,'party_group',0,'水坡镇南水坡村党支部',NULL,NULL,365,NULL),(927,'party_group',0,'大马乡任泽村党支部',NULL,NULL,366,NULL),(928,'party_group',0,'产业集聚区七里河村党支部',NULL,NULL,367,NULL),(929,'party_group',0,'产业集聚区七里河村党支部',NULL,NULL,368,NULL),(930,'party_group',0,'大马乡庙张村党支部',NULL,NULL,369,NULL),(931,'party_group',0,'朱曲镇花李村党支部',NULL,NULL,370,NULL),(932,'party_group',0,'凉马胡村党支部',NULL,NULL,371,NULL),(933,'party_group',0,'朱曲镇仝庄村党支部',NULL,NULL,372,NULL),(934,'party_group',0,'大马乡雁黄村党支部',NULL,NULL,373,NULL),(935,'party_group',0,'朱曲镇双庙吴村党支部',NULL,NULL,374,NULL),(936,'party_group',0,'大马乡郭家村党支部',NULL,NULL,375,NULL),(937,'party_group',0,'大马乡陈石村党支部',NULL,NULL,376,NULL),(938,'party_group',0,'朱曲镇山字村党支部',NULL,NULL,377,NULL),(939,'party_group',0,'大马乡马古岗村党支部',NULL,NULL,378,NULL),(940,'party_group',0,'大马乡双岭岗村党支部',NULL,NULL,379,NULL),(941,'party_group',0,'孟家村党支部',NULL,NULL,380,NULL),(942,'party_group',0,'孟家村党支部',NULL,NULL,381,NULL),(943,'party_group',0,'孟家村党支部',NULL,NULL,382,NULL),(944,'party_group',0,'孟家村党支部',NULL,NULL,383,NULL),(945,'party_group',0,'孟家村党支部',NULL,NULL,384,NULL),(946,'party_group',0,'朱曲镇胡张村党支部',NULL,NULL,385,NULL),(947,'party_group',0,'朱曲镇史井村党支部',NULL,NULL,386,NULL),(948,'party_group',0,'大马乡岗李村党支部',NULL,NULL,387,NULL),(949,'party_group',0,'大马乡八里庙村党支部',NULL,NULL,388,NULL),(950,'party_group',0,'仓王村党支部',NULL,NULL,389,NULL),(951,'party_group',0,'朱曲镇窝口赵村党支部',NULL,NULL,390,NULL),(952,'party_group',0,'段庄村党支部',NULL,NULL,391,NULL),(953,'party_group',0,'大马乡井赵村党支部',NULL,NULL,392,NULL),(954,'party_group',0,'大马乡前宫村党支部',NULL,NULL,393,NULL),(955,'party_group',0,'西范庄村党支部',NULL,NULL,394,NULL),(956,'party_group',0,'朱曲镇火巴张村党支部',NULL,NULL,395,NULL),(957,'party_group',0,'东黎岗村党支部',NULL,NULL,396,NULL),(958,'party_group',0,'西黎岗村党支部',NULL,NULL,397,NULL),(959,'party_group',0,'胡家村党支部',NULL,NULL,398,NULL),(960,'party_group',0,'朱曲镇黄庄村党支部',NULL,NULL,399,NULL),(961,'party_group',0,'占庄村党支部',NULL,NULL,400,NULL),(962,'party_group',0,'后高村党支部',NULL,NULL,401,NULL),(963,'party_group',0,'马口村党支部',NULL,NULL,402,NULL),(964,'party_group',0,'霍庄村党支部',NULL,NULL,403,NULL),(965,'party_group',0,'前翟村党支部',NULL,NULL,404,NULL),(966,'party_group',0,'冉家村党支部',NULL,NULL,405,NULL),(967,'party_group',0,'袁口村党支部',NULL,NULL,406,NULL),(968,'party_group',0,'水寨村党支部',NULL,NULL,407,NULL),(969,'party_group',0,'黄寨村党支部',NULL,NULL,408,NULL),(970,'party_group',0,'老庄师村党支部',NULL,NULL,409,NULL),(971,'party_group',0,'金寨村党支部',NULL,NULL,410,NULL),(972,'party_group',0,'朱曲镇刘庄村党支部',NULL,NULL,411,NULL),(973,'party_group',0,'聂家村党支部',NULL,NULL,412,NULL),(974,'party_group',0,'凌岗村党支部',NULL,NULL,413,NULL),(975,'party_group',0,'红莲张村党支部',NULL,NULL,414,NULL),(976,'party_group',0,'打车周村党支部',NULL,NULL,415,NULL),(977,'party_group',0,'三柳村党支部',NULL,NULL,416,NULL),(978,'party_group',0,'朱曲镇秦楼村党支部',NULL,NULL,417,NULL),(979,'party_group',0,'冉村党支部',NULL,NULL,418,NULL),(980,'party_group',0,'陈村党支部',NULL,NULL,419,NULL),(981,'party_group',0,'朱曲镇古庄村党支部',NULL,NULL,420,NULL),(982,'party_group',0,'韩佐村党支部',NULL,NULL,421,NULL),(983,'party_group',0,'东范庄村党支部',NULL,NULL,422,NULL),(984,'party_group',0,'王寨村党支部',NULL,NULL,423,NULL),(985,'party_group',0,'大马乡后宫村党支部',NULL,NULL,424,NULL),(986,'party_group',0,'刘庄村党支部',NULL,NULL,425,NULL),(987,'party_group',0,'白潭村党支部',NULL,NULL,426,NULL),(988,'party_group',0,'朱曲镇后赵村党支部',NULL,NULL,427,NULL),(989,'party_group',0,'白楼村党支部',NULL,NULL,428,NULL),(990,'party_group',0,'大马乡牛庄村党支部',NULL,NULL,429,NULL),(991,'party_group',0,'刘符陈村党支部',NULL,NULL,430,NULL),(992,'party_group',0,'朱曲镇陈庄村党支部',NULL,NULL,431,NULL),(993,'party_group',0,'司马村党支部',NULL,NULL,432,NULL),(994,'party_group',0,'大马乡马庄村党支部',NULL,NULL,433,NULL),(995,'party_group',0,'台子岗村党支部',NULL,NULL,434,NULL),(996,'party_group',0,'孙留村党支部',NULL,NULL,435,NULL),(997,'party_group',0,'大马乡胡陈村党支部',NULL,NULL,436,NULL),(998,'party_group',0,'乔寨村党支部',NULL,NULL,437,NULL),(999,'party_group',0,'王楼村党支部',NULL,NULL,438,NULL),(1000,'party_group',0,'大马乡门张村党支部',NULL,NULL,439,NULL),(1001,'party_group',0,'闫岗村党支部',NULL,NULL,440,NULL),(1002,'party_group',0,'大马乡鲁家村党支部',NULL,NULL,441,NULL),(1003,'party_group',0,'朱曲镇米庄村党支部',NULL,NULL,442,NULL),(1004,'party_group',0,'前双村党支部',NULL,NULL,443,NULL),(1005,'party_group',0,'齐庄村党支部',NULL,NULL,444,NULL),(1006,'party_group',0,'大马乡庙陈村党支部',NULL,NULL,445,NULL),(1007,'party_group',0,'后双村党支部',NULL,NULL,446,NULL),(1008,'party_group',0,'朱曲镇山魏村党支部',NULL,NULL,447,NULL),(1009,'party_group',0,'大马乡周家村党支部',NULL,NULL,448,NULL),(1010,'party_group',0,'丁岗村党支部',NULL,NULL,449,NULL),(1011,'party_group',0,'吴庄村党支部',NULL,NULL,450,NULL),(1012,'party_group',0,'唐庄村党支部',NULL,NULL,451,NULL),(1013,'party_group',0,'双庄村党支部',NULL,NULL,452,NULL),(1014,'party_group',0,'阮庄村党支部',NULL,NULL,453,NULL),(1015,'party_group',0,'常岗村党支部',NULL,NULL,454,NULL),(1016,'party_group',0,'朱曲镇赵刘村党支部',NULL,NULL,455,NULL),(1017,'party_group',0,'李岗村党支部',NULL,NULL,456,NULL),(1018,'party_group',0,'黄岗村党支部',NULL,NULL,457,NULL),(1019,'party_group',0,'后杜柏村党支部',NULL,NULL,458,NULL),(1020,'party_group',0,'朱曲镇焦庄村党支部',NULL,NULL,459,NULL),(1021,'party_group',0,'中杜柏村党支部',NULL,NULL,460,NULL),(1022,'party_group',0,'朱曲镇卢庄村党支部',NULL,NULL,461,NULL),(1023,'party_group',0,'朱曲镇许官寺村党支部',NULL,NULL,462,NULL),(1024,'party_group',0,'门楼任村党支部',NULL,NULL,463,NULL),(1025,'party_group',0,'朱曲镇毛寨村党支部',NULL,NULL,464,NULL),(1026,'party_group',0,'陈家村党支部',NULL,NULL,465,NULL),(1027,'party_group',0,'赵家村党支部',NULL,NULL,466,NULL),(1028,'party_group',0,'大齐村党支部',NULL,NULL,467,NULL),(1029,'party_group',0,'郑家村党支部',NULL,NULL,468,NULL),(1030,'party_group',0,'赵存村党支部',NULL,NULL,469,NULL),(1031,'party_group',0,'李家村党支部',NULL,NULL,470,NULL),(1032,'party_group',0,'卜家村党支部',NULL,NULL,471,NULL),(1033,'party_group',0,'郭潘王村党支部',NULL,NULL,472,NULL),(1034,'party_group',0,'花张村党支部',NULL,NULL,473,NULL),(1035,'party_group',0,'闫前村党支部',NULL,NULL,474,NULL),(1036,'party_group',0,'新庄村党支部',NULL,NULL,475,NULL),(1037,'party_group',0,'闫后村党支部',NULL,NULL,476,NULL),(1038,'party_group',0,'南袁庄村党支部',NULL,NULL,477,NULL),(1039,'party_group',0,'王庄村党支部',NULL,NULL,478,NULL),(1040,'party_group',0,'靳老村党支部',NULL,NULL,479,NULL),(1041,'party_group',0,'史庄村党支部',NULL,NULL,480,NULL),(1042,'party_group',0,'江曲村党支部',NULL,NULL,481,NULL),(1043,'party_group',0,'陈家村党支部',NULL,NULL,482,NULL),(1044,'party_group',0,'司马村党支部',NULL,NULL,483,NULL),(1045,'party_group',0,'小齐村党支部',NULL,NULL,484,NULL),(1046,'party_group',0,'圉村党支部',NULL,NULL,485,NULL),(1047,'party_group',0,'西贾村党支部',NULL,NULL,486,NULL),(1048,'party_group',0,'东贾村党支部',NULL,NULL,487,NULL),(1049,'party_group',0,'后寨村党支部',NULL,NULL,488,NULL),(1050,'party_group',0,'睢老庄村党支部',NULL,NULL,489,NULL),(1051,'party_group',0,'前马村党支部',NULL,NULL,490,NULL),(1052,'party_group',0,'前张村党支部',NULL,NULL,491,NULL),(1053,'party_group',0,'前张村党支部',NULL,NULL,492,NULL),(1054,'party_group',0,'后马村党支部',NULL,NULL,493,NULL),(1055,'party_group',0,'中张村党支部',NULL,NULL,494,NULL),(1056,'party_group',0,'钱家村党支部',NULL,NULL,495,NULL),(1057,'party_group',0,'张庄村党支部',NULL,NULL,496,NULL),(1058,'party_group',0,'沙沃村党支部',NULL,NULL,497,NULL),(1059,'party_group',0,'新栗村党支部',NULL,NULL,498,NULL),(1060,'party_group',0,'栗林村党支部',NULL,NULL,499,NULL),(1061,'party_group',0,'东周杨村党支部',NULL,NULL,500,NULL),(1062,'party_group',0,'西周杨村党支部',NULL,NULL,501,NULL),(1063,'party_group',0,'文家村党支部',NULL,NULL,502,NULL),(1064,'party_group',0,'蔡家村党支部',NULL,NULL,503,NULL),(1065,'party_group',0,'蔡庄镇留石寺村党支部',NULL,NULL,504,NULL),(1066,'party_group',0,'蔡庄镇郑坡村党支部',NULL,NULL,505,NULL),(1067,'party_group',0,'蔡庄镇时村党支部',NULL,NULL,506,NULL),(1068,'party_group',0,'蔡庄镇南街村党支部',NULL,NULL,507,NULL),(1069,'party_group',0,'蔡庄镇三楼村党支部',NULL,NULL,508,NULL),(1070,'party_group',0,'蔡庄镇刘拐村党支部',NULL,NULL,509,NULL),(1071,'party_group',0,'蔡庄镇北街村党支部',NULL,NULL,510,NULL),(1072,'party_group',0,'蔡庄镇小张村党支部',NULL,NULL,511,NULL),(1073,'party_group',0,'蔡庄镇大张村党支部',NULL,NULL,512,NULL),(1074,'party_group',0,'蔡庄镇后黄村党支部',NULL,NULL,513,NULL),(1075,'party_group',0,'蔡庄镇南孟村党支部',NULL,NULL,514,NULL),(1076,'party_group',0,'蔡庄镇罗庄村党支部',NULL,NULL,515,NULL),(1077,'party_group',0,'蔡庄镇鹿村党支部',NULL,NULL,516,NULL),(1078,'party_group',0,'蔡庄镇北孟村党支部',NULL,NULL,517,NULL),(1079,'party_group',0,'蔡庄镇尚庄村党支部',NULL,NULL,518,NULL),(1080,'party_group',0,'庄头镇马家村党支部',NULL,NULL,519,NULL),(1081,'party_group',0,'蔡庄镇水台村党支部',NULL,NULL,520,NULL),(1082,'party_group',0,'蔡庄镇高庄村党支部',NULL,NULL,521,NULL),(1083,'party_group',0,'蔡庄镇吕庄村党支部',NULL,NULL,522,NULL),(1084,'party_group',0,'蔡庄镇前王村党支部',NULL,NULL,523,NULL),(1085,'party_group',0,'蔡庄镇貊寨村党支部',NULL,NULL,524,NULL),(1086,'party_group',0,'蔡庄镇东街村党支部',NULL,NULL,525,NULL),(1087,'party_group',0,'蔡庄镇西街村党支部',NULL,NULL,526,NULL),(1088,'party_group',0,'蔡庄镇大新庄村党支部',NULL,NULL,527,NULL),(1089,'party_group',0,'蔡庄镇宋庄村党支部',NULL,NULL,528,NULL),(1090,'party_group',0,'蔡庄镇泥张村党支部',NULL,NULL,529,NULL),(1091,'party_group',0,'蔡庄镇湾孙村党支部',NULL,NULL,530,NULL),(1092,'party_group',0,'蔡庄镇大朱村党支部',NULL,NULL,531,NULL),(1093,'party_group',0,'蔡庄镇香王村党支部',NULL,NULL,532,NULL),(1094,'party_group',0,'蔡庄镇胡新庄村党支部',NULL,NULL,533,NULL),(1095,'party_group',0,'蔡庄镇瑶台村党支部',NULL,NULL,534,NULL),(1096,'party_group',0,'蔡庄镇舍茶岗村党支部',NULL,NULL,535,NULL),(1097,'party_group',0,'蔡庄镇孟楼村党支部',NULL,NULL,536,NULL),(1098,'party_group',0,'蔡庄镇蛮杨村党支部',NULL,NULL,537,NULL),(1099,'party_group',0,'蔡庄镇东安头村党支部',NULL,NULL,538,NULL),(1100,'party_group',0,'蔡庄镇西安头村党支部',NULL,NULL,539,NULL),(1101,'party_group',0,'蔡庄镇刘庄村党支部',NULL,NULL,540,NULL),(1102,'party_group',0,'蔡庄镇隗村党支部',NULL,NULL,541,NULL),(1103,'party_group',0,'蔡庄镇马湾村党支部',NULL,NULL,542,NULL),(1104,'party_group',0,'蔡庄镇高庙寨村党支部',NULL,NULL,543,NULL),(1105,'party_group',0,'蔡庄镇郭庄村党支部',NULL,NULL,544,NULL),(1106,'party_group',0,'小寨村党支部',NULL,NULL,545,NULL),(1107,'party_group',0,'石潭村党支部',NULL,NULL,546,NULL),(1108,'party_group',0,'前大庄村党支部',NULL,NULL,547,NULL),(1109,'party_group',0,'张市村党支部',NULL,NULL,548,NULL),(1110,'party_group',0,'坡庄村党支部',NULL,NULL,549,NULL),(1111,'party_group',0,'后大庄村党支部',NULL,NULL,550,NULL),(1112,'party_group',0,'吴岗村党支部',NULL,NULL,551,NULL),(1113,'party_group',0,'老集村党支部',NULL,NULL,552,NULL),(1114,'party_group',0,'王老村党支部',NULL,NULL,553,NULL),(1115,'party_group',0,'陆口村党支部',NULL,NULL,554,NULL),(1116,'party_group',0,'孔庄村党支部',NULL,NULL,555,NULL),(1117,'party_group',0,'刘庄村党支部',NULL,NULL,556,NULL),(1118,'party_group',0,'崔庄村党支部',NULL,NULL,557,NULL),(1119,'party_group',0,'尹庄村党支部',NULL,NULL,558,NULL),(1120,'party_group',0,'边岗村党支部',NULL,NULL,559,NULL),(1121,'party_group',0,'郭家村党支部',NULL,NULL,560,NULL),(1122,'party_group',0,'南谢村党支部',NULL,NULL,561,NULL),(1123,'party_group',0,'北谢村党支部',NULL,NULL,562,NULL),(1124,'party_group',0,'郑岗村党支部',NULL,NULL,563,NULL),(1125,'party_group',0,'东万村党支部',NULL,NULL,564,NULL),(1126,'party_group',0,'西万村党支部',NULL,NULL,565,NULL),(1127,'party_group',0,'沈家村党支部',NULL,NULL,566,NULL),(1128,'party_group',0,'沙门村党支部',NULL,NULL,567,NULL),(1129,'party_group',0,'冯岗村党支部',NULL,NULL,568,NULL),(1130,'party_group',0,'高庄村党支部',NULL,NULL,569,NULL),(1134,NULL,-1,NULL,NULL,NULL,NULL,NULL),(1135,'person',0,'sx','2016-02-28 13:17:23',NULL,-2,NULL),(1136,'person',0,'sdfg','2016-02-28 15:45:19',NULL,-2,NULL),(1137,'person',0,'aaa','2016-02-28 15:47:01',NULL,-2,NULL),(1138,'person',0,'vvvd','2016-02-28 15:49:46',NULL,-2,NULL),(1139,'person',0,'瓜瓜','2016-02-29 17:13:22',NULL,-2,NULL),(1140,'person',0,'系大大','2016-02-29 17:15:37',NULL,-2,NULL),(1142,'party_group',0,'发改委党委','2016-03-03 00:01:20',NULL,-2,NULL),(1143,'party_group',0,'水利局党委','2016-03-03 00:07:12',NULL,-2,NULL),(1144,'party_group',0,'公安局党委','2016-03-03 00:07:31',NULL,-2,NULL),(1145,'party_group',0,'供电局党委','2016-03-03 00:07:47',NULL,-2,NULL),(1146,'party_group',0,'商务局党委','2016-03-03 00:08:00',NULL,-2,NULL),(1147,'party_group',0,'粮食局党委','2016-03-03 00:08:11',NULL,-2,NULL),(1148,'party_group',0,'农业局党委','2016-03-03 00:08:29',NULL,-2,NULL),(1149,'party_group',0,'住建局党委','2016-03-03 00:08:42',NULL,-2,NULL),(1150,'party_group',0,'卫生局党委','2016-03-03 00:08:55',NULL,-2,NULL),(1151,'party_group',0,'人社局党委','2016-03-03 00:09:06',NULL,-2,NULL),(1152,'party_group',0,'交通局党委','2016-03-03 00:09:24',NULL,-2,NULL),(1153,'party_group',0,'教体局党委','2016-03-03 00:09:33',NULL,-2,NULL),(1154,'party_group',0,'发改委机关党支部','2016-03-03 00:13:31',NULL,-2,NULL),(1155,'party_group',0,'公安局户政大厅党支部','2016-03-03 00:14:07',NULL,-2,NULL),(1156,'party_group',0,'公安局出入境接待大厅党支部','2016-03-03 00:14:26',NULL,-2,NULL),(1157,'party_group',0,'车管所党支部','2016-03-03 00:14:57',NULL,-2,NULL),(1158,'party_group',0,'劳动就业服务中心党支部','2016-03-03 00:15:25',NULL,-2,NULL),(1159,'party_group',0,'企业养老保险局党支部','2016-03-03 00:15:44',NULL,-2,NULL),(1160,'party_group',0,'机关事业养老保险中心党支部','2016-03-03 00:15:56',NULL,-2,NULL),(1161,'party_group',0,'社会医疗保险中心党支部','2016-03-03 00:16:13',NULL,-2,NULL),(1162,'party_group',0,'人口计生委党支部','2016-03-03 00:16:55',NULL,-2,NULL),(1163,'party_group',0,'新型农村合作医疗服务中心党支部','2016-03-03 00:17:06',NULL,-2,NULL),(1164,'party_group',0,'县直工委','2016-03-03 00:18:08',NULL,-2,NULL),(1165,'party_group',0,'财政局党支部','2016-03-03 00:21:57',NULL,-2,NULL),(1166,'person',0,'张奇','2016-03-03 00:24:05',NULL,-2,NULL),(1167,'party_group',0,'机关事业养老保险中心','2016-03-07 17:43:16',NULL,10,NULL),(1168,'party_group',0,'残联','2016-03-13 13:04:14',NULL,10,NULL),(1169,'person',0,'龙骑','2016-03-14 16:14:28',NULL,12,NULL),(1170,'person',0,'瓜瓜','2016-03-14 21:29:11',NULL,12,NULL),(1171,'person',0,'牛牛','2016-03-14 21:32:36',NULL,12,NULL),(1172,'person',0,'刘亦菲','2016-03-16 17:33:42',NULL,-2,NULL),(1173,'person',0,'黄晓明','2016-03-16 17:58:29',NULL,-2,NULL),(1174,'person',0,'柳儿','2016-03-21 19:59:57',NULL,-2,NULL),(1175,'person',0,'李启珍','2016-03-21 20:01:20',NULL,-2,NULL),(1176,'person',0,'杨颖','2016-03-21 21:07:49',NULL,-2,NULL),(1177,'party_group',0,'机关事业养老保险中心','2016-03-22 23:40:50',NULL,-2,NULL);
/*!40000 ALTER TABLE `party` ENABLE KEYS */;
UNLOCK TABLES;

--
-- Table structure for table `party_group`
--

DROP TABLE IF EXISTS `party_group`;
/*!40101 SET @saved_cs_client     = @@character_set_client */;
/*!40101 SET character_set_client = utf8 */;
CREATE TABLE `party_group` (
  `pg_id` bigint(20) NOT NULL AUTO_INCREMENT,
  `party_id` bigint(20) DEFAULT NULL,
  `group_name` varchar(50) DEFAULT NULL,
  `pinyin_name` varchar(50) DEFAULT NULL,
  `num_employees` int(11) DEFAULT NULL,
  `address` mediumtext,
  `phone` varchar(20) DEFAULT NULL,
  `created_time` datetime DEFAULT NULL,
  `last_updated_time` datetime DEFAULT NULL,
  `created_by_user` bigint(20) DEFAULT NULL,
  `last_updated_by_user` bigint(20) DEFAULT NULL,
  PRIMARY KEY (`pg_id`),
  KEY `FK_jr3` (`party_id`),
  CONSTRAINT `FK_jr3` FOREIGN KEY (`party_id`) REFERENCES `party` (`party_id`)
) ENGINE=InnoDB AUTO_INCREMENT=1247 DEFAULT CHARSET=utf8;
/*!40101 SET character_set_client = @saved_cs_client */;

--
-- Dumping data for table `party_group`
--

LOCK TABLES `party_group` WRITE;
/*!40000 ALTER TABLE `party_group` DISABLE KEYS */;
INSERT INTO `party_group` VALUES (1,1,'尉氏县','wsx',NULL,'尉氏县','',NULL,'2016-02-18 00:28:36',NULL,-2),(2,2,'尉氏县党委','wsxdw',100,'尉氏县党委','123114',NULL,'2016-02-18 00:28:43',NULL,-2),(6,8,'产业聚集区',NULL,NULL,NULL,NULL,NULL,NULL,NULL,NULL),(7,9,'十八里镇',NULL,NULL,NULL,NULL,NULL,NULL,NULL,NULL),(8,10,'南曹乡',NULL,NULL,NULL,NULL,NULL,NULL,NULL,NULL),(9,11,'城关镇',NULL,NULL,NULL,NULL,NULL,NULL,NULL,NULL),(10,12,'大桥乡',NULL,NULL,NULL,NULL,NULL,NULL,NULL,NULL),(12,14,'大营镇',NULL,NULL,NULL,NULL,NULL,NULL,NULL,NULL),(13,15,'大马乡',NULL,NULL,NULL,NULL,NULL,NULL,NULL,NULL),(14,16,'小陈乡',NULL,NULL,NULL,NULL,NULL,NULL,NULL,NULL),(15,17,'岗李乡',NULL,NULL,NULL,NULL,NULL,NULL,NULL,NULL),(16,18,'庄头镇',NULL,NULL,NULL,NULL,NULL,NULL,NULL,NULL),(17,19,'张市镇',NULL,NULL,NULL,NULL,NULL,NULL,NULL,NULL),(18,20,'新尉园区',NULL,NULL,NULL,NULL,NULL,NULL,NULL,NULL),(19,21,'朱曲镇',NULL,NULL,NULL,NULL,NULL,NULL,NULL,NULL),(20,22,'水坡镇',NULL,NULL,NULL,NULL,NULL,NULL,NULL,NULL),(21,23,'永兴镇',NULL,NULL,NULL,NULL,NULL,NULL,NULL,NULL),(22,24,'洧川镇',NULL,NULL,NULL,NULL,NULL,NULL,NULL,NULL),(23,25,'蔡庄镇',NULL,NULL,NULL,NULL,NULL,NULL,NULL,NULL),(24,26,'邢庄乡',NULL,NULL,NULL,NULL,NULL,NULL,NULL,NULL),(25,27,'门楼任乡',NULL,NULL,NULL,NULL,NULL,NULL,NULL,NULL),(37,39,'七里头村',NULL,NULL,NULL,NULL,NULL,NULL,NULL,NULL),(38,40,'尹庄村',NULL,NULL,NULL,NULL,NULL,NULL,NULL,NULL),(39,41,'芦馆村',NULL,NULL,NULL,NULL,NULL,NULL,NULL,NULL),(41,43,'梅庄社区',NULL,NULL,NULL,NULL,NULL,NULL,NULL,NULL),(42,44,'席苏村',NULL,NULL,NULL,NULL,NULL,NULL,NULL,NULL),(43,45,'郝寺村',NULL,NULL,NULL,NULL,NULL,NULL,NULL,NULL),(44,46,'坡徐村',NULL,NULL,NULL,NULL,NULL,NULL,NULL,NULL),(45,47,'张寨村',NULL,NULL,NULL,NULL,NULL,NULL,NULL,NULL),(46,48,'要家村',NULL,NULL,NULL,NULL,NULL,NULL,NULL,NULL),(47,49,'牛集村',NULL,NULL,NULL,NULL,NULL,NULL,NULL,NULL),(48,50,'寄庄王村',NULL,NULL,NULL,NULL,NULL,NULL,NULL,NULL),(49,51,'小西门社区',NULL,NULL,NULL,NULL,NULL,NULL,NULL,NULL),(50,52,'寺前张社区',NULL,NULL,NULL,NULL,NULL,NULL,NULL,NULL),(51,53,'南闹店村',NULL,NULL,NULL,NULL,NULL,NULL,NULL,NULL),(52,54,'小营村',NULL,NULL,NULL,NULL,NULL,NULL,NULL,NULL),(53,55,'马庙村',NULL,NULL,NULL,NULL,NULL,NULL,NULL,NULL),(54,56,'前滹沱村',NULL,NULL,NULL,NULL,NULL,NULL,NULL,NULL),(55,57,'东街村',NULL,NULL,NULL,NULL,NULL,NULL,NULL,NULL),(56,58,'西街村',NULL,NULL,NULL,NULL,NULL,NULL,NULL,NULL),(57,59,'小东门社区',NULL,NULL,NULL,NULL,NULL,NULL,NULL,NULL),(58,60,'斗虎营社区',NULL,NULL,NULL,NULL,NULL,NULL,NULL,NULL),(59,61,'鳌头吕村',NULL,NULL,NULL,NULL,NULL,NULL,NULL,NULL),(60,62,'三李村',NULL,NULL,NULL,NULL,NULL,NULL,NULL,NULL),(61,63,'邢庄村',NULL,NULL,NULL,NULL,NULL,NULL,NULL,NULL),(62,64,'芦墓张村',NULL,NULL,NULL,NULL,NULL,NULL,NULL,NULL),(63,65,'朱曲镇东街村',NULL,NULL,NULL,NULL,NULL,NULL,NULL,NULL),(64,66,'蜜蜂赵村',NULL,NULL,NULL,NULL,NULL,NULL,NULL,NULL),(65,67,'董庄村',NULL,NULL,NULL,NULL,NULL,NULL,NULL,NULL),(66,68,'韩庄村',NULL,NULL,NULL,NULL,NULL,NULL,NULL,NULL),(67,69,'葛庄村',NULL,NULL,NULL,NULL,NULL,NULL,NULL,NULL),(68,70,'尚村',NULL,NULL,NULL,NULL,NULL,NULL,NULL,NULL),(69,71,'史庄村',NULL,NULL,NULL,NULL,NULL,NULL,NULL,NULL),(70,72,'北丁庄村',NULL,NULL,NULL,NULL,NULL,NULL,NULL,NULL),(71,73,'郭佛村',NULL,NULL,NULL,NULL,NULL,NULL,NULL,NULL),(72,74,'安庄村',NULL,NULL,NULL,NULL,NULL,NULL,NULL,NULL),(73,75,'芦馆村',NULL,NULL,NULL,NULL,NULL,NULL,NULL,NULL),(74,76,'芦馆村',NULL,NULL,NULL,NULL,NULL,NULL,NULL,NULL),(75,77,'屈楼村',NULL,NULL,NULL,NULL,NULL,NULL,NULL,NULL),(76,78,'水黄村',NULL,NULL,NULL,NULL,NULL,NULL,NULL,NULL),(77,79,'烧酒胡村',NULL,NULL,NULL,NULL,NULL,NULL,NULL,NULL),(78,80,'明家村',NULL,NULL,NULL,NULL,NULL,NULL,NULL,NULL),(79,81,'付李庄村',NULL,NULL,NULL,NULL,NULL,NULL,NULL,NULL),(80,82,'大庙杨村',NULL,NULL,NULL,NULL,NULL,NULL,NULL,NULL),(81,83,'赵庄村',NULL,NULL,NULL,NULL,NULL,NULL,NULL,NULL),(82,84,'拐杨村',NULL,NULL,NULL,NULL,NULL,NULL,NULL,NULL),(83,85,'簸箕任村',NULL,NULL,NULL,NULL,NULL,NULL,NULL,NULL),(84,86,'岳家村',NULL,NULL,NULL,NULL,NULL,NULL,NULL,NULL),(85,87,'雷家村',NULL,NULL,NULL,NULL,NULL,NULL,NULL,NULL),(86,88,'郭新庄村',NULL,NULL,NULL,NULL,NULL,NULL,NULL,NULL),(87,89,'甄家村',NULL,NULL,NULL,NULL,NULL,NULL,NULL,NULL),(88,90,'王响村',NULL,NULL,NULL,NULL,NULL,NULL,NULL,NULL),(89,91,'新庄村',NULL,NULL,NULL,NULL,NULL,NULL,NULL,NULL),(90,92,'大桥村',NULL,NULL,NULL,NULL,NULL,NULL,NULL,NULL),(91,93,'大李庄村',NULL,NULL,NULL,NULL,NULL,NULL,NULL,NULL),(92,94,'马庄村',NULL,NULL,NULL,NULL,NULL,NULL,NULL,NULL),(93,95,'许庄村',NULL,NULL,NULL,NULL,NULL,NULL,NULL,NULL),(94,96,'崔家村',NULL,NULL,NULL,NULL,NULL,NULL,NULL,NULL),(95,97,'孔家村',NULL,NULL,NULL,NULL,NULL,NULL,NULL,NULL),(96,98,'要井村',NULL,NULL,NULL,NULL,NULL,NULL,NULL,NULL),(97,99,'岗东村',NULL,NULL,NULL,NULL,NULL,NULL,NULL,NULL),(98,100,'大路王村',NULL,NULL,NULL,NULL,NULL,NULL,NULL,NULL),(99,101,'大苏村',NULL,NULL,NULL,NULL,NULL,NULL,NULL,NULL),(100,102,'冯村',NULL,NULL,NULL,NULL,NULL,NULL,NULL,NULL),(101,103,'河湾要村',NULL,NULL,NULL,NULL,NULL,NULL,NULL,NULL),(102,104,'大槐树村',NULL,NULL,NULL,NULL,NULL,NULL,NULL,NULL),(103,105,'通院村',NULL,NULL,NULL,NULL,NULL,NULL,NULL,NULL),(104,106,'岗刘村',NULL,NULL,NULL,NULL,NULL,NULL,NULL,NULL),(105,107,'麦仁店村',NULL,NULL,NULL,NULL,NULL,NULL,NULL,NULL),(106,108,'周庄村',NULL,NULL,NULL,NULL,NULL,NULL,NULL,NULL),(107,109,'新刘庄村',NULL,NULL,NULL,NULL,NULL,NULL,NULL,NULL),(108,110,'常王村',NULL,NULL,NULL,NULL,NULL,NULL,NULL,NULL),(109,111,'十里铺村',NULL,NULL,NULL,NULL,NULL,NULL,NULL,NULL),(110,112,'碾陈村',NULL,NULL,NULL,NULL,NULL,NULL,NULL,NULL),(111,113,'湾里马村',NULL,NULL,NULL,NULL,NULL,NULL,NULL,NULL),(112,114,'老鸦刘村',NULL,NULL,NULL,NULL,NULL,NULL,NULL,NULL),(113,115,'英内村',NULL,NULL,NULL,NULL,NULL,NULL,NULL,NULL),(114,116,'英外村',NULL,NULL,NULL,NULL,NULL,NULL,NULL,NULL),(115,117,'鲁湾村',NULL,NULL,NULL,NULL,NULL,NULL,NULL,NULL),(116,118,'花桥刘村',NULL,NULL,NULL,NULL,NULL,NULL,NULL,NULL),(117,119,'许寨村',NULL,NULL,NULL,NULL,NULL,NULL,NULL,NULL),(118,120,'董庄村',NULL,NULL,NULL,NULL,NULL,NULL,NULL,NULL),(119,121,'四合村',NULL,NULL,NULL,NULL,NULL,NULL,NULL,NULL),(120,122,'仓李村',NULL,NULL,NULL,NULL,NULL,NULL,NULL,NULL),(121,123,'仓刘村',NULL,NULL,NULL,NULL,NULL,NULL,NULL,NULL),(122,124,'南街村',NULL,NULL,NULL,NULL,NULL,NULL,NULL,NULL),(123,125,'北街村',NULL,NULL,NULL,NULL,NULL,NULL,NULL,NULL),(124,126,'北关村',NULL,NULL,NULL,NULL,NULL,NULL,NULL,NULL),(125,127,'枣陈村',NULL,NULL,NULL,NULL,NULL,NULL,NULL,NULL),(126,128,'丁庄村',NULL,NULL,NULL,NULL,NULL,NULL,NULL,NULL),(127,129,'纸坊村',NULL,NULL,NULL,NULL,NULL,NULL,NULL,NULL),(128,130,'王庄村',NULL,NULL,NULL,NULL,NULL,NULL,NULL,NULL),(129,131,'湾里河村',NULL,NULL,NULL,NULL,NULL,NULL,NULL,NULL),(130,132,'翟胡同村',NULL,NULL,NULL,NULL,NULL,NULL,NULL,NULL),(131,133,'陈庄村',NULL,NULL,NULL,NULL,NULL,NULL,NULL,NULL),(132,134,'宋庄村',NULL,NULL,NULL,NULL,NULL,NULL,NULL,NULL),(133,135,'朱曲镇西街村',NULL,NULL,NULL,NULL,NULL,NULL,NULL,NULL),(134,136,'朱曲镇周寨村',NULL,NULL,NULL,NULL,NULL,NULL,NULL,NULL),(135,137,'仝庄村',NULL,NULL,NULL,NULL,NULL,NULL,NULL,NULL),(136,138,'沙沃村',NULL,NULL,NULL,NULL,NULL,NULL,NULL,NULL),(137,139,'过庄村',NULL,NULL,NULL,NULL,NULL,NULL,NULL,NULL),(138,140,'养马寨村',NULL,NULL,NULL,NULL,NULL,NULL,NULL,NULL),(139,141,'刘春桃村',NULL,NULL,NULL,NULL,NULL,NULL,NULL,NULL),(140,142,'桑树庙村',NULL,NULL,NULL,NULL,NULL,NULL,NULL,NULL),(141,143,'张庄村',NULL,NULL,NULL,NULL,NULL,NULL,NULL,NULL),(142,144,'老庄王村',NULL,NULL,NULL,NULL,NULL,NULL,NULL,NULL),(143,145,'东三赵村',NULL,NULL,NULL,NULL,NULL,NULL,NULL,NULL),(144,146,'中三赵村',NULL,NULL,NULL,NULL,NULL,NULL,NULL,NULL),(145,147,'西三赵村',NULL,NULL,NULL,NULL,NULL,NULL,NULL,NULL),(146,148,'湾李村',NULL,NULL,NULL,NULL,NULL,NULL,NULL,NULL),(147,149,'关庄村',NULL,NULL,NULL,NULL,NULL,NULL,NULL,NULL),(148,150,'裴寨村',NULL,NULL,NULL,NULL,NULL,NULL,NULL,NULL),(149,151,'花村铺村',NULL,NULL,'sss','',NULL,NULL,NULL,NULL),(150,152,'七里河村',NULL,NULL,NULL,NULL,NULL,NULL,NULL,NULL),(151,153,'姜庄村',NULL,NULL,NULL,NULL,NULL,NULL,NULL,NULL),(152,154,'南街社区',NULL,NULL,NULL,NULL,NULL,NULL,NULL,NULL),(153,155,'大西门社区',NULL,NULL,NULL,NULL,NULL,NULL,NULL,NULL),(154,156,'南台社区',NULL,NULL,NULL,NULL,NULL,NULL,NULL,NULL),(155,157,'寺前刘社区',NULL,NULL,NULL,NULL,NULL,NULL,NULL,NULL),(156,158,'要庄社区',NULL,NULL,NULL,NULL,NULL,NULL,NULL,NULL),(157,159,'后滹沱村',NULL,NULL,NULL,NULL,NULL,NULL,NULL,NULL),(158,160,'苏堂村',NULL,NULL,NULL,NULL,NULL,NULL,NULL,NULL),(159,161,'催湾村',NULL,NULL,NULL,NULL,NULL,NULL,NULL,NULL),(160,162,'刘庄村',NULL,NULL,NULL,NULL,NULL,NULL,NULL,NULL),(161,163,'赵岗村',NULL,NULL,NULL,NULL,NULL,NULL,NULL,NULL),(162,164,'营孜村',NULL,NULL,NULL,NULL,NULL,NULL,NULL,NULL),(163,165,'二郎庙村',NULL,NULL,NULL,NULL,NULL,NULL,NULL,NULL),(164,166,'孟家村',NULL,NULL,NULL,NULL,NULL,NULL,NULL,NULL),(165,167,'蔡庄村',NULL,NULL,NULL,NULL,NULL,NULL,NULL,NULL),(166,168,'锦被岗村',NULL,NULL,NULL,NULL,NULL,NULL,NULL,NULL),(167,169,'申庄村',NULL,NULL,NULL,NULL,NULL,NULL,NULL,NULL),(168,170,'十八里村',NULL,NULL,NULL,NULL,NULL,NULL,NULL,NULL),(169,171,'武家村',NULL,NULL,NULL,NULL,NULL,NULL,NULL,NULL),(170,172,'金针村',NULL,NULL,NULL,NULL,NULL,NULL,NULL,NULL),(171,173,'伏尚村',NULL,NULL,NULL,NULL,NULL,NULL,NULL,NULL),(172,174,'巩家村',NULL,NULL,NULL,NULL,NULL,NULL,NULL,NULL),(173,175,'会庄村',NULL,NULL,NULL,NULL,NULL,NULL,NULL,NULL),(174,176,'赵庄村',NULL,NULL,NULL,NULL,NULL,NULL,NULL,NULL),(175,177,'崔湾村',NULL,NULL,NULL,NULL,NULL,NULL,NULL,NULL),(176,178,'万寺村',NULL,NULL,NULL,NULL,NULL,NULL,NULL,NULL),(177,179,'孟家村',NULL,NULL,NULL,NULL,NULL,NULL,NULL,NULL),(178,180,'凡家村',NULL,NULL,NULL,NULL,NULL,NULL,NULL,NULL),(179,181,'黎寺村',NULL,NULL,NULL,NULL,NULL,NULL,NULL,NULL),(180,182,'牛庄村',NULL,NULL,NULL,NULL,NULL,NULL,NULL,NULL),(181,183,'江刘庄村',NULL,NULL,NULL,NULL,NULL,NULL,NULL,NULL),(182,184,'邓家村',NULL,NULL,NULL,NULL,NULL,NULL,NULL,NULL),(183,185,'周庄村',NULL,NULL,NULL,NULL,NULL,NULL,NULL,NULL),(184,186,'王杜庄村',NULL,NULL,NULL,NULL,NULL,NULL,NULL,NULL),(185,187,'丁家村',NULL,NULL,NULL,NULL,NULL,NULL,NULL,NULL),(186,188,'石槽李村',NULL,NULL,NULL,NULL,NULL,NULL,NULL,NULL),(187,189,'大王货村',NULL,NULL,NULL,NULL,NULL,NULL,NULL,NULL),(188,190,'新代庄村',NULL,NULL,NULL,NULL,NULL,NULL,NULL,NULL),(189,191,'小王货村',NULL,NULL,NULL,NULL,NULL,NULL,NULL,NULL),(190,192,'杨店村',NULL,NULL,NULL,NULL,NULL,NULL,NULL,NULL),(191,193,'郑庄村',NULL,NULL,NULL,NULL,NULL,NULL,NULL,NULL),(192,194,'刘合集村',NULL,NULL,NULL,NULL,NULL,NULL,NULL,NULL),(193,195,'申刘村',NULL,NULL,NULL,NULL,NULL,NULL,NULL,NULL),(194,196,'田庄村',NULL,NULL,NULL,NULL,NULL,NULL,NULL,NULL),(195,197,'段庄村',NULL,NULL,NULL,NULL,NULL,NULL,NULL,NULL),(196,198,'后双庙村',NULL,NULL,NULL,NULL,NULL,NULL,NULL,NULL),(197,199,'何楼村',NULL,NULL,NULL,NULL,NULL,NULL,NULL,NULL),(198,200,'朱曲镇小寨村',NULL,NULL,NULL,NULL,NULL,NULL,NULL,NULL),(199,201,'石庄村',NULL,NULL,NULL,NULL,NULL,NULL,NULL,NULL),(200,202,'庞庄村',NULL,NULL,NULL,NULL,NULL,NULL,NULL,NULL),(201,203,'朱曲镇菜李村',NULL,NULL,NULL,NULL,NULL,NULL,NULL,NULL),(202,204,'庄头村',NULL,NULL,NULL,NULL,NULL,NULL,NULL,NULL),(203,205,'王庄村',NULL,NULL,NULL,NULL,NULL,NULL,NULL,NULL),(204,206,'岗李村',NULL,NULL,NULL,NULL,NULL,NULL,NULL,NULL),(205,207,'袁楼村',NULL,NULL,NULL,NULL,NULL,NULL,NULL,NULL),(206,208,'朱曲镇五村',NULL,NULL,NULL,NULL,NULL,NULL,NULL,NULL),(207,209,'任庄村',NULL,NULL,NULL,NULL,NULL,NULL,NULL,NULL),(208,210,'朱曲镇北街村',NULL,NULL,NULL,NULL,NULL,NULL,NULL,NULL),(209,211,'水坡镇李牧庄村',NULL,NULL,NULL,NULL,NULL,NULL,NULL,NULL),(210,212,'水坡镇南玮坞村',NULL,NULL,NULL,NULL,NULL,NULL,NULL,NULL),(211,213,'冯庄村',NULL,NULL,NULL,NULL,NULL,NULL,NULL,NULL),(212,214,'水坡镇北玮坞村',NULL,NULL,NULL,NULL,NULL,NULL,NULL,NULL),(213,215,'水坡镇西水坡村',NULL,NULL,NULL,NULL,NULL,NULL,NULL,NULL),(214,216,'水坡镇老李村',NULL,NULL,NULL,NULL,NULL,NULL,NULL,NULL),(215,217,'水坡镇西杨村',NULL,NULL,NULL,NULL,NULL,NULL,NULL,NULL),(216,218,'水坡镇肖庄村',NULL,NULL,NULL,NULL,NULL,NULL,NULL,NULL),(217,219,'花李村',NULL,NULL,NULL,NULL,NULL,NULL,NULL,NULL),(218,220,'水坡镇北闹店村',NULL,NULL,NULL,NULL,NULL,NULL,NULL,NULL),(219,221,'水坡镇贾寨村',NULL,NULL,NULL,NULL,NULL,NULL,NULL,NULL),(220,222,'水坡镇齐岗村',NULL,NULL,NULL,NULL,NULL,NULL,NULL,NULL),(221,223,'水坡镇李寨村',NULL,NULL,NULL,NULL,NULL,NULL,NULL,NULL),(222,224,'歇马营村',NULL,NULL,NULL,NULL,NULL,NULL,NULL,NULL),(223,225,'水坡镇双河府村',NULL,NULL,NULL,NULL,NULL,NULL,NULL,NULL),(224,226,'水坡镇苏桥村',NULL,NULL,NULL,NULL,NULL,NULL,NULL,NULL),(225,227,'水坡镇马庄村',NULL,NULL,NULL,NULL,NULL,NULL,NULL,NULL),(226,228,'水坡镇冉庄村',NULL,NULL,NULL,NULL,NULL,NULL,NULL,NULL),(227,229,'水坡镇霍寨村',NULL,NULL,NULL,NULL,NULL,NULL,NULL,NULL),(228,230,'水坡镇东水坡村',NULL,NULL,NULL,NULL,NULL,NULL,NULL,NULL),(229,231,'水坡镇朱岗村',NULL,NULL,NULL,NULL,NULL,NULL,NULL,NULL),(230,232,'大马乡大马村',NULL,NULL,NULL,NULL,NULL,NULL,NULL,NULL),(231,233,'朱曲镇黄湖村',NULL,NULL,NULL,NULL,NULL,NULL,NULL,NULL),(232,234,'朱曲镇苗庄村',NULL,NULL,NULL,NULL,NULL,NULL,NULL,NULL),(233,235,'后孙村',NULL,NULL,NULL,NULL,NULL,NULL,NULL,NULL),(234,236,'朱曲镇石桥村',NULL,NULL,NULL,NULL,NULL,NULL,NULL,NULL),(235,237,'芦医庙村',NULL,NULL,NULL,NULL,NULL,NULL,NULL,NULL),(236,238,'吕家村',NULL,NULL,NULL,NULL,NULL,NULL,NULL,NULL),(237,239,'南曹村',NULL,NULL,NULL,NULL,NULL,NULL,NULL,NULL),(238,240,'小陈村',NULL,NULL,NULL,NULL,NULL,NULL,NULL,NULL),(239,241,'枣朱村',NULL,NULL,NULL,NULL,NULL,NULL,NULL,NULL),(240,242,'尚王村',NULL,NULL,NULL,NULL,NULL,NULL,NULL,NULL),(241,243,'朱曲镇东街村',NULL,NULL,NULL,NULL,NULL,NULL,NULL,NULL),(242,244,'祥符张村',NULL,NULL,NULL,NULL,NULL,NULL,NULL,NULL),(243,245,'椅圈马村',NULL,NULL,NULL,NULL,NULL,NULL,NULL,NULL),(244,246,'陈村',NULL,NULL,NULL,NULL,NULL,NULL,NULL,NULL),(245,247,'朱曲镇菜张村',NULL,NULL,NULL,NULL,NULL,NULL,NULL,NULL),(246,248,'东凡村',NULL,NULL,NULL,NULL,NULL,NULL,NULL,NULL),(247,249,'岗陆村',NULL,NULL,NULL,NULL,NULL,NULL,NULL,NULL),(248,250,'前孙村',NULL,NULL,NULL,NULL,NULL,NULL,NULL,NULL),(249,251,'荣村',NULL,NULL,NULL,NULL,NULL,NULL,NULL,NULL),(250,252,'高寨村',NULL,NULL,NULL,NULL,NULL,NULL,NULL,NULL),(251,253,'水坡镇仝家村',NULL,NULL,NULL,NULL,NULL,NULL,NULL,NULL),(252,254,'水坡镇瓦岗村',NULL,NULL,NULL,NULL,NULL,NULL,NULL,NULL),(253,255,'北曹村',NULL,NULL,NULL,NULL,NULL,NULL,NULL,NULL),(254,256,'玉陈村',NULL,NULL,NULL,NULL,NULL,NULL,NULL,NULL),(255,257,'代庄村',NULL,NULL,NULL,NULL,NULL,NULL,NULL,NULL),(256,258,'高家村',NULL,NULL,NULL,NULL,NULL,NULL,NULL,NULL),(257,259,'窝沈村',NULL,NULL,NULL,NULL,NULL,NULL,NULL,NULL),(258,260,'后张铁村',NULL,NULL,NULL,NULL,NULL,NULL,NULL,NULL),(259,261,'寺下沈村',NULL,NULL,NULL,NULL,NULL,NULL,NULL,NULL),(260,262,'前张铁村',NULL,NULL,NULL,NULL,NULL,NULL,NULL,NULL),(261,263,'孙庄村',NULL,NULL,NULL,NULL,NULL,NULL,NULL,NULL),(262,264,'柴村',NULL,NULL,NULL,NULL,NULL,NULL,NULL,NULL),(263,265,'靳村',NULL,NULL,NULL,NULL,NULL,NULL,NULL,NULL),(264,266,'张同府村',NULL,NULL,NULL,NULL,NULL,NULL,NULL,NULL),(265,267,'蒋沟村',NULL,NULL,NULL,NULL,NULL,NULL,NULL,NULL),(266,268,'路庄村',NULL,NULL,NULL,NULL,NULL,NULL,NULL,NULL),(267,269,'小寺村',NULL,NULL,NULL,NULL,NULL,NULL,NULL,NULL),(268,270,'孙家村',NULL,NULL,NULL,NULL,NULL,NULL,NULL,NULL),(269,271,'周庄村',NULL,NULL,NULL,NULL,NULL,NULL,NULL,NULL),(270,272,'郝家村',NULL,NULL,NULL,NULL,NULL,NULL,NULL,NULL),(271,273,'朱坡村',NULL,NULL,NULL,NULL,NULL,NULL,NULL,NULL),(272,274,'寨黄村',NULL,NULL,NULL,NULL,NULL,NULL,NULL,NULL),(273,275,'砖楼村',NULL,NULL,NULL,NULL,NULL,NULL,NULL,NULL),(274,276,'许家村',NULL,NULL,NULL,NULL,NULL,NULL,NULL,NULL),(275,277,'肖庄',NULL,NULL,NULL,NULL,NULL,NULL,NULL,NULL),(276,278,'史家村',NULL,NULL,NULL,NULL,NULL,NULL,NULL,NULL),(277,279,'马庄村',NULL,NULL,NULL,NULL,NULL,NULL,NULL,NULL),(278,280,'五间房李村',NULL,NULL,NULL,NULL,NULL,NULL,NULL,NULL),(279,281,'檀头高村',NULL,NULL,NULL,NULL,NULL,NULL,NULL,NULL),(280,282,'丁香李村',NULL,NULL,NULL,NULL,NULL,NULL,NULL,NULL),(281,283,'祝家村',NULL,NULL,NULL,NULL,NULL,NULL,NULL,NULL),(282,284,'东郎村',NULL,NULL,NULL,NULL,NULL,NULL,NULL,NULL),(283,285,'袁庄村',NULL,NULL,NULL,NULL,NULL,NULL,NULL,NULL),(284,286,'黄集村',NULL,NULL,NULL,NULL,NULL,NULL,NULL,NULL),(285,287,'石槽王村',NULL,NULL,NULL,NULL,NULL,NULL,NULL,NULL),(286,288,'坟台村',NULL,NULL,NULL,NULL,NULL,NULL,NULL,NULL),(287,289,'卢家村',NULL,NULL,NULL,NULL,NULL,NULL,NULL,NULL),(288,290,'何庄村',NULL,NULL,NULL,NULL,NULL,NULL,NULL,NULL),(289,291,'后郑村',NULL,NULL,NULL,NULL,NULL,NULL,NULL,NULL),(290,292,'河沟刘村',NULL,NULL,NULL,NULL,NULL,NULL,NULL,NULL),(291,293,'黄家村',NULL,NULL,NULL,NULL,NULL,NULL,NULL,NULL),(292,294,'君李村 ',NULL,NULL,NULL,NULL,NULL,NULL,NULL,NULL),(293,295,'大马乡西王村',NULL,NULL,NULL,NULL,NULL,NULL,NULL,NULL),(294,296,'梁家村',NULL,NULL,NULL,NULL,NULL,NULL,NULL,NULL),(295,297,'杨集村',NULL,NULL,NULL,NULL,NULL,NULL,NULL,NULL),(296,298,'下赵村',NULL,NULL,NULL,NULL,NULL,NULL,NULL,NULL),(297,299,'安家村',NULL,NULL,NULL,NULL,NULL,NULL,NULL,NULL),(298,300,'马村',NULL,NULL,NULL,NULL,NULL,NULL,NULL,NULL),(299,301,'三户赵村',NULL,NULL,NULL,NULL,NULL,NULL,NULL,NULL),(300,302,'马庄村',NULL,NULL,NULL,NULL,NULL,NULL,NULL,NULL),(301,303,'黑凡村',NULL,NULL,NULL,NULL,NULL,NULL,NULL,NULL),(302,304,'凉马董村',NULL,NULL,NULL,NULL,NULL,NULL,NULL,NULL),(303,305,'田家村',NULL,NULL,NULL,NULL,NULL,NULL,NULL,NULL),(304,306,'大营村',NULL,NULL,NULL,NULL,NULL,NULL,NULL,NULL),(305,307,'东戎村',NULL,NULL,NULL,NULL,NULL,NULL,NULL,NULL),(306,308,'三石村',NULL,NULL,NULL,NULL,NULL,NULL,NULL,NULL),(307,309,'小石村',NULL,NULL,NULL,NULL,NULL,NULL,NULL,NULL),(308,310,'张庄村',NULL,NULL,NULL,NULL,NULL,NULL,NULL,NULL),(309,311,'凉马胡村',NULL,NULL,NULL,NULL,NULL,NULL,NULL,NULL),(310,312,'榆林村',NULL,NULL,NULL,NULL,NULL,NULL,NULL,NULL),(311,313,'凉马李村',NULL,NULL,NULL,NULL,NULL,NULL,NULL,NULL),(312,314,'貊庄村',NULL,NULL,NULL,NULL,NULL,NULL,NULL,NULL),(313,315,'前曹村',NULL,NULL,NULL,NULL,NULL,NULL,NULL,NULL),(314,316,'后曹村',NULL,NULL,NULL,NULL,NULL,NULL,NULL,NULL),(315,317,'于家村',NULL,NULL,NULL,NULL,NULL,NULL,NULL,NULL),(316,318,'文家村',NULL,NULL,NULL,NULL,NULL,NULL,NULL,NULL),(317,319,'魏庄村',NULL,NULL,NULL,NULL,NULL,NULL,NULL,NULL),(318,320,'刘家村',NULL,NULL,NULL,NULL,NULL,NULL,NULL,NULL),(319,321,'老鸦田村',NULL,NULL,NULL,NULL,NULL,NULL,NULL,NULL),(320,322,'裴家村',NULL,NULL,NULL,NULL,NULL,NULL,NULL,NULL),(321,323,'高庙村',NULL,NULL,NULL,NULL,NULL,NULL,NULL,NULL),(322,324,'赵迪村',NULL,NULL,NULL,NULL,NULL,NULL,NULL,NULL),(323,325,'王家村',NULL,NULL,NULL,NULL,NULL,NULL,NULL,NULL),(324,326,'小范村',NULL,NULL,NULL,NULL,NULL,NULL,NULL,NULL),(325,327,'郑一村',NULL,NULL,NULL,NULL,NULL,NULL,NULL,NULL),(326,328,'郑二村',NULL,NULL,NULL,NULL,NULL,NULL,NULL,NULL),(327,329,'陈家村',NULL,NULL,NULL,NULL,NULL,NULL,NULL,NULL),(328,330,'鸡王村',NULL,NULL,NULL,NULL,NULL,NULL,NULL,NULL),(329,331,'黑高村',NULL,NULL,NULL,NULL,NULL,NULL,NULL,NULL),(330,332,'魏家村',NULL,NULL,NULL,NULL,NULL,NULL,NULL,NULL),(331,333,'栗林村',NULL,NULL,NULL,NULL,NULL,NULL,NULL,NULL),(332,334,'新庄村',NULL,NULL,NULL,NULL,NULL,NULL,NULL,NULL),(333,335,'三杨村',NULL,NULL,NULL,NULL,NULL,NULL,NULL,NULL),(334,336,'邹家村',NULL,NULL,NULL,NULL,NULL,NULL,NULL,NULL),(335,337,'牛家村',NULL,NULL,NULL,NULL,NULL,NULL,NULL,NULL),(336,338,'韩集村',NULL,NULL,NULL,NULL,NULL,NULL,NULL,NULL),(337,339,'阮家村',NULL,NULL,NULL,NULL,NULL,NULL,NULL,NULL),(338,340,'大马乡朱庄村',NULL,NULL,NULL,NULL,NULL,NULL,NULL,NULL),(339,341,'朱家村',NULL,NULL,NULL,NULL,NULL,NULL,NULL,NULL),(340,342,'马家村',NULL,NULL,NULL,NULL,NULL,NULL,NULL,NULL),(341,343,'大马乡店张村',NULL,NULL,NULL,NULL,NULL,NULL,NULL,NULL),(342,344,'庞杨村',NULL,NULL,NULL,NULL,NULL,NULL,NULL,NULL),(343,345,'大马乡石桥马村',NULL,NULL,NULL,NULL,NULL,NULL,NULL,NULL),(344,346,'西郎村',NULL,NULL,NULL,NULL,NULL,NULL,NULL,NULL),(345,347,'二家张村',NULL,NULL,NULL,NULL,NULL,NULL,NULL,NULL),(346,348,'东黄庄村',NULL,NULL,NULL,NULL,NULL,NULL,NULL,NULL),(347,349,'水坡镇东夹河村',NULL,NULL,NULL,NULL,NULL,NULL,NULL,NULL),(348,350,'水坡镇李岗村',NULL,NULL,NULL,NULL,NULL,NULL,NULL,NULL),(349,351,'后于村',NULL,NULL,NULL,NULL,NULL,NULL,NULL,NULL),(350,352,'水坡镇彭庄村',NULL,NULL,NULL,NULL,NULL,NULL,NULL,NULL),(351,353,'大马乡柏岗寨村',NULL,NULL,NULL,NULL,NULL,NULL,NULL,NULL),(352,354,'前刘村',NULL,NULL,NULL,NULL,NULL,NULL,NULL,NULL),(353,355,'水坡镇西夹河村',NULL,NULL,NULL,NULL,NULL,NULL,NULL,NULL),(354,356,'水坡镇横堤村',NULL,NULL,NULL,NULL,NULL,NULL,NULL,NULL),(355,357,'史桥村',NULL,NULL,NULL,NULL,NULL,NULL,NULL,NULL),(356,358,'西黄庄村',NULL,NULL,NULL,NULL,NULL,NULL,NULL,NULL),(357,359,'中山村',NULL,NULL,NULL,NULL,NULL,NULL,NULL,NULL),(358,360,'大马乡李家村',NULL,NULL,NULL,NULL,NULL,NULL,NULL,NULL),(359,361,'洼张村',NULL,NULL,NULL,NULL,NULL,NULL,NULL,NULL),(360,362,'水坡镇盆刘村',NULL,NULL,NULL,NULL,NULL,NULL,NULL,NULL),(361,363,'水坡镇耿庙村',NULL,NULL,NULL,NULL,NULL,NULL,NULL,NULL),(362,364,'水坡镇海清郭村',NULL,NULL,NULL,NULL,NULL,NULL,NULL,NULL),(363,365,'水坡镇南水坡村',NULL,NULL,NULL,NULL,NULL,NULL,NULL,NULL),(364,366,'大马乡任泽村',NULL,NULL,NULL,NULL,NULL,NULL,NULL,NULL),(365,367,'产业集聚区七里河村',NULL,NULL,NULL,NULL,NULL,NULL,NULL,NULL),(366,368,'产业集聚区七里河村',NULL,NULL,NULL,NULL,NULL,NULL,NULL,NULL),(367,369,'大马乡庙张村',NULL,NULL,NULL,NULL,NULL,NULL,NULL,NULL),(368,370,'朱曲镇花李村',NULL,NULL,NULL,NULL,NULL,NULL,NULL,NULL),(369,371,'凉马胡村',NULL,NULL,NULL,NULL,NULL,NULL,NULL,NULL),(370,372,'朱曲镇仝庄村',NULL,NULL,NULL,NULL,NULL,NULL,NULL,NULL),(371,373,'大马乡雁黄村',NULL,NULL,NULL,NULL,NULL,NULL,NULL,NULL),(372,374,'朱曲镇双庙吴村',NULL,NULL,NULL,NULL,NULL,NULL,NULL,NULL),(373,375,'大马乡郭家村',NULL,NULL,NULL,NULL,NULL,NULL,NULL,NULL),(374,376,'大马乡陈石村',NULL,NULL,NULL,NULL,NULL,NULL,NULL,NULL),(375,377,'朱曲镇山字村',NULL,NULL,NULL,NULL,NULL,NULL,NULL,NULL),(376,378,'大马乡马古岗村',NULL,NULL,NULL,NULL,NULL,NULL,NULL,NULL),(377,379,'大马乡双岭岗村',NULL,NULL,NULL,NULL,NULL,NULL,NULL,NULL),(378,380,'孟家村',NULL,NULL,NULL,NULL,NULL,NULL,NULL,NULL),(379,381,'孟家村',NULL,NULL,NULL,NULL,NULL,NULL,NULL,NULL),(380,382,'孟家村',NULL,NULL,NULL,NULL,NULL,NULL,NULL,NULL),(381,383,'孟家村',NULL,NULL,NULL,NULL,NULL,NULL,NULL,NULL),(382,384,'孟家村',NULL,NULL,NULL,NULL,NULL,NULL,NULL,NULL),(383,385,'朱曲镇胡张村',NULL,NULL,NULL,NULL,NULL,NULL,NULL,NULL),(384,386,'朱曲镇史井村',NULL,NULL,NULL,NULL,NULL,NULL,NULL,NULL),(385,387,'大马乡岗李村',NULL,NULL,NULL,NULL,NULL,NULL,NULL,NULL),(386,388,'大马乡八里庙村',NULL,NULL,NULL,NULL,NULL,NULL,NULL,NULL),(387,389,'仓王村',NULL,NULL,NULL,NULL,NULL,NULL,NULL,NULL),(388,390,'朱曲镇窝口赵村',NULL,NULL,NULL,NULL,NULL,NULL,NULL,NULL),(389,391,'段庄村',NULL,NULL,NULL,NULL,NULL,NULL,NULL,NULL),(390,392,'大马乡井赵村',NULL,NULL,NULL,NULL,NULL,NULL,NULL,NULL),(391,393,'大马乡前宫村',NULL,NULL,NULL,NULL,NULL,NULL,NULL,NULL),(392,394,'西范庄村',NULL,NULL,NULL,NULL,NULL,NULL,NULL,NULL),(393,395,'朱曲镇火巴张村',NULL,NULL,NULL,NULL,NULL,NULL,NULL,NULL),(394,396,'东黎岗村',NULL,NULL,NULL,NULL,NULL,NULL,NULL,NULL),(395,397,'西黎岗村',NULL,NULL,NULL,NULL,NULL,NULL,NULL,NULL),(396,398,'胡家村',NULL,NULL,NULL,NULL,NULL,NULL,NULL,NULL),(397,399,'朱曲镇黄庄村',NULL,NULL,NULL,NULL,NULL,NULL,NULL,NULL),(398,400,'占庄村',NULL,NULL,NULL,NULL,NULL,NULL,NULL,NULL),(399,401,'后高村',NULL,NULL,NULL,NULL,NULL,NULL,NULL,NULL),(400,402,'马口村',NULL,NULL,NULL,NULL,NULL,NULL,NULL,NULL),(401,403,'霍庄村',NULL,NULL,NULL,NULL,NULL,NULL,NULL,NULL),(402,404,'前翟村',NULL,NULL,NULL,NULL,NULL,NULL,NULL,NULL),(403,405,'冉家村',NULL,NULL,NULL,NULL,NULL,NULL,NULL,NULL),(404,406,'袁口村',NULL,NULL,NULL,NULL,NULL,NULL,NULL,NULL),(405,407,'水寨村',NULL,NULL,NULL,NULL,NULL,NULL,NULL,NULL),(406,408,'黄寨村',NULL,NULL,NULL,NULL,NULL,NULL,NULL,NULL),(407,409,'老庄师村',NULL,NULL,NULL,NULL,NULL,NULL,NULL,NULL),(408,410,'金寨村',NULL,NULL,NULL,NULL,NULL,NULL,NULL,NULL),(409,411,'朱曲镇刘庄村',NULL,NULL,NULL,NULL,NULL,NULL,NULL,NULL),(410,412,'聂家村',NULL,NULL,NULL,NULL,NULL,NULL,NULL,NULL),(411,413,'凌岗村',NULL,NULL,NULL,NULL,NULL,NULL,NULL,NULL),(412,414,'红莲张村',NULL,NULL,NULL,NULL,NULL,NULL,NULL,NULL),(413,415,'打车周村',NULL,NULL,NULL,NULL,NULL,NULL,NULL,NULL),(414,416,'三柳村',NULL,NULL,NULL,NULL,NULL,NULL,NULL,NULL),(415,417,'朱曲镇秦楼村',NULL,NULL,NULL,NULL,NULL,NULL,NULL,NULL),(416,418,'冉村',NULL,NULL,NULL,NULL,NULL,NULL,NULL,NULL),(417,419,'陈村',NULL,NULL,NULL,NULL,NULL,NULL,NULL,NULL),(418,420,'朱曲镇古庄村',NULL,NULL,NULL,NULL,NULL,NULL,NULL,NULL),(419,421,'韩佐村',NULL,NULL,NULL,NULL,NULL,NULL,NULL,NULL),(420,422,'东范庄村',NULL,NULL,NULL,NULL,NULL,NULL,NULL,NULL),(421,423,'王寨村',NULL,NULL,NULL,NULL,NULL,NULL,NULL,NULL),(422,424,'大马乡后宫村',NULL,NULL,NULL,NULL,NULL,NULL,NULL,NULL),(423,425,'刘庄村',NULL,NULL,NULL,NULL,NULL,NULL,NULL,NULL),(424,426,'白潭村',NULL,NULL,NULL,NULL,NULL,NULL,NULL,NULL),(425,427,'朱曲镇后赵村',NULL,NULL,NULL,NULL,NULL,NULL,NULL,NULL),(426,428,'白楼村',NULL,NULL,NULL,NULL,NULL,NULL,NULL,NULL),(427,429,'大马乡牛庄村',NULL,NULL,NULL,NULL,NULL,NULL,NULL,NULL),(428,430,'刘符陈村',NULL,NULL,NULL,NULL,NULL,NULL,NULL,NULL),(429,431,'朱曲镇陈庄村',NULL,NULL,NULL,NULL,NULL,NULL,NULL,NULL),(430,432,'司马村',NULL,NULL,NULL,NULL,NULL,NULL,NULL,NULL),(431,433,'大马乡马庄村',NULL,NULL,NULL,NULL,NULL,NULL,NULL,NULL),(432,434,'台子岗村',NULL,NULL,NULL,NULL,NULL,NULL,NULL,NULL),(433,435,'孙留村',NULL,NULL,NULL,NULL,NULL,NULL,NULL,NULL),(434,436,'大马乡胡陈村',NULL,NULL,NULL,NULL,NULL,NULL,NULL,NULL),(435,437,'乔寨村',NULL,NULL,NULL,NULL,NULL,NULL,NULL,NULL),(436,438,'王楼村',NULL,NULL,NULL,NULL,NULL,NULL,NULL,NULL),(437,439,'大马乡门张村',NULL,NULL,NULL,NULL,NULL,NULL,NULL,NULL),(438,440,'闫岗村',NULL,NULL,NULL,NULL,NULL,NULL,NULL,NULL),(439,441,'大马乡鲁家村',NULL,NULL,NULL,NULL,NULL,NULL,NULL,NULL),(440,442,'朱曲镇米庄村',NULL,NULL,NULL,NULL,NULL,NULL,NULL,NULL),(441,443,'前双村',NULL,NULL,NULL,NULL,NULL,NULL,NULL,NULL),(442,444,'齐庄村',NULL,NULL,NULL,NULL,NULL,NULL,NULL,NULL),(443,445,'大马乡庙陈村',NULL,NULL,NULL,NULL,NULL,NULL,NULL,NULL),(444,446,'后双村',NULL,NULL,NULL,NULL,NULL,NULL,NULL,NULL),(445,447,'朱曲镇山魏村',NULL,NULL,NULL,NULL,NULL,NULL,NULL,NULL),(446,448,'大马乡周家村',NULL,NULL,NULL,NULL,NULL,NULL,NULL,NULL),(447,449,'丁岗村',NULL,NULL,NULL,NULL,NULL,NULL,NULL,NULL),(448,450,'吴庄村',NULL,NULL,NULL,NULL,NULL,NULL,NULL,NULL),(449,451,'唐庄村',NULL,NULL,NULL,NULL,NULL,NULL,NULL,NULL),(450,452,'双庄村',NULL,NULL,NULL,NULL,NULL,NULL,NULL,NULL),(451,453,'阮庄村',NULL,NULL,NULL,NULL,NULL,NULL,NULL,NULL),(452,454,'常岗村',NULL,NULL,NULL,NULL,NULL,NULL,NULL,NULL),(453,455,'朱曲镇赵刘村',NULL,NULL,NULL,NULL,NULL,NULL,NULL,NULL),(454,456,'李岗村',NULL,NULL,NULL,NULL,NULL,NULL,NULL,NULL),(455,457,'黄岗村',NULL,NULL,NULL,NULL,NULL,NULL,NULL,NULL),(456,458,'后杜柏村',NULL,NULL,NULL,NULL,NULL,NULL,NULL,NULL),(457,459,'朱曲镇焦庄村',NULL,NULL,NULL,NULL,NULL,NULL,NULL,NULL),(458,460,'中杜柏村',NULL,NULL,NULL,NULL,NULL,NULL,NULL,NULL),(459,461,'朱曲镇卢庄村',NULL,NULL,NULL,NULL,NULL,NULL,NULL,NULL),(460,462,'朱曲镇许官寺村',NULL,NULL,NULL,NULL,NULL,NULL,NULL,NULL),(461,463,'门楼任村',NULL,NULL,NULL,NULL,NULL,NULL,NULL,NULL),(462,464,'朱曲镇毛寨村',NULL,NULL,NULL,NULL,NULL,NULL,NULL,NULL),(463,465,'陈家村',NULL,NULL,NULL,NULL,NULL,NULL,NULL,NULL),(464,466,'赵家村',NULL,NULL,NULL,NULL,NULL,NULL,NULL,NULL),(465,467,'大齐村',NULL,NULL,NULL,NULL,NULL,NULL,NULL,NULL),(466,468,'郑家村',NULL,NULL,NULL,NULL,NULL,NULL,NULL,NULL),(467,469,'赵存村',NULL,NULL,NULL,NULL,NULL,NULL,NULL,NULL),(468,470,'李家村',NULL,NULL,NULL,NULL,NULL,NULL,NULL,NULL),(469,471,'卜家村',NULL,NULL,NULL,NULL,NULL,NULL,NULL,NULL),(470,472,'郭潘王村',NULL,NULL,NULL,NULL,NULL,NULL,NULL,NULL),(471,473,'花张村',NULL,NULL,NULL,NULL,NULL,NULL,NULL,NULL),(472,474,'闫前村',NULL,NULL,NULL,NULL,NULL,NULL,NULL,NULL),(473,475,'新庄村',NULL,NULL,NULL,NULL,NULL,NULL,NULL,NULL),(474,476,'闫后村',NULL,NULL,NULL,NULL,NULL,NULL,NULL,NULL),(475,477,'南袁庄村',NULL,NULL,NULL,NULL,NULL,NULL,NULL,NULL),(476,478,'王庄村',NULL,NULL,NULL,NULL,NULL,NULL,NULL,NULL),(477,479,'靳老村',NULL,NULL,NULL,NULL,NULL,NULL,NULL,NULL),(478,480,'史庄村',NULL,NULL,NULL,NULL,NULL,NULL,NULL,NULL),(479,481,'江曲村',NULL,NULL,NULL,NULL,NULL,NULL,NULL,NULL),(480,482,'陈家村',NULL,NULL,NULL,NULL,NULL,NULL,NULL,NULL),(481,483,'司马村',NULL,NULL,NULL,NULL,NULL,NULL,NULL,NULL),(482,484,'小齐村',NULL,NULL,NULL,NULL,NULL,NULL,NULL,NULL),(483,485,'圉村',NULL,NULL,NULL,NULL,NULL,NULL,NULL,NULL),(484,486,'西贾村',NULL,NULL,NULL,NULL,NULL,NULL,NULL,NULL),(485,487,'东贾村',NULL,NULL,NULL,NULL,NULL,NULL,NULL,NULL),(486,488,'后寨村',NULL,NULL,NULL,NULL,NULL,NULL,NULL,NULL),(487,489,'睢老庄村',NULL,NULL,NULL,NULL,NULL,NULL,NULL,NULL),(488,490,'前马村',NULL,NULL,NULL,NULL,NULL,NULL,NULL,NULL),(489,491,'前张村',NULL,NULL,NULL,NULL,NULL,NULL,NULL,NULL),(490,492,'前张村',NULL,NULL,NULL,NULL,NULL,NULL,NULL,NULL),(491,493,'后马村',NULL,NULL,NULL,NULL,NULL,NULL,NULL,NULL),(492,494,'中张村',NULL,NULL,NULL,NULL,NULL,NULL,NULL,NULL),(493,495,'钱家村',NULL,NULL,NULL,NULL,NULL,NULL,NULL,NULL),(494,496,'张庄村',NULL,NULL,NULL,NULL,NULL,NULL,NULL,NULL),(495,497,'沙沃村',NULL,NULL,NULL,NULL,NULL,NULL,NULL,NULL),(496,498,'新栗村',NULL,NULL,NULL,NULL,NULL,NULL,NULL,NULL),(497,499,'栗林村',NULL,NULL,NULL,NULL,NULL,NULL,NULL,NULL),(498,500,'东周杨村',NULL,NULL,NULL,NULL,NULL,NULL,NULL,NULL),(499,501,'西周杨村',NULL,NULL,NULL,NULL,NULL,NULL,NULL,NULL),(500,502,'文家村',NULL,NULL,NULL,NULL,NULL,NULL,NULL,NULL),(501,503,'蔡家村',NULL,NULL,NULL,NULL,NULL,NULL,NULL,NULL),(502,504,'蔡庄镇留石寺村',NULL,NULL,NULL,NULL,NULL,NULL,NULL,NULL),(503,505,'蔡庄镇郑坡村',NULL,NULL,NULL,NULL,NULL,NULL,NULL,NULL),(504,506,'蔡庄镇时村',NULL,NULL,NULL,NULL,NULL,NULL,NULL,NULL),(505,507,'蔡庄镇南街村',NULL,NULL,NULL,NULL,NULL,NULL,NULL,NULL),(506,508,'蔡庄镇三楼村',NULL,NULL,NULL,NULL,NULL,NULL,NULL,NULL),(507,509,'蔡庄镇刘拐村',NULL,NULL,NULL,NULL,NULL,NULL,NULL,NULL),(508,510,'蔡庄镇北街村',NULL,NULL,NULL,NULL,NULL,NULL,NULL,NULL),(509,511,'蔡庄镇小张村',NULL,NULL,NULL,NULL,NULL,NULL,NULL,NULL),(510,512,'蔡庄镇大张村',NULL,NULL,NULL,NULL,NULL,NULL,NULL,NULL),(511,513,'蔡庄镇后黄村',NULL,NULL,NULL,NULL,NULL,NULL,NULL,NULL),(512,514,'蔡庄镇南孟村',NULL,NULL,NULL,NULL,NULL,NULL,NULL,NULL),(513,515,'蔡庄镇罗庄村',NULL,NULL,NULL,NULL,NULL,NULL,NULL,NULL),(514,516,'蔡庄镇鹿村',NULL,NULL,NULL,NULL,NULL,NULL,NULL,NULL),(515,517,'蔡庄镇北孟村',NULL,NULL,NULL,NULL,NULL,NULL,NULL,NULL),(516,518,'蔡庄镇尚庄村',NULL,NULL,NULL,NULL,NULL,NULL,NULL,NULL),(517,519,'庄头镇马家村',NULL,NULL,NULL,NULL,NULL,NULL,NULL,NULL),(518,520,'蔡庄镇水台村',NULL,NULL,NULL,NULL,NULL,NULL,NULL,NULL),(519,521,'蔡庄镇高庄村',NULL,NULL,NULL,NULL,NULL,NULL,NULL,NULL),(520,522,'蔡庄镇吕庄村',NULL,NULL,NULL,NULL,NULL,NULL,NULL,NULL),(521,523,'蔡庄镇前王村',NULL,NULL,NULL,NULL,NULL,NULL,NULL,NULL),(522,524,'蔡庄镇貊寨村',NULL,NULL,NULL,NULL,NULL,NULL,NULL,NULL),(523,525,'蔡庄镇东街村',NULL,NULL,NULL,NULL,NULL,NULL,NULL,NULL),(524,526,'蔡庄镇西街村',NULL,NULL,NULL,NULL,NULL,NULL,NULL,NULL),(525,527,'蔡庄镇大新庄村',NULL,NULL,NULL,NULL,NULL,NULL,NULL,NULL),(526,528,'蔡庄镇宋庄村',NULL,NULL,NULL,NULL,NULL,NULL,NULL,NULL),(527,529,'蔡庄镇泥张村',NULL,NULL,NULL,NULL,NULL,NULL,NULL,NULL),(528,530,'蔡庄镇湾孙村',NULL,NULL,NULL,NULL,NULL,NULL,NULL,NULL),(529,531,'蔡庄镇大朱村',NULL,NULL,NULL,NULL,NULL,NULL,NULL,NULL),(530,532,'蔡庄镇香王村',NULL,NULL,NULL,NULL,NULL,NULL,NULL,NULL),(531,533,'蔡庄镇胡新庄村',NULL,NULL,NULL,NULL,NULL,NULL,NULL,NULL),(532,534,'蔡庄镇瑶台村',NULL,NULL,NULL,NULL,NULL,NULL,NULL,NULL),(533,535,'蔡庄镇舍茶岗村',NULL,NULL,NULL,NULL,NULL,NULL,NULL,NULL),(534,536,'蔡庄镇孟楼村',NULL,NULL,NULL,NULL,NULL,NULL,NULL,NULL),(535,537,'蔡庄镇蛮杨村',NULL,NULL,NULL,NULL,NULL,NULL,NULL,NULL),(536,538,'蔡庄镇东安头村',NULL,NULL,NULL,NULL,NULL,NULL,NULL,NULL),(537,539,'蔡庄镇西安头村',NULL,NULL,NULL,NULL,NULL,NULL,NULL,NULL),(538,540,'蔡庄镇刘庄村',NULL,NULL,NULL,NULL,NULL,NULL,NULL,NULL),(539,541,'蔡庄镇隗村',NULL,NULL,NULL,NULL,NULL,NULL,NULL,NULL),(540,542,'蔡庄镇马湾村',NULL,NULL,NULL,NULL,NULL,NULL,NULL,NULL),(541,543,'蔡庄镇高庙寨村',NULL,NULL,NULL,NULL,NULL,NULL,NULL,NULL),(542,544,'蔡庄镇郭庄村',NULL,NULL,NULL,NULL,NULL,NULL,NULL,NULL),(543,545,'小寨村',NULL,NULL,NULL,NULL,NULL,NULL,NULL,NULL),(544,546,'石潭村',NULL,NULL,NULL,NULL,NULL,NULL,NULL,NULL),(545,547,'前大庄村',NULL,NULL,NULL,NULL,NULL,NULL,NULL,NULL),(546,548,'张市村',NULL,NULL,NULL,NULL,NULL,NULL,NULL,NULL),(547,549,'坡庄村',NULL,NULL,NULL,NULL,NULL,NULL,NULL,NULL),(548,550,'后大庄村',NULL,NULL,NULL,NULL,NULL,NULL,NULL,NULL),(549,551,'吴岗村',NULL,NULL,NULL,NULL,NULL,NULL,NULL,NULL),(550,552,'老集村',NULL,NULL,NULL,NULL,NULL,NULL,NULL,NULL),(551,553,'王老村',NULL,NULL,NULL,NULL,NULL,NULL,NULL,NULL),(552,554,'陆口村',NULL,NULL,NULL,NULL,NULL,NULL,NULL,NULL),(553,555,'孔庄村',NULL,NULL,NULL,NULL,NULL,NULL,NULL,NULL),(554,556,'刘庄村',NULL,NULL,NULL,NULL,NULL,NULL,NULL,NULL),(555,557,'崔庄村',NULL,NULL,NULL,NULL,NULL,NULL,NULL,NULL),(556,558,'尹庄村',NULL,NULL,NULL,NULL,NULL,NULL,NULL,NULL),(557,559,'边岗村',NULL,NULL,NULL,NULL,NULL,NULL,NULL,NULL),(558,560,'郭家村',NULL,NULL,NULL,NULL,NULL,NULL,NULL,NULL),(559,561,'南谢村',NULL,NULL,NULL,NULL,NULL,NULL,NULL,NULL),(560,562,'北谢村',NULL,NULL,NULL,NULL,NULL,NULL,NULL,NULL),(561,563,'郑岗村',NULL,NULL,NULL,NULL,NULL,NULL,NULL,NULL),(562,564,'东万村',NULL,NULL,NULL,NULL,NULL,NULL,NULL,NULL),(563,565,'西万村',NULL,NULL,NULL,NULL,NULL,NULL,NULL,NULL),(564,566,'沈家村',NULL,NULL,NULL,NULL,NULL,NULL,NULL,NULL),(565,567,'沙门村',NULL,NULL,NULL,NULL,NULL,NULL,NULL,NULL),(566,568,'冯岗村',NULL,NULL,NULL,NULL,NULL,NULL,NULL,NULL),(567,569,'高庄村',NULL,NULL,NULL,NULL,NULL,NULL,NULL,NULL),(568,570,'产业聚集区党委',NULL,NULL,'爱爱','',NULL,NULL,NULL,NULL),(569,571,'十八里镇党委',NULL,NULL,NULL,NULL,NULL,NULL,NULL,NULL),(570,572,'南曹乡党委',NULL,NULL,NULL,NULL,NULL,NULL,NULL,NULL),(571,573,'城关镇党委',NULL,NULL,NULL,NULL,NULL,NULL,NULL,NULL),(572,574,'大桥乡党委',NULL,NULL,NULL,NULL,NULL,NULL,NULL,NULL),(573,575,'大营镇党委',NULL,NULL,NULL,NULL,NULL,NULL,NULL,NULL),(574,576,'大马乡党委',NULL,NULL,NULL,NULL,NULL,NULL,NULL,NULL),(575,577,'小陈乡党委',NULL,NULL,NULL,NULL,NULL,NULL,NULL,NULL),(576,578,'岗李乡党委',NULL,NULL,NULL,NULL,NULL,NULL,NULL,NULL),(577,579,'庄头镇党委',NULL,NULL,NULL,NULL,NULL,NULL,NULL,NULL),(578,580,'张市镇党委',NULL,NULL,NULL,NULL,NULL,NULL,NULL,NULL),(579,581,'新尉园区党委',NULL,NULL,NULL,NULL,NULL,NULL,NULL,NULL),(580,582,'朱曲镇党委',NULL,NULL,NULL,NULL,NULL,NULL,NULL,NULL),(581,583,'水坡镇党委',NULL,NULL,NULL,NULL,NULL,NULL,NULL,NULL),(582,584,'永兴镇党委',NULL,NULL,NULL,NULL,NULL,NULL,NULL,NULL),(583,585,'洧川镇党委',NULL,NULL,NULL,NULL,NULL,NULL,NULL,NULL),(584,586,'蔡庄镇党委',NULL,NULL,NULL,NULL,NULL,NULL,NULL,NULL),(585,587,'邢庄乡党委',NULL,NULL,NULL,NULL,NULL,NULL,NULL,NULL),(586,588,'门楼任乡党委',NULL,NULL,NULL,NULL,NULL,NULL,NULL,NULL),(599,601,'七里头村党支部',NULL,NULL,NULL,NULL,NULL,NULL,NULL,NULL),(600,602,'尹庄村党支部',NULL,NULL,NULL,NULL,NULL,NULL,NULL,NULL),(601,603,'芦馆村党支部',NULL,NULL,NULL,NULL,NULL,NULL,NULL,NULL),(602,604,'梅庄社区党支部',NULL,NULL,NULL,NULL,NULL,NULL,NULL,NULL),(603,605,'席苏村党支部',NULL,NULL,NULL,NULL,NULL,NULL,NULL,NULL),(604,606,'郝寺村党支部',NULL,NULL,NULL,NULL,NULL,NULL,NULL,NULL),(605,607,'坡徐村党支部',NULL,NULL,NULL,NULL,NULL,NULL,NULL,NULL),(606,608,'张寨村党支部',NULL,NULL,NULL,NULL,NULL,NULL,NULL,NULL),(607,609,'要家村党支部',NULL,NULL,NULL,NULL,NULL,NULL,NULL,NULL),(608,610,'牛集村党支部',NULL,NULL,NULL,NULL,NULL,NULL,NULL,NULL),(609,611,'寄庄王村党支部',NULL,NULL,NULL,NULL,NULL,NULL,NULL,NULL),(610,612,'小西门社区党支部',NULL,NULL,NULL,NULL,NULL,NULL,NULL,NULL),(611,613,'寺前张社区党支部',NULL,NULL,NULL,NULL,NULL,NULL,NULL,NULL),(612,614,'南闹店村党支部',NULL,NULL,NULL,NULL,NULL,NULL,NULL,NULL),(613,615,'小营村党支部',NULL,NULL,NULL,NULL,NULL,NULL,NULL,NULL),(614,616,'马庙村党支部',NULL,NULL,NULL,NULL,NULL,NULL,NULL,NULL),(615,617,'前滹沱村党支部',NULL,NULL,NULL,NULL,NULL,NULL,NULL,NULL),(616,618,'东街村党支部',NULL,NULL,NULL,NULL,NULL,NULL,NULL,NULL),(617,619,'西街村党支部',NULL,NULL,NULL,NULL,NULL,NULL,NULL,NULL),(618,620,'小东门社区党支部',NULL,NULL,NULL,NULL,NULL,NULL,NULL,NULL),(619,621,'斗虎营社区党支部',NULL,NULL,NULL,NULL,NULL,NULL,NULL,NULL),(620,622,'鳌头吕村党支部',NULL,NULL,NULL,NULL,NULL,NULL,NULL,NULL),(621,623,'三李村党支部',NULL,NULL,NULL,NULL,NULL,NULL,NULL,NULL),(622,624,'邢庄村党支部',NULL,NULL,NULL,NULL,NULL,NULL,NULL,NULL),(623,625,'芦墓张村党支部',NULL,NULL,NULL,NULL,NULL,NULL,NULL,NULL),(624,626,'朱曲镇东街村党支部',NULL,NULL,NULL,NULL,NULL,NULL,NULL,NULL),(625,627,'蜜蜂赵村党支部',NULL,NULL,NULL,NULL,NULL,NULL,NULL,NULL),(626,628,'董庄村党支部',NULL,NULL,NULL,NULL,NULL,NULL,NULL,NULL),(627,629,'韩庄村党支部',NULL,NULL,NULL,NULL,NULL,NULL,NULL,NULL),(628,630,'葛庄村党支部',NULL,NULL,NULL,NULL,NULL,NULL,NULL,NULL),(629,631,'尚村党支部',NULL,NULL,NULL,NULL,NULL,NULL,NULL,NULL),(630,632,'史庄村党支部',NULL,NULL,NULL,NULL,NULL,NULL,NULL,NULL),(631,633,'北丁庄村党支部',NULL,NULL,NULL,NULL,NULL,NULL,NULL,NULL),(632,634,'郭佛村党支部',NULL,NULL,NULL,NULL,NULL,NULL,NULL,NULL),(633,635,'安庄村党支部',NULL,NULL,NULL,NULL,NULL,NULL,NULL,NULL),(634,636,'芦馆村党支部',NULL,NULL,NULL,NULL,NULL,NULL,NULL,NULL),(635,637,'芦馆村党支部',NULL,NULL,NULL,NULL,NULL,NULL,NULL,NULL),(636,638,'屈楼村党支部',NULL,NULL,NULL,NULL,NULL,NULL,NULL,NULL),(637,639,'水黄村党支部',NULL,NULL,NULL,NULL,NULL,NULL,NULL,NULL),(638,640,'烧酒胡村党支部',NULL,NULL,NULL,NULL,NULL,NULL,NULL,NULL),(639,641,'明家村党支部',NULL,NULL,NULL,NULL,NULL,NULL,NULL,NULL),(640,642,'付李庄村党支部',NULL,NULL,NULL,NULL,NULL,NULL,NULL,NULL),(641,643,'大庙杨村党支部',NULL,NULL,NULL,NULL,NULL,NULL,NULL,NULL),(642,644,'赵庄村党支部',NULL,NULL,NULL,NULL,NULL,NULL,NULL,NULL),(643,645,'拐杨村党支部',NULL,NULL,NULL,NULL,NULL,NULL,NULL,NULL),(644,646,'簸箕任村党支部',NULL,NULL,NULL,NULL,NULL,NULL,NULL,NULL),(645,647,'岳家村党支部',NULL,NULL,NULL,NULL,NULL,NULL,NULL,NULL),(646,648,'雷家村党支部',NULL,NULL,NULL,NULL,NULL,NULL,NULL,NULL),(647,649,'郭新庄村党支部',NULL,NULL,NULL,NULL,NULL,NULL,NULL,NULL),(648,650,'甄家村党支部',NULL,NULL,NULL,NULL,NULL,NULL,NULL,NULL),(649,651,'王响村党支部',NULL,NULL,NULL,NULL,NULL,NULL,NULL,NULL),(650,652,'新庄村党支部',NULL,NULL,NULL,NULL,NULL,NULL,NULL,NULL),(651,653,'大桥村党支部',NULL,NULL,NULL,NULL,NULL,NULL,NULL,NULL),(652,654,'大李庄村党支部',NULL,NULL,NULL,NULL,NULL,NULL,NULL,NULL),(653,655,'马庄村党支部',NULL,NULL,NULL,NULL,NULL,NULL,NULL,NULL),(654,656,'许庄村党支部',NULL,NULL,NULL,NULL,NULL,NULL,NULL,NULL),(655,657,'崔家村党支部',NULL,NULL,NULL,NULL,NULL,NULL,NULL,NULL),(656,658,'孔家村党支部',NULL,NULL,NULL,NULL,NULL,NULL,NULL,NULL),(657,659,'要井村党支部',NULL,NULL,NULL,NULL,NULL,NULL,NULL,NULL),(658,660,'岗东村党支部',NULL,NULL,NULL,NULL,NULL,NULL,NULL,NULL),(659,661,'大路王村党支部',NULL,NULL,NULL,NULL,NULL,NULL,NULL,NULL),(660,662,'大苏村党支部',NULL,NULL,NULL,NULL,NULL,NULL,NULL,NULL),(661,663,'冯村党支部',NULL,NULL,NULL,NULL,NULL,NULL,NULL,NULL),(662,664,'河湾要村党支部',NULL,NULL,NULL,NULL,NULL,NULL,NULL,NULL),(663,665,'大槐树村党支部',NULL,NULL,NULL,NULL,NULL,NULL,NULL,NULL),(664,666,'通院村党支部',NULL,NULL,NULL,NULL,NULL,NULL,NULL,NULL),(665,667,'岗刘村党支部',NULL,NULL,NULL,NULL,NULL,NULL,NULL,NULL),(666,668,'麦仁店村党支部',NULL,NULL,NULL,NULL,NULL,NULL,NULL,NULL),(667,669,'周庄村党支部',NULL,NULL,NULL,NULL,NULL,NULL,NULL,NULL),(668,670,'新刘庄村党支部',NULL,NULL,NULL,NULL,NULL,NULL,NULL,NULL),(669,671,'常王村党支部',NULL,NULL,NULL,NULL,NULL,NULL,NULL,NULL),(670,672,'十里铺村党支部',NULL,NULL,NULL,NULL,NULL,NULL,NULL,NULL),(671,673,'碾陈村党支部',NULL,NULL,NULL,NULL,NULL,NULL,NULL,NULL),(672,674,'湾里马村党支部',NULL,NULL,NULL,NULL,NULL,NULL,NULL,NULL),(673,675,'老鸦刘村党支部',NULL,NULL,NULL,NULL,NULL,NULL,NULL,NULL),(674,676,'英内村党支部',NULL,NULL,NULL,NULL,NULL,NULL,NULL,NULL),(675,677,'英外村党支部',NULL,NULL,NULL,NULL,NULL,NULL,NULL,NULL),(676,678,'鲁湾村党支部',NULL,NULL,NULL,NULL,NULL,NULL,NULL,NULL),(677,679,'花桥刘村党支部',NULL,NULL,NULL,NULL,NULL,NULL,NULL,NULL),(678,680,'许寨村党支部',NULL,NULL,NULL,NULL,NULL,NULL,NULL,NULL),(679,681,'董庄村党支部',NULL,NULL,NULL,NULL,NULL,NULL,NULL,NULL),(680,682,'四合村党支部',NULL,NULL,NULL,NULL,NULL,NULL,NULL,NULL),(681,683,'仓李村党支部',NULL,NULL,NULL,NULL,NULL,NULL,NULL,NULL),(682,684,'仓刘村党支部',NULL,NULL,NULL,NULL,NULL,NULL,NULL,NULL),(683,685,'南街村党支部',NULL,NULL,NULL,NULL,NULL,NULL,NULL,NULL),(684,686,'北街村党支部',NULL,NULL,NULL,NULL,NULL,NULL,NULL,NULL),(685,687,'北关村党支部',NULL,NULL,NULL,NULL,NULL,NULL,NULL,NULL),(686,688,'枣陈村党支部',NULL,NULL,NULL,NULL,NULL,NULL,NULL,NULL),(687,689,'丁庄村党支部',NULL,NULL,NULL,NULL,NULL,NULL,NULL,NULL),(688,690,'纸坊村党支部',NULL,NULL,NULL,NULL,NULL,NULL,NULL,NULL),(689,691,'王庄村党支部',NULL,NULL,NULL,NULL,NULL,NULL,NULL,NULL),(690,692,'湾里河村党支部',NULL,NULL,NULL,NULL,NULL,NULL,NULL,NULL),(691,693,'翟胡同村党支部',NULL,NULL,NULL,NULL,NULL,NULL,NULL,NULL),(692,694,'陈庄村党支部',NULL,NULL,NULL,NULL,NULL,NULL,NULL,NULL),(693,695,'宋庄村党支部',NULL,NULL,NULL,NULL,NULL,NULL,NULL,NULL),(694,696,'朱曲镇西街村党支部',NULL,NULL,NULL,NULL,NULL,NULL,NULL,NULL),(695,697,'朱曲镇周寨村党支部',NULL,NULL,NULL,NULL,NULL,NULL,NULL,NULL),(696,698,'仝庄村党支部',NULL,NULL,NULL,NULL,NULL,NULL,NULL,NULL),(697,699,'沙沃村党支部',NULL,NULL,NULL,NULL,NULL,NULL,NULL,NULL),(698,700,'过庄村党支部',NULL,NULL,NULL,NULL,NULL,NULL,NULL,NULL),(699,701,'养马寨村党支部',NULL,NULL,NULL,NULL,NULL,NULL,NULL,NULL),(700,702,'刘春桃村党支部',NULL,NULL,NULL,NULL,NULL,NULL,NULL,NULL),(701,703,'桑树庙村党支部',NULL,NULL,NULL,NULL,NULL,NULL,NULL,NULL),(702,704,'张庄村党支部',NULL,NULL,NULL,NULL,NULL,NULL,NULL,NULL),(703,705,'老庄王村党支部',NULL,NULL,NULL,NULL,NULL,NULL,NULL,NULL),(704,706,'东三赵村党支部',NULL,NULL,NULL,NULL,NULL,NULL,NULL,NULL),(705,707,'中三赵村党支部',NULL,NULL,NULL,NULL,NULL,NULL,NULL,NULL),(706,708,'西三赵村党支部',NULL,NULL,NULL,NULL,NULL,NULL,NULL,NULL),(707,709,'湾李村党支部',NULL,NULL,NULL,NULL,NULL,NULL,NULL,NULL),(708,710,'关庄村党支部',NULL,NULL,NULL,NULL,NULL,NULL,NULL,NULL),(709,711,'裴寨村党支部',NULL,NULL,NULL,NULL,NULL,NULL,NULL,NULL),(710,712,'花村铺村党支部',NULL,NULL,'单独辅导','3fr',NULL,NULL,NULL,NULL),(711,713,'七里河村党支部',NULL,NULL,NULL,NULL,NULL,NULL,NULL,NULL),(712,714,'姜庄村党支部',NULL,NULL,NULL,NULL,NULL,NULL,NULL,NULL),(713,715,'南街社区党支部',NULL,NULL,NULL,NULL,NULL,NULL,NULL,NULL),(714,716,'大西门社区党支部',NULL,NULL,NULL,NULL,NULL,NULL,NULL,NULL),(715,717,'南台社区党支部',NULL,NULL,NULL,NULL,NULL,NULL,NULL,NULL),(716,718,'寺前刘社区党支部',NULL,NULL,NULL,NULL,NULL,NULL,NULL,NULL),(717,719,'要庄社区党支部',NULL,NULL,NULL,NULL,NULL,NULL,NULL,NULL),(718,720,'后滹沱村党支部',NULL,NULL,NULL,NULL,NULL,NULL,NULL,NULL),(719,721,'苏堂村党支部',NULL,NULL,NULL,NULL,NULL,NULL,NULL,NULL),(720,722,'催湾村党支部',NULL,NULL,NULL,NULL,NULL,NULL,NULL,NULL),(721,723,'刘庄村党支部',NULL,NULL,NULL,NULL,NULL,NULL,NULL,NULL),(722,724,'赵岗村党支部',NULL,NULL,NULL,NULL,NULL,NULL,NULL,NULL),(723,725,'营孜村党支部',NULL,NULL,NULL,NULL,NULL,NULL,NULL,NULL),(724,726,'二郎庙村党支部',NULL,NULL,NULL,NULL,NULL,NULL,NULL,NULL),(725,727,'孟家村党支部',NULL,NULL,NULL,NULL,NULL,NULL,NULL,NULL),(726,728,'蔡庄村党支部',NULL,NULL,NULL,NULL,NULL,NULL,NULL,NULL),(727,729,'锦被岗村党支部',NULL,NULL,NULL,NULL,NULL,NULL,NULL,NULL),(728,730,'申庄村党支部',NULL,NULL,NULL,NULL,NULL,NULL,NULL,NULL),(729,731,'十八里村党支部',NULL,NULL,NULL,NULL,NULL,NULL,NULL,NULL),(730,732,'武家村党支部',NULL,NULL,NULL,NULL,NULL,NULL,NULL,NULL),(731,733,'金针村党支部',NULL,NULL,NULL,NULL,NULL,NULL,NULL,NULL),(732,734,'伏尚村党支部',NULL,NULL,NULL,NULL,NULL,NULL,NULL,NULL),(733,735,'巩家村党支部',NULL,NULL,NULL,NULL,NULL,NULL,NULL,NULL),(734,736,'会庄村党支部',NULL,NULL,NULL,NULL,NULL,NULL,NULL,NULL),(735,737,'赵庄村党支部',NULL,NULL,NULL,NULL,NULL,NULL,NULL,NULL),(736,738,'崔湾村党支部',NULL,NULL,NULL,NULL,NULL,NULL,NULL,NULL),(737,739,'万寺村党支部',NULL,NULL,NULL,NULL,NULL,NULL,NULL,NULL),(738,740,'孟家村党支部',NULL,NULL,NULL,NULL,NULL,NULL,NULL,NULL),(739,741,'凡家村党支部',NULL,NULL,NULL,NULL,NULL,NULL,NULL,NULL),(740,742,'黎寺村党支部',NULL,NULL,NULL,NULL,NULL,NULL,NULL,NULL),(741,743,'牛庄村党支部',NULL,NULL,NULL,NULL,NULL,NULL,NULL,NULL),(742,744,'江刘庄村党支部',NULL,NULL,NULL,NULL,NULL,NULL,NULL,NULL),(743,745,'邓家村党支部',NULL,NULL,NULL,NULL,NULL,NULL,NULL,NULL),(744,746,'周庄村党支部',NULL,NULL,NULL,NULL,NULL,NULL,NULL,NULL),(745,747,'王杜庄村党支部',NULL,NULL,NULL,NULL,NULL,NULL,NULL,NULL),(746,748,'丁家村党支部',NULL,NULL,NULL,NULL,NULL,NULL,NULL,NULL),(747,749,'石槽李村党支部',NULL,NULL,NULL,NULL,NULL,NULL,NULL,NULL),(748,750,'大王货村党支部',NULL,NULL,NULL,NULL,NULL,NULL,NULL,NULL),(749,751,'新代庄村党支部',NULL,NULL,NULL,NULL,NULL,NULL,NULL,NULL),(750,752,'小王货村党支部',NULL,NULL,NULL,NULL,NULL,NULL,NULL,NULL),(751,753,'杨店村党支部',NULL,NULL,NULL,NULL,NULL,NULL,NULL,NULL),(752,754,'郑庄村党支部',NULL,NULL,NULL,NULL,NULL,NULL,NULL,NULL),(753,755,'刘合集村党支部',NULL,NULL,NULL,NULL,NULL,NULL,NULL,NULL),(754,756,'申刘村党支部',NULL,NULL,NULL,NULL,NULL,NULL,NULL,NULL),(755,757,'田庄村党支部',NULL,NULL,NULL,NULL,NULL,NULL,NULL,NULL),(756,758,'段庄村党支部',NULL,NULL,NULL,NULL,NULL,NULL,NULL,NULL),(757,759,'后双庙村党支部',NULL,NULL,NULL,NULL,NULL,NULL,NULL,NULL),(758,760,'何楼村党支部',NULL,NULL,NULL,NULL,NULL,NULL,NULL,NULL),(759,761,'朱曲镇小寨村党支部',NULL,NULL,NULL,NULL,NULL,NULL,NULL,NULL),(760,762,'石庄村党支部',NULL,NULL,NULL,NULL,NULL,NULL,NULL,NULL),(761,763,'庞庄村党支部',NULL,NULL,NULL,NULL,NULL,NULL,NULL,NULL),(762,764,'朱曲镇菜李村党支部',NULL,NULL,NULL,NULL,NULL,NULL,NULL,NULL),(763,765,'庄头村党支部',NULL,NULL,NULL,NULL,NULL,NULL,NULL,NULL),(764,766,'王庄村党支部',NULL,NULL,NULL,NULL,NULL,NULL,NULL,NULL),(765,767,'岗李村党支部',NULL,NULL,NULL,NULL,NULL,NULL,NULL,NULL),(766,768,'袁楼村党支部',NULL,NULL,NULL,NULL,NULL,NULL,NULL,NULL),(767,769,'朱曲镇五村党支部',NULL,NULL,NULL,NULL,NULL,NULL,NULL,NULL),(768,770,'任庄村党支部',NULL,NULL,NULL,NULL,NULL,NULL,NULL,NULL),(769,771,'朱曲镇北街村党支部',NULL,NULL,NULL,NULL,NULL,NULL,NULL,NULL),(770,772,'水坡镇李牧庄村党支部',NULL,NULL,NULL,NULL,NULL,NULL,NULL,NULL),(771,773,'水坡镇南玮坞村党支部',NULL,NULL,NULL,NULL,NULL,NULL,NULL,NULL),(772,774,'冯庄村党支部',NULL,NULL,NULL,NULL,NULL,NULL,NULL,NULL),(773,775,'水坡镇北玮坞村党支部',NULL,NULL,NULL,NULL,NULL,NULL,NULL,NULL),(774,776,'水坡镇西水坡村党支部',NULL,NULL,NULL,NULL,NULL,NULL,NULL,NULL),(775,777,'水坡镇老李村党支部',NULL,NULL,NULL,NULL,NULL,NULL,NULL,NULL),(776,778,'水坡镇西杨村党支部',NULL,NULL,NULL,NULL,NULL,NULL,NULL,NULL),(777,779,'水坡镇肖庄村党支部',NULL,NULL,NULL,NULL,NULL,NULL,NULL,NULL),(778,780,'花李村党支部',NULL,NULL,NULL,NULL,NULL,NULL,NULL,NULL),(779,781,'水坡镇北闹店村党支部',NULL,NULL,NULL,NULL,NULL,NULL,NULL,NULL),(780,782,'水坡镇贾寨村党支部',NULL,NULL,NULL,NULL,NULL,NULL,NULL,NULL),(781,783,'水坡镇齐岗村党支部',NULL,NULL,NULL,NULL,NULL,NULL,NULL,NULL),(782,784,'水坡镇李寨村党支部',NULL,NULL,NULL,NULL,NULL,NULL,NULL,NULL),(783,785,'歇马营村党支部',NULL,NULL,NULL,NULL,NULL,NULL,NULL,NULL),(784,786,'水坡镇双河府村党支部',NULL,NULL,NULL,NULL,NULL,NULL,NULL,NULL),(785,787,'水坡镇苏桥村党支部',NULL,NULL,NULL,NULL,NULL,NULL,NULL,NULL),(786,788,'水坡镇马庄村党支部',NULL,NULL,NULL,NULL,NULL,NULL,NULL,NULL),(787,789,'水坡镇冉庄村党支部',NULL,NULL,NULL,NULL,NULL,NULL,NULL,NULL),(788,790,'水坡镇霍寨村党支部',NULL,NULL,NULL,NULL,NULL,NULL,NULL,NULL),(789,791,'水坡镇东水坡村党支部',NULL,NULL,NULL,NULL,NULL,NULL,NULL,NULL),(790,792,'水坡镇朱岗村党支部',NULL,NULL,NULL,NULL,NULL,NULL,NULL,NULL),(791,793,'大马乡大马村党支部',NULL,NULL,NULL,NULL,NULL,NULL,NULL,NULL),(792,794,'朱曲镇黄湖村党支部',NULL,NULL,NULL,NULL,NULL,NULL,NULL,NULL),(793,795,'朱曲镇苗庄村党支部',NULL,NULL,NULL,NULL,NULL,NULL,NULL,NULL),(794,796,'后孙村党支部',NULL,NULL,NULL,NULL,NULL,NULL,NULL,NULL),(795,797,'朱曲镇石桥村党支部',NULL,NULL,NULL,NULL,NULL,NULL,NULL,NULL),(796,798,'芦医庙村党支部',NULL,NULL,NULL,NULL,NULL,NULL,NULL,NULL),(797,799,'吕家村党支部',NULL,NULL,NULL,NULL,NULL,NULL,NULL,NULL),(798,800,'南曹村党支部',NULL,NULL,NULL,NULL,NULL,NULL,NULL,NULL),(799,801,'小陈村党支部',NULL,NULL,NULL,NULL,NULL,NULL,NULL,NULL),(800,802,'枣朱村党支部',NULL,NULL,NULL,NULL,NULL,NULL,NULL,NULL),(801,803,'尚王村党支部',NULL,NULL,NULL,NULL,NULL,NULL,NULL,NULL),(802,804,'朱曲镇东街村党支部',NULL,NULL,NULL,NULL,NULL,NULL,NULL,NULL),(803,805,'祥符张村党支部',NULL,NULL,NULL,NULL,NULL,NULL,NULL,NULL),(804,806,'椅圈马村党支部',NULL,NULL,NULL,NULL,NULL,NULL,NULL,NULL),(805,807,'陈村党支部',NULL,NULL,NULL,NULL,NULL,NULL,NULL,NULL),(806,808,'朱曲镇菜张村党支部',NULL,NULL,NULL,NULL,NULL,NULL,NULL,NULL),(807,809,'东凡村党支部',NULL,NULL,NULL,NULL,NULL,NULL,NULL,NULL),(808,810,'岗陆村党支部',NULL,NULL,NULL,NULL,NULL,NULL,NULL,NULL),(809,811,'前孙村党支部',NULL,NULL,NULL,NULL,NULL,NULL,NULL,NULL),(810,812,'荣村党支部',NULL,NULL,NULL,NULL,NULL,NULL,NULL,NULL),(811,813,'高寨村党支部',NULL,NULL,NULL,NULL,NULL,NULL,NULL,NULL),(812,814,'水坡镇仝家村党支部',NULL,NULL,NULL,NULL,NULL,NULL,NULL,NULL),(813,815,'水坡镇瓦岗村党支部',NULL,NULL,NULL,NULL,NULL,NULL,NULL,NULL),(814,816,'北曹村党支部',NULL,NULL,NULL,NULL,NULL,NULL,NULL,NULL),(815,817,'玉陈村党支部',NULL,NULL,NULL,NULL,NULL,NULL,NULL,NULL),(816,818,'代庄村党支部',NULL,NULL,NULL,NULL,NULL,NULL,NULL,NULL),(817,819,'高家村党支部',NULL,NULL,NULL,NULL,NULL,NULL,NULL,NULL),(818,820,'窝沈村党支部',NULL,NULL,NULL,NULL,NULL,NULL,NULL,NULL),(819,821,'后张铁村党支部',NULL,NULL,NULL,NULL,NULL,NULL,NULL,NULL),(820,822,'寺下沈村党支部',NULL,NULL,NULL,NULL,NULL,NULL,NULL,NULL),(821,823,'前张铁村党支部',NULL,NULL,NULL,NULL,NULL,NULL,NULL,NULL),(822,824,'孙庄村党支部',NULL,NULL,NULL,NULL,NULL,NULL,NULL,NULL),(823,825,'柴村党支部',NULL,NULL,NULL,NULL,NULL,NULL,NULL,NULL),(824,826,'靳村党支部',NULL,NULL,NULL,NULL,NULL,NULL,NULL,NULL),(825,827,'张同府村党支部',NULL,NULL,NULL,NULL,NULL,NULL,NULL,NULL),(826,828,'蒋沟村党支部',NULL,NULL,NULL,NULL,NULL,NULL,NULL,NULL),(827,829,'路庄村党支部',NULL,NULL,NULL,NULL,NULL,NULL,NULL,NULL),(828,830,'小寺村党支部',NULL,NULL,NULL,NULL,NULL,NULL,NULL,NULL),(829,831,'孙家村党支部',NULL,NULL,NULL,NULL,NULL,NULL,NULL,NULL),(830,832,'周庄村党支部',NULL,NULL,NULL,NULL,NULL,NULL,NULL,NULL),(831,833,'郝家村党支部',NULL,NULL,NULL,NULL,NULL,NULL,NULL,NULL),(832,834,'朱坡村党支部',NULL,NULL,NULL,NULL,NULL,NULL,NULL,NULL),(833,835,'寨黄村党支部',NULL,NULL,NULL,NULL,NULL,NULL,NULL,NULL),(834,836,'砖楼村党支部',NULL,NULL,NULL,NULL,NULL,NULL,NULL,NULL),(835,837,'许家村党支部',NULL,NULL,NULL,NULL,NULL,NULL,NULL,NULL),(836,838,'肖庄党支部',NULL,NULL,NULL,NULL,NULL,NULL,NULL,NULL),(837,839,'史家村党支部',NULL,NULL,NULL,NULL,NULL,NULL,NULL,NULL),(838,840,'马庄村党支部',NULL,NULL,NULL,NULL,NULL,NULL,NULL,NULL),(839,841,'五间房李村党支部',NULL,NULL,NULL,NULL,NULL,NULL,NULL,NULL),(840,842,'檀头高村党支部',NULL,NULL,NULL,NULL,NULL,NULL,NULL,NULL),(841,843,'丁香李村党支部',NULL,NULL,NULL,NULL,NULL,NULL,NULL,NULL),(842,844,'祝家村党支部',NULL,NULL,NULL,NULL,NULL,NULL,NULL,NULL),(843,845,'东郎村党支部',NULL,NULL,NULL,NULL,NULL,NULL,NULL,NULL),(844,846,'袁庄村党支部',NULL,NULL,NULL,NULL,NULL,NULL,NULL,NULL),(845,847,'黄集村党支部',NULL,NULL,NULL,NULL,NULL,NULL,NULL,NULL),(846,848,'石槽王村党支部',NULL,NULL,NULL,NULL,NULL,NULL,NULL,NULL),(847,849,'坟台村党支部',NULL,NULL,NULL,NULL,NULL,NULL,NULL,NULL),(848,850,'卢家村党支部',NULL,NULL,NULL,NULL,NULL,NULL,NULL,NULL),(849,851,'何庄村党支部',NULL,NULL,NULL,NULL,NULL,NULL,NULL,NULL),(850,852,'后郑村党支部',NULL,NULL,NULL,NULL,NULL,NULL,NULL,NULL),(851,853,'河沟刘村党支部',NULL,NULL,NULL,NULL,NULL,NULL,NULL,NULL),(852,854,'黄家村党支部',NULL,NULL,NULL,NULL,NULL,NULL,NULL,NULL),(853,855,'君李村 党支部',NULL,NULL,NULL,NULL,NULL,NULL,NULL,NULL),(854,856,'大马乡西王村党支部',NULL,NULL,NULL,NULL,NULL,NULL,NULL,NULL),(855,857,'梁家村党支部',NULL,NULL,NULL,NULL,NULL,NULL,NULL,NULL),(856,858,'杨集村党支部',NULL,NULL,NULL,NULL,NULL,NULL,NULL,NULL),(857,859,'下赵村党支部',NULL,NULL,NULL,NULL,NULL,NULL,NULL,NULL),(858,860,'安家村党支部',NULL,NULL,NULL,NULL,NULL,NULL,NULL,NULL),(859,861,'马村党支部',NULL,NULL,NULL,NULL,NULL,NULL,NULL,NULL),(860,862,'三户赵村党支部',NULL,NULL,NULL,NULL,NULL,NULL,NULL,NULL),(861,863,'马庄村党支部',NULL,NULL,NULL,NULL,NULL,NULL,NULL,NULL),(862,864,'黑凡村党支部',NULL,NULL,NULL,NULL,NULL,NULL,NULL,NULL),(863,865,'凉马董村党支部',NULL,NULL,NULL,NULL,NULL,NULL,NULL,NULL),(864,866,'田家村党支部',NULL,NULL,NULL,NULL,NULL,NULL,NULL,NULL),(865,867,'大营村党支部',NULL,NULL,NULL,NULL,NULL,NULL,NULL,NULL),(866,868,'东戎村党支部',NULL,NULL,NULL,NULL,NULL,NULL,NULL,NULL),(867,869,'三石村党支部',NULL,NULL,NULL,NULL,NULL,NULL,NULL,NULL),(868,870,'小石村党支部',NULL,NULL,NULL,NULL,NULL,NULL,NULL,NULL),(869,871,'张庄村党支部',NULL,NULL,NULL,NULL,NULL,NULL,NULL,NULL),(870,872,'凉马胡村党支部',NULL,NULL,NULL,NULL,NULL,NULL,NULL,NULL),(871,873,'榆林村党支部',NULL,NULL,NULL,NULL,NULL,NULL,NULL,NULL),(872,874,'凉马李村党支部',NULL,NULL,NULL,NULL,NULL,NULL,NULL,NULL),(873,875,'貊庄村党支部',NULL,NULL,NULL,NULL,NULL,NULL,NULL,NULL),(874,876,'前曹村党支部',NULL,NULL,NULL,NULL,NULL,NULL,NULL,NULL),(875,877,'后曹村党支部',NULL,NULL,NULL,NULL,NULL,NULL,NULL,NULL),(876,878,'于家村党支部',NULL,NULL,NULL,NULL,NULL,NULL,NULL,NULL),(877,879,'文家村党支部',NULL,NULL,NULL,NULL,NULL,NULL,NULL,NULL),(878,880,'魏庄村党支部',NULL,NULL,NULL,NULL,NULL,NULL,NULL,NULL),(879,881,'刘家村党支部',NULL,NULL,NULL,NULL,NULL,NULL,NULL,NULL),(880,882,'老鸦田村党支部',NULL,NULL,NULL,NULL,NULL,NULL,NULL,NULL),(881,883,'裴家村党支部',NULL,NULL,NULL,NULL,NULL,NULL,NULL,NULL),(882,884,'高庙村党支部',NULL,NULL,NULL,NULL,NULL,NULL,NULL,NULL),(883,885,'赵迪村党支部',NULL,NULL,NULL,NULL,NULL,NULL,NULL,NULL),(884,886,'王家村党支部',NULL,NULL,NULL,NULL,NULL,NULL,NULL,NULL),(885,887,'小范村党支部',NULL,NULL,NULL,NULL,NULL,NULL,NULL,NULL),(886,888,'郑一村党支部',NULL,NULL,NULL,NULL,NULL,NULL,NULL,NULL),(887,889,'郑二村党支部',NULL,NULL,NULL,NULL,NULL,NULL,NULL,NULL),(888,890,'陈家村党支部',NULL,NULL,NULL,NULL,NULL,NULL,NULL,NULL),(889,891,'鸡王村党支部',NULL,NULL,NULL,NULL,NULL,NULL,NULL,NULL),(890,892,'黑高村党支部',NULL,NULL,NULL,NULL,NULL,NULL,NULL,NULL),(891,893,'魏家村党支部',NULL,NULL,NULL,NULL,NULL,NULL,NULL,NULL),(892,894,'栗林村党支部',NULL,NULL,NULL,NULL,NULL,NULL,NULL,NULL),(893,895,'新庄村党支部',NULL,NULL,NULL,NULL,NULL,NULL,NULL,NULL),(894,896,'三杨村党支部',NULL,NULL,NULL,NULL,NULL,NULL,NULL,NULL),(895,897,'邹家村党支部',NULL,NULL,NULL,NULL,NULL,NULL,NULL,NULL),(896,898,'牛家村党支部',NULL,NULL,NULL,NULL,NULL,NULL,NULL,NULL),(897,899,'韩集村党支部',NULL,NULL,NULL,NULL,NULL,NULL,NULL,NULL),(898,900,'阮家村党支部',NULL,NULL,NULL,NULL,NULL,NULL,NULL,NULL),(899,901,'大马乡朱庄村党支部',NULL,NULL,NULL,NULL,NULL,NULL,NULL,NULL),(900,902,'朱家村党支部',NULL,NULL,NULL,NULL,NULL,NULL,NULL,NULL),(901,903,'马家村党支部',NULL,NULL,NULL,NULL,NULL,NULL,NULL,NULL),(902,904,'大马乡店张村党支部',NULL,NULL,NULL,NULL,NULL,NULL,NULL,NULL),(903,905,'庞杨村党支部',NULL,NULL,NULL,NULL,NULL,NULL,NULL,NULL),(904,906,'大马乡石桥马村党支部',NULL,NULL,NULL,NULL,NULL,NULL,NULL,NULL),(905,907,'西郎村党支部',NULL,NULL,NULL,NULL,NULL,NULL,NULL,NULL),(906,908,'二家张村党支部',NULL,NULL,NULL,NULL,NULL,NULL,NULL,NULL),(907,909,'东黄庄村党支部',NULL,NULL,NULL,NULL,NULL,NULL,NULL,NULL),(908,910,'水坡镇东夹河村党支部',NULL,NULL,NULL,NULL,NULL,NULL,NULL,NULL),(909,911,'水坡镇李岗村党支部',NULL,NULL,NULL,NULL,NULL,NULL,NULL,NULL),(910,912,'后于村党支部',NULL,NULL,NULL,NULL,NULL,NULL,NULL,NULL),(911,913,'水坡镇彭庄村党支部',NULL,NULL,NULL,NULL,NULL,NULL,NULL,NULL),(912,914,'大马乡柏岗寨村党支部',NULL,NULL,NULL,NULL,NULL,NULL,NULL,NULL),(913,915,'前刘村党支部',NULL,NULL,NULL,NULL,NULL,NULL,NULL,NULL),(914,916,'水坡镇西夹河村党支部',NULL,NULL,NULL,NULL,NULL,NULL,NULL,NULL),(915,917,'水坡镇横堤村党支部',NULL,NULL,NULL,NULL,NULL,NULL,NULL,NULL),(916,918,'史桥村党支部',NULL,NULL,NULL,NULL,NULL,NULL,NULL,NULL),(917,919,'西黄庄村党支部',NULL,NULL,NULL,NULL,NULL,NULL,NULL,NULL),(918,920,'中山村党支部',NULL,NULL,NULL,NULL,NULL,NULL,NULL,NULL),(919,921,'大马乡李家村党支部',NULL,NULL,NULL,NULL,NULL,NULL,NULL,NULL),(920,922,'洼张村党支部',NULL,NULL,NULL,NULL,NULL,NULL,NULL,NULL),(921,923,'水坡镇盆刘村党支部',NULL,NULL,NULL,NULL,NULL,NULL,NULL,NULL),(922,924,'水坡镇耿庙村党支部',NULL,NULL,NULL,NULL,NULL,NULL,NULL,NULL),(923,925,'水坡镇海清郭村党支部',NULL,NULL,NULL,NULL,NULL,NULL,NULL,NULL),(924,926,'水坡镇南水坡村党支部',NULL,NULL,NULL,NULL,NULL,NULL,NULL,NULL),(925,927,'大马乡任泽村党支部',NULL,NULL,NULL,NULL,NULL,NULL,NULL,NULL),(926,928,'产业集聚区七里河村党支部',NULL,NULL,NULL,NULL,NULL,NULL,NULL,NULL),(927,929,'产业集聚区七里河村党支部',NULL,NULL,NULL,NULL,NULL,NULL,NULL,NULL),(928,930,'大马乡庙张村党支部',NULL,NULL,NULL,NULL,NULL,NULL,NULL,NULL),(929,931,'朱曲镇花李村党支部',NULL,NULL,NULL,NULL,NULL,NULL,NULL,NULL),(930,932,'凉马胡村党支部',NULL,NULL,NULL,NULL,NULL,NULL,NULL,NULL),(931,933,'朱曲镇仝庄村党支部',NULL,NULL,NULL,NULL,NULL,NULL,NULL,NULL),(932,934,'大马乡雁黄村党支部',NULL,NULL,NULL,NULL,NULL,NULL,NULL,NULL),(933,935,'朱曲镇双庙吴村党支部',NULL,NULL,NULL,NULL,NULL,NULL,NULL,NULL),(934,936,'大马乡郭家村党支部',NULL,NULL,NULL,NULL,NULL,NULL,NULL,NULL),(935,937,'大马乡陈石村党支部',NULL,NULL,NULL,NULL,NULL,NULL,NULL,NULL),(936,938,'朱曲镇山字村党支部',NULL,NULL,NULL,NULL,NULL,NULL,NULL,NULL),(937,939,'大马乡马古岗村党支部',NULL,NULL,NULL,NULL,NULL,NULL,NULL,NULL),(938,940,'大马乡双岭岗村党支部',NULL,NULL,NULL,NULL,NULL,NULL,NULL,NULL),(939,941,'孟家村党支部',NULL,NULL,NULL,NULL,NULL,NULL,NULL,NULL),(940,942,'孟家村党支部',NULL,NULL,NULL,NULL,NULL,NULL,NULL,NULL),(941,943,'孟家村党支部',NULL,NULL,NULL,NULL,NULL,NULL,NULL,NULL),(942,944,'孟家村党支部',NULL,NULL,NULL,NULL,NULL,NULL,NULL,NULL),(943,945,'孟家村党支部',NULL,NULL,NULL,NULL,NULL,NULL,NULL,NULL),(944,946,'朱曲镇胡张村党支部',NULL,NULL,NULL,NULL,NULL,NULL,NULL,NULL),(945,947,'朱曲镇史井村党支部',NULL,NULL,NULL,NULL,NULL,NULL,NULL,NULL),(946,948,'大马乡岗李村党支部',NULL,NULL,NULL,NULL,NULL,NULL,NULL,NULL),(947,949,'大马乡八里庙村党支部',NULL,NULL,NULL,NULL,NULL,NULL,NULL,NULL),(948,950,'仓王村党支部',NULL,NULL,NULL,NULL,NULL,NULL,NULL,NULL),(949,951,'朱曲镇窝口赵村党支部',NULL,NULL,NULL,NULL,NULL,NULL,NULL,NULL),(950,952,'段庄村党支部',NULL,NULL,NULL,NULL,NULL,NULL,NULL,NULL),(951,953,'大马乡井赵村党支部',NULL,NULL,NULL,NULL,NULL,NULL,NULL,NULL),(952,954,'大马乡前宫村党支部',NULL,NULL,NULL,NULL,NULL,NULL,NULL,NULL),(953,955,'西范庄村党支部',NULL,NULL,NULL,NULL,NULL,NULL,NULL,NULL),(954,956,'朱曲镇火巴张村党支部',NULL,NULL,NULL,NULL,NULL,NULL,NULL,NULL),(955,957,'东黎岗村党支部',NULL,NULL,NULL,NULL,NULL,NULL,NULL,NULL),(956,958,'西黎岗村党支部',NULL,NULL,NULL,NULL,NULL,NULL,NULL,NULL),(957,959,'胡家村党支部',NULL,NULL,NULL,NULL,NULL,NULL,NULL,NULL),(958,960,'朱曲镇黄庄村党支部',NULL,NULL,NULL,NULL,NULL,NULL,NULL,NULL),(959,961,'占庄村党支部',NULL,NULL,NULL,NULL,NULL,NULL,NULL,NULL),(960,962,'后高村党支部',NULL,NULL,NULL,NULL,NULL,NULL,NULL,NULL),(961,963,'马口村党支部',NULL,NULL,NULL,NULL,NULL,NULL,NULL,NULL),(962,964,'霍庄村党支部',NULL,NULL,NULL,NULL,NULL,NULL,NULL,NULL),(963,965,'前翟村党支部',NULL,NULL,NULL,NULL,NULL,NULL,NULL,NULL),(964,966,'冉家村党支部',NULL,NULL,NULL,NULL,NULL,NULL,NULL,NULL),(965,967,'袁口村党支部',NULL,NULL,NULL,NULL,NULL,NULL,NULL,NULL),(966,968,'水寨村党支部',NULL,NULL,NULL,NULL,NULL,NULL,NULL,NULL),(967,969,'黄寨村党支部',NULL,NULL,NULL,NULL,NULL,NULL,NULL,NULL),(968,970,'老庄师村党支部',NULL,NULL,NULL,NULL,NULL,NULL,NULL,NULL),(969,971,'金寨村党支部',NULL,NULL,NULL,NULL,NULL,NULL,NULL,NULL),(970,972,'朱曲镇刘庄村党支部',NULL,NULL,NULL,NULL,NULL,NULL,NULL,NULL),(971,973,'聂家村党支部',NULL,NULL,NULL,NULL,NULL,NULL,NULL,NULL),(972,974,'凌岗村党支部',NULL,NULL,NULL,NULL,NULL,NULL,NULL,NULL),(973,975,'红莲张村党支部',NULL,NULL,NULL,NULL,NULL,NULL,NULL,NULL),(974,976,'打车周村党支部',NULL,NULL,NULL,NULL,NULL,NULL,NULL,NULL),(975,977,'三柳村党支部',NULL,NULL,NULL,NULL,NULL,NULL,NULL,NULL),(976,978,'朱曲镇秦楼村党支部',NULL,NULL,NULL,NULL,NULL,NULL,NULL,NULL),(977,979,'冉村党支部',NULL,NULL,NULL,NULL,NULL,NULL,NULL,NULL),(978,980,'陈村党支部',NULL,NULL,NULL,NULL,NULL,NULL,NULL,NULL),(979,981,'朱曲镇古庄村党支部',NULL,NULL,NULL,NULL,NULL,NULL,NULL,NULL),(980,982,'韩佐村党支部',NULL,NULL,NULL,NULL,NULL,NULL,NULL,NULL),(981,983,'东范庄村党支部',NULL,NULL,NULL,NULL,NULL,NULL,NULL,NULL),(982,984,'王寨村党支部',NULL,NULL,NULL,NULL,NULL,NULL,NULL,NULL),(983,985,'大马乡后宫村党支部',NULL,NULL,NULL,NULL,NULL,NULL,NULL,NULL),(984,986,'刘庄村党支部',NULL,NULL,NULL,NULL,NULL,NULL,NULL,NULL),(985,987,'白潭村党支部',NULL,NULL,NULL,NULL,NULL,NULL,NULL,NULL),(986,988,'朱曲镇后赵村党支部',NULL,NULL,NULL,NULL,NULL,NULL,NULL,NULL),(987,989,'白楼村党支部',NULL,NULL,NULL,NULL,NULL,NULL,NULL,NULL),(988,990,'大马乡牛庄村党支部',NULL,NULL,NULL,NULL,NULL,NULL,NULL,NULL),(989,991,'刘符陈村党支部',NULL,NULL,NULL,NULL,NULL,NULL,NULL,NULL),(990,992,'朱曲镇陈庄村党支部',NULL,NULL,NULL,NULL,NULL,NULL,NULL,NULL),(991,993,'司马村党支部',NULL,NULL,NULL,NULL,NULL,NULL,NULL,NULL),(992,994,'大马乡马庄村党支部',NULL,NULL,NULL,NULL,NULL,NULL,NULL,NULL),(993,995,'台子岗村党支部',NULL,NULL,NULL,NULL,NULL,NULL,NULL,NULL),(994,996,'孙留村党支部',NULL,NULL,NULL,NULL,NULL,NULL,NULL,NULL),(995,997,'大马乡胡陈村党支部',NULL,NULL,NULL,NULL,NULL,NULL,NULL,NULL),(996,998,'乔寨村党支部',NULL,NULL,NULL,NULL,NULL,NULL,NULL,NULL),(997,999,'王楼村党支部',NULL,NULL,NULL,NULL,NULL,NULL,NULL,NULL),(998,1000,'大马乡门张村党支部',NULL,NULL,NULL,NULL,NULL,NULL,NULL,NULL),(999,1001,'闫岗村党支部',NULL,NULL,NULL,NULL,NULL,NULL,NULL,NULL),(1000,1002,'大马乡鲁家村党支部',NULL,NULL,NULL,NULL,NULL,NULL,NULL,NULL),(1001,1003,'朱曲镇米庄村党支部',NULL,NULL,NULL,NULL,NULL,NULL,NULL,NULL),(1002,1004,'前双村党支部',NULL,NULL,NULL,NULL,NULL,NULL,NULL,NULL),(1003,1005,'齐庄村党支部',NULL,NULL,NULL,NULL,NULL,NULL,NULL,NULL),(1004,1006,'大马乡庙陈村党支部',NULL,NULL,NULL,NULL,NULL,NULL,NULL,NULL),(1005,1007,'后双村党支部',NULL,NULL,NULL,NULL,NULL,NULL,NULL,NULL),(1006,1008,'朱曲镇山魏村党支部',NULL,NULL,NULL,NULL,NULL,NULL,NULL,NULL),(1007,1009,'大马乡周家村党支部',NULL,NULL,NULL,NULL,NULL,NULL,NULL,NULL),(1008,1010,'丁岗村党支部',NULL,NULL,NULL,NULL,NULL,NULL,NULL,NULL),(1009,1011,'吴庄村党支部',NULL,NULL,NULL,NULL,NULL,NULL,NULL,NULL),(1010,1012,'唐庄村党支部',NULL,NULL,NULL,NULL,NULL,NULL,NULL,NULL),(1011,1013,'双庄村党支部',NULL,NULL,NULL,NULL,NULL,NULL,NULL,NULL),(1012,1014,'阮庄村党支部',NULL,NULL,NULL,NULL,NULL,NULL,NULL,NULL),(1013,1015,'常岗村党支部',NULL,NULL,NULL,NULL,NULL,NULL,NULL,NULL),(1014,1016,'朱曲镇赵刘村党支部',NULL,NULL,NULL,NULL,NULL,NULL,NULL,NULL),(1015,1017,'李岗村党支部',NULL,NULL,NULL,NULL,NULL,NULL,NULL,NULL),(1016,1018,'黄岗村党支部',NULL,NULL,NULL,NULL,NULL,NULL,NULL,NULL),(1017,1019,'后杜柏村党支部',NULL,NULL,NULL,NULL,NULL,NULL,NULL,NULL),(1018,1020,'朱曲镇焦庄村党支部',NULL,NULL,NULL,NULL,NULL,NULL,NULL,NULL),(1019,1021,'中杜柏村党支部',NULL,NULL,NULL,NULL,NULL,NULL,NULL,NULL),(1020,1022,'朱曲镇卢庄村党支部',NULL,NULL,NULL,NULL,NULL,NULL,NULL,NULL),(1021,1023,'朱曲镇许官寺村党支部',NULL,NULL,NULL,NULL,NULL,NULL,NULL,NULL),(1022,1024,'门楼任村党支部',NULL,NULL,NULL,NULL,NULL,NULL,NULL,NULL),(1023,1025,'朱曲镇毛寨村党支部',NULL,NULL,NULL,NULL,NULL,NULL,NULL,NULL),(1110,1026,'陈家村党支部',NULL,NULL,NULL,NULL,NULL,NULL,NULL,NULL),(1111,1027,'赵家村党支部',NULL,NULL,NULL,NULL,NULL,NULL,NULL,NULL),(1112,1028,'大齐村党支部',NULL,NULL,NULL,NULL,NULL,NULL,NULL,NULL),(1113,1029,'郑家村党支部',NULL,NULL,NULL,NULL,NULL,NULL,NULL,NULL),(1114,1030,'赵存村党支部',NULL,NULL,NULL,NULL,NULL,NULL,NULL,NULL),(1115,1031,'李家村党支部',NULL,NULL,NULL,NULL,NULL,NULL,NULL,NULL),(1116,1032,'卜家村党支部',NULL,NULL,NULL,NULL,NULL,NULL,NULL,NULL),(1117,1033,'郭潘王村党支部',NULL,NULL,NULL,NULL,NULL,NULL,NULL,NULL),(1118,1034,'花张村党支部',NULL,NULL,NULL,NULL,NULL,NULL,NULL,NULL),(1119,1035,'闫前村党支部',NULL,NULL,NULL,NULL,NULL,NULL,NULL,NULL),(1120,1036,'新庄村党支部',NULL,NULL,NULL,NULL,NULL,NULL,NULL,NULL),(1121,1037,'闫后村党支部',NULL,NULL,NULL,NULL,NULL,NULL,NULL,NULL),(1122,1038,'南袁庄村党支部',NULL,NULL,NULL,NULL,NULL,NULL,NULL,NULL),(1123,1039,'王庄村党支部',NULL,NULL,NULL,NULL,NULL,NULL,NULL,NULL),(1124,1040,'靳老村党支部',NULL,NULL,NULL,NULL,NULL,NULL,NULL,NULL),(1125,1041,'史庄村党支部',NULL,NULL,NULL,NULL,NULL,NULL,NULL,NULL),(1126,1042,'江曲村党支部',NULL,NULL,NULL,NULL,NULL,NULL,NULL,NULL),(1127,1043,'陈家村党支部',NULL,NULL,NULL,NULL,NULL,NULL,NULL,NULL),(1128,1044,'司马村党支部',NULL,NULL,NULL,NULL,NULL,NULL,NULL,NULL),(1129,1045,'小齐村党支部',NULL,NULL,NULL,NULL,NULL,NULL,NULL,NULL),(1130,1046,'圉村党支部',NULL,NULL,NULL,NULL,NULL,NULL,NULL,NULL),(1131,1047,'西贾村党支部',NULL,NULL,NULL,NULL,NULL,NULL,NULL,NULL),(1132,1048,'东贾村党支部',NULL,NULL,NULL,NULL,NULL,NULL,NULL,NULL),(1133,1049,'后寨村党支部',NULL,NULL,NULL,NULL,NULL,NULL,NULL,NULL),(1134,1050,'睢老庄村党支部',NULL,NULL,NULL,NULL,NULL,NULL,NULL,NULL),(1135,1051,'前马村党支部',NULL,NULL,NULL,NULL,NULL,NULL,NULL,NULL),(1136,1052,'前张村党支部',NULL,NULL,NULL,NULL,NULL,NULL,NULL,NULL),(1137,1053,'前张村党支部',NULL,NULL,NULL,NULL,NULL,NULL,NULL,NULL),(1138,1054,'后马村党支部',NULL,NULL,NULL,NULL,NULL,NULL,NULL,NULL),(1139,1055,'中张村党支部',NULL,NULL,NULL,NULL,NULL,NULL,NULL,NULL),(1140,1056,'钱家村党支部',NULL,NULL,NULL,NULL,NULL,NULL,NULL,NULL),(1141,1057,'张庄村党支部',NULL,NULL,NULL,NULL,NULL,NULL,NULL,NULL),(1142,1058,'沙沃村党支部',NULL,NULL,NULL,NULL,NULL,NULL,NULL,NULL),(1143,1059,'新栗村党支部',NULL,NULL,NULL,NULL,NULL,NULL,NULL,NULL),(1144,1060,'栗林村党支部',NULL,NULL,NULL,NULL,NULL,NULL,NULL,NULL),(1145,1061,'东周杨村党支部',NULL,NULL,NULL,NULL,NULL,NULL,NULL,NULL),(1146,1062,'西周杨村党支部',NULL,NULL,NULL,NULL,NULL,NULL,NULL,NULL),(1147,1063,'文家村党支部',NULL,NULL,NULL,NULL,NULL,NULL,NULL,NULL),(1148,1064,'蔡家村党支部',NULL,NULL,NULL,NULL,NULL,NULL,NULL,NULL),(1149,1065,'蔡庄镇留石寺村党支部',NULL,NULL,NULL,NULL,NULL,NULL,NULL,NULL),(1150,1066,'蔡庄镇郑坡村党支部',NULL,NULL,NULL,NULL,NULL,NULL,NULL,NULL),(1151,1067,'蔡庄镇时村党支部',NULL,NULL,NULL,NULL,NULL,NULL,NULL,NULL),(1152,1068,'蔡庄镇南街村党支部',NULL,NULL,NULL,NULL,NULL,NULL,NULL,NULL),(1153,1069,'蔡庄镇三楼村党支部',NULL,NULL,NULL,NULL,NULL,NULL,NULL,NULL),(1154,1070,'蔡庄镇刘拐村党支部',NULL,NULL,NULL,NULL,NULL,NULL,NULL,NULL),(1155,1071,'蔡庄镇北街村党支部',NULL,NULL,NULL,NULL,NULL,NULL,NULL,NULL),(1156,1072,'蔡庄镇小张村党支部',NULL,NULL,NULL,NULL,NULL,NULL,NULL,NULL),(1157,1073,'蔡庄镇大张村党支部',NULL,NULL,NULL,NULL,NULL,NULL,NULL,NULL),(1158,1074,'蔡庄镇后黄村党支部',NULL,NULL,NULL,NULL,NULL,NULL,NULL,NULL),(1159,1075,'蔡庄镇南孟村党支部',NULL,NULL,NULL,NULL,NULL,NULL,NULL,NULL),(1160,1076,'蔡庄镇罗庄村党支部',NULL,NULL,NULL,NULL,NULL,NULL,NULL,NULL),(1161,1077,'蔡庄镇鹿村党支部',NULL,NULL,NULL,NULL,NULL,NULL,NULL,NULL),(1162,1078,'蔡庄镇北孟村党支部',NULL,NULL,NULL,NULL,NULL,NULL,NULL,NULL),(1163,1079,'蔡庄镇尚庄村党支部',NULL,NULL,NULL,NULL,NULL,NULL,NULL,NULL),(1164,1080,'庄头镇马家村党支部',NULL,NULL,NULL,NULL,NULL,NULL,NULL,NULL),(1165,1081,'蔡庄镇水台村党支部',NULL,NULL,NULL,NULL,NULL,NULL,NULL,NULL),(1166,1082,'蔡庄镇高庄村党支部',NULL,NULL,NULL,NULL,NULL,NULL,NULL,NULL),(1167,1083,'蔡庄镇吕庄村党支部',NULL,NULL,NULL,NULL,NULL,NULL,NULL,NULL),(1168,1084,'蔡庄镇前王村党支部',NULL,NULL,NULL,NULL,NULL,NULL,NULL,NULL),(1169,1085,'蔡庄镇貊寨村党支部',NULL,NULL,NULL,NULL,NULL,NULL,NULL,NULL),(1170,1086,'蔡庄镇东街村党支部',NULL,NULL,NULL,NULL,NULL,NULL,NULL,NULL),(1171,1087,'蔡庄镇西街村党支部',NULL,NULL,NULL,NULL,NULL,NULL,NULL,NULL),(1172,1088,'蔡庄镇大新庄村党支部',NULL,NULL,NULL,NULL,NULL,NULL,NULL,NULL),(1173,1089,'蔡庄镇宋庄村党支部',NULL,NULL,NULL,NULL,NULL,NULL,NULL,NULL),(1174,1090,'蔡庄镇泥张村党支部',NULL,NULL,NULL,NULL,NULL,NULL,NULL,NULL),(1175,1091,'蔡庄镇湾孙村党支部',NULL,NULL,NULL,NULL,NULL,NULL,NULL,NULL),(1176,1092,'蔡庄镇大朱村党支部',NULL,NULL,NULL,NULL,NULL,NULL,NULL,NULL),(1177,1093,'蔡庄镇香王村党支部',NULL,NULL,NULL,NULL,NULL,NULL,NULL,NULL),(1178,1094,'蔡庄镇胡新庄村党支部',NULL,NULL,NULL,NULL,NULL,NULL,NULL,NULL),(1179,1095,'蔡庄镇瑶台村党支部',NULL,NULL,NULL,NULL,NULL,NULL,NULL,NULL),(1180,1096,'蔡庄镇舍茶岗村党支部',NULL,NULL,NULL,NULL,NULL,NULL,NULL,NULL),(1181,1097,'蔡庄镇孟楼村党支部',NULL,NULL,NULL,NULL,NULL,NULL,NULL,NULL),(1182,1098,'蔡庄镇蛮杨村党支部',NULL,NULL,NULL,NULL,NULL,NULL,NULL,NULL),(1183,1099,'蔡庄镇东安头村党支部',NULL,NULL,NULL,NULL,NULL,NULL,NULL,NULL),(1184,1100,'蔡庄镇西安头村党支部',NULL,NULL,NULL,NULL,NULL,NULL,NULL,NULL),(1185,1101,'蔡庄镇刘庄村党支部',NULL,NULL,NULL,NULL,NULL,NULL,NULL,NULL),(1186,1102,'蔡庄镇隗村党支部',NULL,NULL,NULL,NULL,NULL,NULL,NULL,NULL),(1187,1103,'蔡庄镇马湾村党支部',NULL,NULL,NULL,NULL,NULL,NULL,NULL,NULL),(1188,1104,'蔡庄镇高庙寨村党支部',NULL,NULL,NULL,NULL,NULL,NULL,NULL,NULL),(1189,1105,'蔡庄镇郭庄村党支部',NULL,NULL,NULL,NULL,NULL,NULL,NULL,NULL),(1190,1106,'小寨村党支部',NULL,NULL,NULL,NULL,NULL,NULL,NULL,NULL),(1191,1107,'石潭村党支部',NULL,NULL,NULL,NULL,NULL,NULL,NULL,NULL),(1192,1108,'前大庄村党支部',NULL,NULL,NULL,NULL,NULL,NULL,NULL,NULL),(1193,1109,'张市村党支部',NULL,NULL,NULL,NULL,NULL,NULL,NULL,NULL),(1194,1110,'坡庄村党支部',NULL,NULL,NULL,NULL,NULL,NULL,NULL,NULL),(1195,1111,'后大庄村党支部',NULL,NULL,NULL,NULL,NULL,NULL,NULL,NULL),(1196,1112,'吴岗村党支部',NULL,NULL,NULL,NULL,NULL,NULL,NULL,NULL),(1197,1113,'老集村党支部',NULL,NULL,NULL,NULL,NULL,NULL,NULL,NULL),(1198,1114,'王老村党支部',NULL,NULL,NULL,NULL,NULL,NULL,NULL,NULL),(1199,1115,'陆口村党支部',NULL,NULL,NULL,NULL,NULL,NULL,NULL,NULL),(1200,1116,'孔庄村党支部',NULL,NULL,NULL,NULL,NULL,NULL,NULL,NULL),(1201,1117,'刘庄村党支部',NULL,NULL,NULL,NULL,NULL,NULL,NULL,NULL),(1202,1118,'崔庄村党支部',NULL,NULL,NULL,NULL,NULL,NULL,NULL,NULL),(1203,1119,'尹庄村党支部',NULL,NULL,NULL,NULL,NULL,NULL,NULL,NULL),(1204,1120,'边岗村党支部',NULL,NULL,NULL,NULL,NULL,NULL,NULL,NULL),(1205,1121,'郭家村党支部',NULL,NULL,NULL,NULL,NULL,NULL,NULL,NULL),(1206,1122,'南谢村党支部',NULL,NULL,NULL,NULL,NULL,NULL,NULL,NULL),(1207,1123,'北谢村党支部',NULL,NULL,NULL,NULL,NULL,NULL,NULL,NULL),(1208,1124,'郑岗村党支部',NULL,NULL,NULL,NULL,NULL,NULL,NULL,NULL),(1209,1125,'东万村党支部',NULL,NULL,NULL,NULL,NULL,NULL,NULL,NULL),(1210,1126,'西万村党支部',NULL,NULL,NULL,NULL,NULL,NULL,NULL,NULL),(1211,1127,'沈家村党支部',NULL,NULL,NULL,NULL,NULL,NULL,NULL,NULL),(1212,1128,'沙门村党支部',NULL,NULL,NULL,NULL,NULL,NULL,NULL,NULL),(1213,1129,'冯岗村党支部',NULL,NULL,NULL,NULL,NULL,NULL,NULL,NULL),(1214,1130,'高庄村党支部',NULL,NULL,NULL,NULL,NULL,NULL,NULL,NULL),(1218,1134,'jk各个',NULL,NULL,'324','234',NULL,NULL,NULL,NULL),(1220,1142,'发改委党委',NULL,NULL,'发改委办公室','2332243',NULL,NULL,NULL,NULL),(1221,1143,'水利局党委',NULL,NULL,'水利局','',NULL,NULL,NULL,NULL),(1222,1144,'公安局党委',NULL,NULL,'公安局','',NULL,NULL,NULL,NULL),(1223,1145,'供电局党委',NULL,NULL,'供电局','',NULL,NULL,NULL,NULL),(1224,1146,'商务局党委',NULL,NULL,'商务局','',NULL,NULL,NULL,NULL),(1225,1147,'粮食局党委',NULL,NULL,'粮食局','',NULL,NULL,NULL,NULL),(1226,1148,'农业局党委',NULL,NULL,'农业局','',NULL,NULL,NULL,NULL),(1227,1149,'住建局党委',NULL,NULL,'住建局','',NULL,NULL,NULL,NULL),(1228,1150,'卫生局党委',NULL,NULL,'卫生局','',NULL,NULL,NULL,NULL),(1229,1151,'人社局党委',NULL,NULL,'人社局','',NULL,NULL,NULL,NULL),(1230,1152,'交通局党委',NULL,NULL,'交通局','',NULL,NULL,NULL,NULL),(1231,1153,'教体局党委',NULL,NULL,'教体局','',NULL,NULL,NULL,NULL),(1232,1154,'发改委机关党支部',NULL,NULL,'发改委','',NULL,NULL,NULL,NULL),(1233,1155,'公安局户政大厅党支部',NULL,NULL,'公安局户政大厅','',NULL,NULL,NULL,NULL),(1234,1156,'公安局出入境接待大厅党支部',NULL,NULL,'公安局出入境接待大厅','',NULL,NULL,NULL,NULL),(1235,1157,'车管所党支部',NULL,NULL,'车管所','',NULL,NULL,NULL,NULL),(1236,1158,'劳动就业服务中心党支部',NULL,NULL,'劳动就业服务中心','',NULL,NULL,NULL,NULL),(1237,1159,'企业养老保险局党支部',NULL,NULL,'企业养老保险局','',NULL,NULL,NULL,NULL),(1238,1160,'机关事业养老保险中心党支部',NULL,NULL,'机关事业养老保险中心','',NULL,NULL,NULL,NULL),(1239,1161,'社会医疗保险中心党支部',NULL,NULL,'社会医疗保险中心','',NULL,NULL,NULL,NULL),(1240,1162,'人口计生委党支部',NULL,NULL,'人口计生委','',NULL,NULL,NULL,NULL),(1241,1163,'新型农村合作医疗服务中心党支部',NULL,NULL,'新型农村合作医疗服务中心','',NULL,NULL,NULL,NULL),(1242,1164,'县直工委',NULL,NULL,'财政局','',NULL,NULL,NULL,NULL),(1243,1165,'财政局党支部',NULL,NULL,'财政局','',NULL,NULL,NULL,NULL),(1244,1167,'机关事业养老保险中心',NULL,NULL,'地址：尉氏县建设路北段中国银行院内 \r\n乘车路线：2、3、5、6路公交车到中国银行下车 \r\n办公时间：上午：8:00-12:00   下午：3:00-6:30（夏） 2:30-6:00（冬） ','',NULL,'2016-03-07 17:52:17',NULL,10),(1245,1168,'残联',NULL,NULL,'残联','','2016-03-13 13:04:15',NULL,10,NULL),(1246,1177,'机关事业养老保险中心',NULL,NULL,'机关事业养老保险中心','03223232',NULL,NULL,NULL,NULL);
/*!40000 ALTER TABLE `party_group` ENABLE KEYS */;
UNLOCK TABLES;

--
-- Table structure for table `party_relationship`
--

DROP TABLE IF EXISTS `party_relationship`;
/*!40101 SET @saved_cs_client     = @@character_set_client */;
/*!40101 SET character_set_client = utf8 */;
CREATE TABLE `party_relationship` (
  `party_relationship_id` bigint(20) NOT NULL AUTO_INCREMENT,
  `party_relationship_type_id` bigint(20) DEFAULT NULL,
  `party_id_from` bigint(20) DEFAULT NULL,
  `party_id_to` bigint(20) DEFAULT NULL,
  `role_type_id_from` bigint(20) DEFAULT NULL,
  `role_type_id_to` bigint(20) DEFAULT NULL,
  `from_date` date DEFAULT NULL,
  `thru_date` date DEFAULT NULL,
  `status_id` bigint(20) DEFAULT NULL,
  `created_time` datetime DEFAULT NULL,
  `last_updated_time` datetime DEFAULT NULL,
  `created_by_user` bigint(20) DEFAULT NULL,
  `last_updated_by_user` bigint(20) DEFAULT NULL,
  PRIMARY KEY (`party_relationship_id`),
  KEY `FK_jr9` (`party_relationship_type_id`),
  CONSTRAINT `FK_jr9` FOREIGN KEY (`party_relationship_type_id`) REFERENCES `party_relationship_type` (`party_relationship_type_id`)
) ENGINE=InnoDB AUTO_INCREMENT=2228 DEFAULT CHARSET=utf8;
/*!40101 SET character_set_client = @saved_cs_client */;

--
-- Dumping data for table `party_relationship`
--

LOCK TABLES `party_relationship` WRITE;
/*!40000 ALTER TABLE `party_relationship` DISABLE KEYS */;
INSERT INTO `party_relationship` VALUES (1,3,1,2,1,2,'2015-08-08',NULL,0,'2015-08-08 18:33:35',NULL,-2,NULL),(2,1,1,3,1,1,'2015-08-25',NULL,0,'2015-08-25 15:27:27',NULL,-2,NULL),(3,1,1,4,1,1,'2015-09-03',NULL,0,'2015-09-03 23:33:37',NULL,-2,NULL),(4,1,3,5,1,1,'2015-09-03',NULL,0,'2015-09-03 23:34:24',NULL,-2,NULL),(5,1,4,6,1,1,'2015-09-03',NULL,0,'2015-09-03 23:34:44',NULL,-2,NULL),(8,2,2,5,1,1,'2015-09-05',NULL,0,'2015-09-05 16:29:25',NULL,-2,NULL),(9,2,2,6,1,1,'2015-09-05',NULL,0,'2015-09-05 16:34:51',NULL,-2,NULL),(10,1,2,7,1,1,'2015-09-05',NULL,0,'2015-09-05 19:45:04',NULL,10,NULL),(11,1,1,8,1,1,'2015-09-03',NULL,0,NULL,NULL,NULL,NULL),(12,1,1,9,1,1,'2015-09-03',NULL,0,NULL,NULL,NULL,NULL),(13,1,1,10,1,1,'2015-09-03',NULL,0,NULL,NULL,NULL,NULL),(14,1,1,11,1,1,'2015-09-03',NULL,0,NULL,NULL,NULL,NULL),(15,1,1,12,1,1,'2015-09-03',NULL,0,NULL,NULL,NULL,NULL),(16,1,1,13,1,1,'2015-09-03',NULL,0,NULL,NULL,NULL,NULL),(17,1,1,14,1,1,'2015-09-03',NULL,0,NULL,NULL,NULL,NULL),(18,1,1,15,1,1,'2015-09-03',NULL,0,NULL,NULL,NULL,NULL),(19,1,1,16,1,1,'2015-09-03',NULL,0,NULL,NULL,NULL,NULL),(20,1,1,17,1,1,'2015-09-03',NULL,0,NULL,NULL,NULL,NULL),(21,1,1,18,1,1,'2015-09-03',NULL,0,NULL,NULL,NULL,NULL),(22,1,1,19,1,1,'2015-09-03',NULL,0,NULL,NULL,NULL,NULL),(23,1,1,20,1,1,'2015-09-03',NULL,0,NULL,NULL,NULL,NULL),(24,1,1,21,1,1,'2015-09-03',NULL,0,NULL,NULL,NULL,NULL),(25,1,1,22,1,1,'2015-09-03',NULL,0,NULL,NULL,NULL,NULL),(26,1,1,23,1,1,'2015-09-03',NULL,0,NULL,NULL,NULL,NULL),(27,1,1,24,1,1,'2015-09-03',NULL,0,NULL,NULL,NULL,NULL),(28,1,1,25,1,1,'2015-09-03',NULL,0,NULL,NULL,NULL,NULL),(29,1,1,26,1,1,'2015-09-03',NULL,0,NULL,NULL,NULL,NULL),(30,1,1,27,1,1,'2015-09-03',NULL,0,NULL,NULL,NULL,NULL),(42,1,9,55,1,1,'2015-09-03',NULL,0,NULL,NULL,NULL,NULL),(43,1,9,56,1,1,'2015-09-03',NULL,0,NULL,NULL,NULL,NULL),(44,1,11,43,1,1,'2015-09-03',NULL,0,NULL,NULL,NULL,NULL),(45,1,11,51,1,1,'2015-09-03',NULL,0,NULL,NULL,NULL,NULL),(46,1,11,52,1,1,'2015-09-03',NULL,0,NULL,NULL,NULL,NULL),(47,1,11,59,1,1,'2015-09-03',NULL,0,NULL,NULL,NULL,NULL),(48,1,11,60,1,1,'2015-09-03',NULL,0,NULL,NULL,NULL,NULL),(49,1,12,44,1,1,'2015-09-03',NULL,0,NULL,NULL,NULL,NULL),(50,1,12,92,1,1,'2015-09-03',NULL,0,NULL,NULL,NULL,NULL),(51,1,12,93,1,1,'2015-09-03',NULL,0,NULL,NULL,NULL,NULL),(52,1,12,94,1,1,'2015-09-03',NULL,0,NULL,NULL,NULL,NULL),(53,1,12,95,1,1,'2015-09-03',NULL,0,NULL,NULL,NULL,NULL),(54,1,12,96,1,1,'2015-09-03',NULL,0,NULL,NULL,NULL,NULL),(55,1,12,97,1,1,'2015-09-03',NULL,0,NULL,NULL,NULL,NULL),(56,1,12,98,1,1,'2015-09-03',NULL,0,NULL,NULL,NULL,NULL),(57,1,12,99,1,1,'2015-09-03',NULL,0,NULL,NULL,NULL,NULL),(58,1,12,100,1,1,'2015-09-03',NULL,0,NULL,NULL,NULL,NULL),(59,1,12,101,1,1,'2015-09-03',NULL,0,NULL,NULL,NULL,NULL),(60,1,12,102,1,1,'2015-09-03',NULL,0,NULL,NULL,NULL,NULL),(61,1,12,103,1,1,'2015-09-03',NULL,0,NULL,NULL,NULL,NULL),(62,1,12,104,1,1,'2015-09-03',NULL,0,NULL,NULL,NULL,NULL),(63,1,12,105,1,1,'2015-09-03',NULL,0,NULL,NULL,NULL,NULL),(64,1,12,106,1,1,'2015-09-03',NULL,0,NULL,NULL,NULL,NULL),(65,1,12,107,1,1,'2015-09-03',NULL,0,NULL,NULL,NULL,NULL),(66,1,12,108,1,1,'2015-09-03',NULL,0,NULL,NULL,NULL,NULL),(67,1,12,109,1,1,'2015-09-03',NULL,0,NULL,NULL,NULL,NULL),(68,1,12,110,1,1,'2015-09-03',NULL,0,NULL,NULL,NULL,NULL),(69,1,12,111,1,1,'2015-09-03',NULL,0,NULL,NULL,NULL,NULL),(70,1,12,112,1,1,'2015-09-03',NULL,0,NULL,NULL,NULL,NULL),(71,1,12,113,1,1,'2015-09-03',NULL,0,NULL,NULL,NULL,NULL),(72,1,12,114,1,1,'2015-09-03',NULL,0,NULL,NULL,NULL,NULL),(74,1,18,54,1,1,'2015-09-03',NULL,0,NULL,NULL,NULL,NULL),(75,1,21,65,1,1,'2015-09-03',NULL,0,NULL,NULL,NULL,NULL),(76,1,22,46,1,1,'2015-09-03',NULL,0,NULL,NULL,NULL,NULL),(77,1,22,47,1,1,'2015-09-03',NULL,0,NULL,NULL,NULL,NULL),(78,1,22,49,1,1,'2015-09-03',NULL,0,NULL,NULL,NULL,NULL),(79,1,22,53,1,1,'2015-09-03',NULL,0,NULL,NULL,NULL,NULL),(80,1,24,57,1,1,'2015-09-03',NULL,0,NULL,NULL,NULL,NULL),(81,1,24,58,1,1,'2015-09-03',NULL,0,NULL,NULL,NULL,NULL),(82,1,24,115,1,1,'2015-09-03',NULL,0,NULL,NULL,NULL,NULL),(83,1,24,116,1,1,'2015-09-03',NULL,0,NULL,NULL,NULL,NULL),(84,1,24,117,1,1,'2015-09-03',NULL,0,NULL,NULL,NULL,NULL),(85,1,24,118,1,1,'2015-09-03',NULL,0,NULL,NULL,NULL,NULL),(86,1,24,119,1,1,'2015-09-03',NULL,0,NULL,NULL,NULL,NULL),(87,1,24,120,1,1,'2015-09-03',NULL,0,NULL,NULL,NULL,NULL),(88,1,24,121,1,1,'2015-09-03',NULL,0,NULL,NULL,NULL,NULL),(89,1,24,122,1,1,'2015-09-03',NULL,0,NULL,NULL,NULL,NULL),(90,1,26,39,1,1,'2015-09-03',NULL,0,NULL,NULL,NULL,NULL),(91,1,26,40,1,1,'2015-09-03',NULL,0,NULL,NULL,NULL,NULL),(92,1,26,41,1,1,'2015-09-03',NULL,0,NULL,NULL,NULL,NULL),(93,1,26,61,1,1,'2015-09-03',NULL,0,NULL,NULL,NULL,NULL),(94,1,26,62,1,1,'2015-09-03',NULL,0,NULL,NULL,NULL,NULL),(95,1,26,63,1,1,'2015-09-03',NULL,0,NULL,NULL,NULL,NULL),(96,1,26,64,1,1,'2015-09-03',NULL,0,NULL,NULL,NULL,NULL),(97,1,26,66,1,1,'2015-09-03',NULL,0,NULL,NULL,NULL,NULL),(98,1,26,67,1,1,'2015-09-03',NULL,0,NULL,NULL,NULL,NULL),(99,1,26,68,1,1,'2015-09-03',NULL,0,NULL,NULL,NULL,NULL),(100,1,26,69,1,1,'2015-09-03',NULL,0,NULL,NULL,NULL,NULL),(101,1,26,70,1,1,'2015-09-03',NULL,0,NULL,NULL,NULL,NULL),(102,1,26,71,1,1,'2015-09-03',NULL,0,NULL,NULL,NULL,NULL),(103,1,26,72,1,1,'2015-09-03',NULL,0,NULL,NULL,NULL,NULL),(104,1,26,73,1,1,'2015-09-03',NULL,0,NULL,NULL,NULL,NULL),(105,1,26,74,1,1,'2015-09-03',NULL,0,NULL,NULL,NULL,NULL),(106,1,26,75,1,1,'2015-09-03',NULL,0,NULL,NULL,NULL,NULL),(107,1,26,76,1,1,'2015-09-03',NULL,0,NULL,NULL,NULL,NULL),(108,1,26,77,1,1,'2015-09-03',NULL,0,NULL,NULL,NULL,NULL),(109,1,26,78,1,1,'2015-09-03',NULL,0,NULL,NULL,NULL,NULL),(110,1,26,79,1,1,'2015-09-03',NULL,0,NULL,NULL,NULL,NULL),(111,1,26,80,1,1,'2015-09-03',NULL,0,NULL,NULL,NULL,NULL),(112,1,26,81,1,1,'2015-09-03',NULL,0,NULL,NULL,NULL,NULL),(113,1,26,82,1,1,'2015-09-03',NULL,0,NULL,NULL,NULL,NULL),(114,1,26,83,1,1,'2015-09-03',NULL,0,NULL,NULL,NULL,NULL),(115,1,26,84,1,1,'2015-09-03',NULL,0,NULL,NULL,NULL,NULL),(116,1,26,85,1,1,'2015-09-03',NULL,0,NULL,NULL,NULL,NULL),(117,1,26,86,1,1,'2015-09-03',NULL,0,NULL,NULL,NULL,NULL),(118,1,26,87,1,1,'2015-09-03',NULL,0,NULL,NULL,NULL,NULL),(119,1,26,88,1,1,'2015-09-03',NULL,0,NULL,NULL,NULL,NULL),(120,1,26,89,1,1,'2015-09-03',NULL,0,NULL,NULL,NULL,NULL),(121,1,26,90,1,1,'2015-09-03',NULL,0,NULL,NULL,NULL,NULL),(122,1,26,91,1,1,'2015-09-03',NULL,0,NULL,NULL,NULL,NULL),(123,1,27,45,1,1,'2015-09-03',NULL,0,NULL,NULL,NULL,NULL),(124,1,27,48,1,1,'2015-09-03',NULL,0,NULL,NULL,NULL,NULL),(125,1,27,50,1,1,'2015-09-03',NULL,0,NULL,NULL,NULL,NULL),(126,1,8,151,1,1,'2015-09-03',NULL,0,NULL,NULL,NULL,NULL),(127,1,8,152,1,1,'2015-09-03',NULL,0,NULL,NULL,NULL,NULL),(128,1,8,153,1,1,'2015-09-03',NULL,0,NULL,NULL,NULL,NULL),(129,1,8,154,1,1,'2015-09-03',NULL,0,NULL,NULL,NULL,NULL),(130,1,8,155,1,1,'2015-09-03',NULL,0,NULL,NULL,NULL,NULL),(131,1,8,156,1,1,'2015-09-03',NULL,0,NULL,NULL,NULL,NULL),(132,1,8,157,1,1,'2015-09-03',NULL,0,NULL,NULL,NULL,NULL),(133,1,8,158,1,1,'2015-09-03',NULL,0,NULL,NULL,NULL,NULL),(134,1,9,159,1,1,'2015-09-03',NULL,0,NULL,NULL,NULL,NULL),(135,1,9,160,1,1,'2015-09-03',NULL,0,NULL,NULL,NULL,NULL),(136,1,9,161,1,1,'2015-09-03',NULL,0,NULL,NULL,NULL,NULL),(137,1,9,162,1,1,'2015-09-03',NULL,0,NULL,NULL,NULL,NULL),(138,1,9,163,1,1,'2015-09-03',NULL,0,NULL,NULL,NULL,NULL),(139,1,9,164,1,1,'2015-09-03',NULL,0,NULL,NULL,NULL,NULL),(140,1,9,165,1,1,'2015-09-03',NULL,0,NULL,NULL,NULL,NULL),(141,1,9,166,1,1,'2015-09-03',NULL,0,NULL,NULL,NULL,NULL),(142,1,9,167,1,1,'2015-09-03',NULL,0,NULL,NULL,NULL,NULL),(143,1,9,168,1,1,'2015-09-03',NULL,0,NULL,NULL,NULL,NULL),(144,1,9,169,1,1,'2015-09-03',NULL,0,NULL,NULL,NULL,NULL),(145,1,9,170,1,1,'2015-09-03',NULL,0,NULL,NULL,NULL,NULL),(146,1,9,171,1,1,'2015-09-03',NULL,0,NULL,NULL,NULL,NULL),(147,1,9,172,1,1,'2015-09-03',NULL,0,NULL,NULL,NULL,NULL),(148,1,9,173,1,1,'2015-09-03',NULL,0,NULL,NULL,NULL,NULL),(149,1,9,174,1,1,'2015-09-03',NULL,0,NULL,NULL,NULL,NULL),(150,1,9,175,1,1,'2015-09-03',NULL,0,NULL,NULL,NULL,NULL),(151,1,9,176,1,1,'2015-09-03',NULL,0,NULL,NULL,NULL,NULL),(152,1,9,177,1,1,'2015-09-03',NULL,0,NULL,NULL,NULL,NULL),(153,1,9,178,1,1,'2015-09-03',NULL,0,NULL,NULL,NULL,NULL),(154,1,9,179,1,1,'2015-09-03',NULL,0,NULL,NULL,NULL,NULL),(155,1,9,180,1,1,'2015-09-03',NULL,0,NULL,NULL,NULL,NULL),(156,1,9,181,1,1,'2015-09-03',NULL,0,NULL,NULL,NULL,NULL),(157,1,9,182,1,1,'2015-09-03',NULL,0,NULL,NULL,NULL,NULL),(158,1,9,183,1,1,'2015-09-03',NULL,0,NULL,NULL,NULL,NULL),(159,1,9,184,1,1,'2015-09-03',NULL,0,NULL,NULL,NULL,NULL),(160,1,9,185,1,1,'2015-09-03',NULL,0,NULL,NULL,NULL,NULL),(161,1,9,186,1,1,'2015-09-03',NULL,0,NULL,NULL,NULL,NULL),(162,1,9,187,1,1,'2015-09-03',NULL,0,NULL,NULL,NULL,NULL),(163,1,9,188,1,1,'2015-09-03',NULL,0,NULL,NULL,NULL,NULL),(164,1,9,189,1,1,'2015-09-03',NULL,0,NULL,NULL,NULL,NULL),(165,1,9,190,1,1,'2015-09-03',NULL,0,NULL,NULL,NULL,NULL),(166,1,9,191,1,1,'2015-09-03',NULL,0,NULL,NULL,NULL,NULL),(167,1,17,193,1,1,'2015-09-03',NULL,0,NULL,NULL,NULL,NULL),(168,1,17,194,1,1,'2015-09-03',NULL,0,NULL,NULL,NULL,NULL),(169,1,17,195,1,1,'2015-09-03',NULL,0,NULL,NULL,NULL,NULL),(170,1,17,196,1,1,'2015-09-03',NULL,0,NULL,NULL,NULL,NULL),(171,1,17,197,1,1,'2015-09-03',NULL,0,NULL,NULL,NULL,NULL),(172,1,17,199,1,1,'2015-09-03',NULL,0,NULL,NULL,NULL,NULL),(173,1,17,201,1,1,'2015-09-03',NULL,0,NULL,NULL,NULL,NULL),(174,1,17,202,1,1,'2015-09-03',NULL,0,NULL,NULL,NULL,NULL),(175,1,17,205,1,1,'2015-09-03',NULL,0,NULL,NULL,NULL,NULL),(176,1,17,206,1,1,'2015-09-03',NULL,0,NULL,NULL,NULL,NULL),(177,1,18,204,1,1,'2015-09-03',NULL,0,NULL,NULL,NULL,NULL),(178,1,21,135,1,1,'2015-09-03',NULL,0,NULL,NULL,NULL,NULL),(179,1,21,136,1,1,'2015-09-03',NULL,0,NULL,NULL,NULL,NULL),(180,1,21,200,1,1,'2015-09-03',NULL,0,NULL,NULL,NULL,NULL),(181,1,21,203,1,1,'2015-09-03',NULL,0,NULL,NULL,NULL,NULL),(182,1,22,192,1,1,'2015-09-03',NULL,0,NULL,NULL,NULL,NULL),(183,1,23,198,1,1,'2015-09-03',NULL,0,NULL,NULL,NULL,NULL),(184,1,24,123,1,1,'2015-09-03',NULL,0,NULL,NULL,NULL,NULL),(185,1,24,124,1,1,'2015-09-03',NULL,0,NULL,NULL,NULL,NULL),(186,1,24,125,1,1,'2015-09-03',NULL,0,NULL,NULL,NULL,NULL),(187,1,24,126,1,1,'2015-09-03',NULL,0,NULL,NULL,NULL,NULL),(188,1,24,127,1,1,'2015-09-03',NULL,0,NULL,NULL,NULL,NULL),(189,1,24,128,1,1,'2015-09-03',NULL,0,NULL,NULL,NULL,NULL),(190,1,24,129,1,1,'2015-09-03',NULL,0,NULL,NULL,NULL,NULL),(191,1,24,130,1,1,'2015-09-03',NULL,0,NULL,NULL,NULL,NULL),(192,1,24,131,1,1,'2015-09-03',NULL,0,NULL,NULL,NULL,NULL),(193,1,24,132,1,1,'2015-09-03',NULL,0,NULL,NULL,NULL,NULL),(194,1,24,133,1,1,'2015-09-03',NULL,0,NULL,NULL,NULL,NULL),(195,1,24,134,1,1,'2015-09-03',NULL,0,NULL,NULL,NULL,NULL),(196,1,24,137,1,1,'2015-09-03',NULL,0,NULL,NULL,NULL,NULL),(197,1,24,138,1,1,'2015-09-03',NULL,0,NULL,NULL,NULL,NULL),(198,1,24,139,1,1,'2015-09-03',NULL,0,NULL,NULL,NULL,NULL),(199,1,24,140,1,1,'2015-09-03',NULL,0,NULL,NULL,NULL,NULL),(200,1,24,141,1,1,'2015-09-03',NULL,0,NULL,NULL,NULL,NULL),(201,1,24,142,1,1,'2015-09-03',NULL,0,NULL,NULL,NULL,NULL),(202,1,24,143,1,1,'2015-09-03',NULL,0,NULL,NULL,NULL,NULL),(203,1,24,144,1,1,'2015-09-03',NULL,0,NULL,NULL,NULL,NULL),(204,1,24,145,1,1,'2015-09-03',NULL,0,NULL,NULL,NULL,NULL),(205,1,24,146,1,1,'2015-09-03',NULL,0,NULL,NULL,NULL,NULL),(206,1,24,147,1,1,'2015-09-03',NULL,0,NULL,NULL,NULL,NULL),(207,1,24,148,1,1,'2015-09-03',NULL,0,NULL,NULL,NULL,NULL),(208,1,24,149,1,1,'2015-09-03',NULL,0,NULL,NULL,NULL,NULL),(209,1,24,150,1,1,'2015-09-03',NULL,0,NULL,NULL,NULL,NULL),(210,1,10,213,1,1,'2015-09-03',NULL,0,NULL,NULL,NULL,NULL),(211,1,10,235,1,1,'2015-09-03',NULL,0,NULL,NULL,NULL,NULL),(212,1,10,239,1,1,'2015-09-03',NULL,0,NULL,NULL,NULL,NULL),(213,1,10,250,1,1,'2015-09-03',NULL,0,NULL,NULL,NULL,NULL),(214,1,10,251,1,1,'2015-09-03',NULL,0,NULL,NULL,NULL,NULL),(215,1,10,255,1,1,'2015-09-03',NULL,0,NULL,NULL,NULL,NULL),(216,1,10,257,1,1,'2015-09-03',NULL,0,NULL,NULL,NULL,NULL),(217,1,10,260,1,1,'2015-09-03',NULL,0,NULL,NULL,NULL,NULL),(218,1,10,262,1,1,'2015-09-03',NULL,0,NULL,NULL,NULL,NULL),(219,1,10,265,1,1,'2015-09-03',NULL,0,NULL,NULL,NULL,NULL),(220,1,10,267,1,1,'2015-09-03',NULL,0,NULL,NULL,NULL,NULL),(221,1,10,269,1,1,'2015-09-03',NULL,0,NULL,NULL,NULL,NULL),(222,1,10,271,1,1,'2015-09-03',NULL,0,NULL,NULL,NULL,NULL),(223,1,10,273,1,1,'2015-09-03',NULL,0,NULL,NULL,NULL,NULL),(224,1,10,275,1,1,'2015-09-03',NULL,0,NULL,NULL,NULL,NULL),(225,1,10,284,1,1,'2015-09-03',NULL,0,NULL,NULL,NULL,NULL),(226,1,10,288,1,1,'2015-09-03',NULL,0,NULL,NULL,NULL,NULL),(227,1,10,290,1,1,'2015-09-03',NULL,0,NULL,NULL,NULL,NULL),(228,1,14,256,1,1,'2015-09-03',NULL,0,NULL,NULL,NULL,NULL),(229,1,14,270,1,1,'2015-09-03',NULL,0,NULL,NULL,NULL,NULL),(230,1,14,272,1,1,'2015-09-03',NULL,0,NULL,NULL,NULL,NULL),(231,1,14,274,1,1,'2015-09-03',NULL,0,NULL,NULL,NULL,NULL),(232,1,14,276,1,1,'2015-09-03',NULL,0,NULL,NULL,NULL,NULL),(233,1,14,278,1,1,'2015-09-03',NULL,0,NULL,NULL,NULL,NULL),(234,1,14,280,1,1,'2015-09-03',NULL,0,NULL,NULL,NULL,NULL),(235,1,14,281,1,1,'2015-09-03',NULL,0,NULL,NULL,NULL,NULL),(236,1,14,282,1,1,'2015-09-03',NULL,0,NULL,NULL,NULL,NULL),(237,1,14,283,1,1,'2015-09-03',NULL,0,NULL,NULL,NULL,NULL),(238,1,14,286,1,1,'2015-09-03',NULL,0,NULL,NULL,NULL,NULL),(239,1,14,287,1,1,'2015-09-03',NULL,0,NULL,NULL,NULL,NULL),(240,1,14,289,1,1,'2015-09-03',NULL,0,NULL,NULL,NULL,NULL),(241,1,15,232,1,1,'2015-09-03',NULL,0,NULL,NULL,NULL,NULL),(242,1,16,240,1,1,'2015-09-03',NULL,0,NULL,NULL,NULL,NULL),(243,1,17,207,1,1,'2015-09-03',NULL,0,NULL,NULL,NULL,NULL),(244,1,17,209,1,1,'2015-09-03',NULL,0,NULL,NULL,NULL,NULL),(245,1,17,219,1,1,'2015-09-03',NULL,0,NULL,NULL,NULL,NULL),(246,1,17,259,1,1,'2015-09-03',NULL,0,NULL,NULL,NULL,NULL),(247,1,17,261,1,1,'2015-09-03',NULL,0,NULL,NULL,NULL,NULL),(248,1,17,264,1,1,'2015-09-03',NULL,0,NULL,NULL,NULL,NULL),(249,1,17,266,1,1,'2015-09-03',NULL,0,NULL,NULL,NULL,NULL),(250,1,17,268,1,1,'2015-09-03',NULL,0,NULL,NULL,NULL,NULL),(251,1,17,277,1,1,'2015-09-03',NULL,0,NULL,NULL,NULL,NULL),(252,1,17,279,1,1,'2015-09-03',NULL,0,NULL,NULL,NULL,NULL),(253,1,17,285,1,1,'2015-09-03',NULL,0,NULL,NULL,NULL,NULL),(254,1,18,224,1,1,'2015-09-03',NULL,0,NULL,NULL,NULL,NULL),(255,1,18,252,1,1,'2015-09-03',NULL,0,NULL,NULL,NULL,NULL),(256,1,18,258,1,1,'2015-09-03',NULL,0,NULL,NULL,NULL,NULL),(257,1,18,263,1,1,'2015-09-03',NULL,0,NULL,NULL,NULL,NULL),(258,1,20,237,1,1,'2015-09-03',NULL,0,NULL,NULL,NULL,NULL),(259,1,20,238,1,1,'2015-09-03',NULL,0,NULL,NULL,NULL,NULL),(260,1,20,241,1,1,'2015-09-03',NULL,0,NULL,NULL,NULL,NULL),(261,1,20,242,1,1,'2015-09-03',NULL,0,NULL,NULL,NULL,NULL),(262,1,20,244,1,1,'2015-09-03',NULL,0,NULL,NULL,NULL,NULL),(263,1,20,245,1,1,'2015-09-03',NULL,0,NULL,NULL,NULL,NULL),(264,1,20,246,1,1,'2015-09-03',NULL,0,NULL,NULL,NULL,NULL),(265,1,20,248,1,1,'2015-09-03',NULL,0,NULL,NULL,NULL,NULL),(266,1,20,249,1,1,'2015-09-03',NULL,0,NULL,NULL,NULL,NULL),(267,1,21,208,1,1,'2015-09-03',NULL,0,NULL,NULL,NULL,NULL),(268,1,21,210,1,1,'2015-09-03',NULL,0,NULL,NULL,NULL,NULL),(269,1,21,233,1,1,'2015-09-03',NULL,0,NULL,NULL,NULL,NULL),(270,1,21,234,1,1,'2015-09-03',NULL,0,NULL,NULL,NULL,NULL),(271,1,21,236,1,1,'2015-09-03',NULL,0,NULL,NULL,NULL,NULL),(272,1,21,243,1,1,'2015-09-03',NULL,0,NULL,NULL,NULL,NULL),(273,1,21,247,1,1,'2015-09-03',NULL,0,NULL,NULL,NULL,NULL),(274,1,22,211,1,1,'2015-09-03',NULL,0,NULL,NULL,NULL,NULL),(275,1,22,212,1,1,'2015-09-03',NULL,0,NULL,NULL,NULL,NULL),(276,1,22,214,1,1,'2015-09-03',NULL,0,NULL,NULL,NULL,NULL),(277,1,22,215,1,1,'2015-09-03',NULL,0,NULL,NULL,NULL,NULL),(278,1,22,216,1,1,'2015-09-03',NULL,0,NULL,NULL,NULL,NULL),(279,1,22,217,1,1,'2015-09-03',NULL,0,NULL,NULL,NULL,NULL),(280,1,22,218,1,1,'2015-09-03',NULL,0,NULL,NULL,NULL,NULL),(281,1,22,220,1,1,'2015-09-03',NULL,0,NULL,NULL,NULL,NULL),(282,1,22,221,1,1,'2015-09-03',NULL,0,NULL,NULL,NULL,NULL),(283,1,22,222,1,1,'2015-09-03',NULL,0,NULL,NULL,NULL,NULL),(284,1,22,223,1,1,'2015-09-03',NULL,0,NULL,NULL,NULL,NULL),(285,1,22,225,1,1,'2015-09-03',NULL,0,NULL,NULL,NULL,NULL),(286,1,22,226,1,1,'2015-09-03',NULL,0,NULL,NULL,NULL,NULL),(287,1,22,227,1,1,'2015-09-03',NULL,0,NULL,NULL,NULL,NULL),(288,1,22,228,1,1,'2015-09-03',NULL,0,NULL,NULL,NULL,NULL),(289,1,22,229,1,1,'2015-09-03',NULL,0,NULL,NULL,NULL,NULL),(290,1,22,230,1,1,'2015-09-03',NULL,0,NULL,NULL,NULL,NULL),(291,1,22,231,1,1,'2015-09-03',NULL,0,NULL,NULL,NULL,NULL),(292,1,22,253,1,1,'2015-09-03',NULL,0,NULL,NULL,NULL,NULL),(293,1,22,254,1,1,'2015-09-03',NULL,0,NULL,NULL,NULL,NULL),(294,1,8,367,1,1,'2015-09-03',NULL,0,NULL,NULL,NULL,NULL),(295,1,8,368,1,1,'2015-09-03',NULL,0,NULL,NULL,NULL,NULL),(296,1,9,342,1,1,'2015-09-03',NULL,0,NULL,NULL,NULL,NULL),(297,1,10,292,1,1,'2015-09-03',NULL,0,NULL,NULL,NULL,NULL),(298,1,10,300,1,1,'2015-09-03',NULL,0,NULL,NULL,NULL,NULL),(299,1,10,302,1,1,'2015-09-03',NULL,0,NULL,NULL,NULL,NULL),(300,1,10,304,1,1,'2015-09-03',NULL,0,NULL,NULL,NULL,NULL),(301,1,10,311,1,1,'2015-09-03',NULL,0,NULL,NULL,NULL,NULL),(302,1,10,313,1,1,'2015-09-03',NULL,0,NULL,NULL,NULL,NULL),(303,1,10,314,1,1,'2015-09-03',NULL,0,NULL,NULL,NULL,NULL),(304,1,10,319,1,1,'2015-09-03',NULL,0,NULL,NULL,NULL,NULL),(305,1,10,346,1,1,'2015-09-03',NULL,0,NULL,NULL,NULL,NULL),(306,1,10,348,1,1,'2015-09-03',NULL,0,NULL,NULL,NULL,NULL),(307,1,10,351,1,1,'2015-09-03',NULL,0,NULL,NULL,NULL,NULL),(308,1,10,354,1,1,'2015-09-03',NULL,0,NULL,NULL,NULL,NULL),(309,1,10,357,1,1,'2015-09-03',NULL,0,NULL,NULL,NULL,NULL),(310,1,10,358,1,1,'2015-09-03',NULL,0,NULL,NULL,NULL,NULL),(311,1,10,359,1,1,'2015-09-03',NULL,0,NULL,NULL,NULL,NULL),(312,1,10,361,1,1,'2015-09-03',NULL,0,NULL,NULL,NULL,NULL),(313,1,10,371,1,1,'2015-09-03',NULL,0,NULL,NULL,NULL,NULL),(314,1,14,291,1,1,'2015-09-03',NULL,0,NULL,NULL,NULL,NULL),(315,1,14,293,1,1,'2015-09-03',NULL,0,NULL,NULL,NULL,NULL),(316,1,14,294,1,1,'2015-09-03',NULL,0,NULL,NULL,NULL,NULL),(317,1,14,296,1,1,'2015-09-03',NULL,0,NULL,NULL,NULL,NULL),(318,1,14,297,1,1,'2015-09-03',NULL,0,NULL,NULL,NULL,NULL),(319,1,14,298,1,1,'2015-09-03',NULL,0,NULL,NULL,NULL,NULL),(320,1,14,299,1,1,'2015-09-03',NULL,0,NULL,NULL,NULL,NULL),(321,1,14,301,1,1,'2015-09-03',NULL,0,NULL,NULL,NULL,NULL),(322,1,14,303,1,1,'2015-09-03',NULL,0,NULL,NULL,NULL,NULL),(323,1,14,306,1,1,'2015-09-03',NULL,0,NULL,NULL,NULL,NULL),(324,1,15,295,1,1,'2015-09-03',NULL,0,NULL,NULL,NULL,NULL),(325,1,15,340,1,1,'2015-09-03',NULL,0,NULL,NULL,NULL,NULL),(326,1,15,343,1,1,'2015-09-03',NULL,0,NULL,NULL,NULL,NULL),(327,1,15,345,1,1,'2015-09-03',NULL,0,NULL,NULL,NULL,NULL),(328,1,15,353,1,1,'2015-09-03',NULL,0,NULL,NULL,NULL,NULL),(329,1,15,360,1,1,'2015-09-03',NULL,0,NULL,NULL,NULL,NULL),(330,1,15,366,1,1,'2015-09-03',NULL,0,NULL,NULL,NULL,NULL),(331,1,15,369,1,1,'2015-09-03',NULL,0,NULL,NULL,NULL,NULL),(332,1,15,373,1,1,'2015-09-03',NULL,0,NULL,NULL,NULL,NULL),(333,1,17,307,1,1,'2015-09-03',NULL,0,NULL,NULL,NULL,NULL),(334,1,17,308,1,1,'2015-09-03',NULL,0,NULL,NULL,NULL,NULL),(335,1,17,309,1,1,'2015-09-03',NULL,0,NULL,NULL,NULL,NULL),(336,1,17,310,1,1,'2015-09-03',NULL,0,NULL,NULL,NULL,NULL),(337,1,17,312,1,1,'2015-09-03',NULL,0,NULL,NULL,NULL,NULL),(338,1,18,305,1,1,'2015-09-03',NULL,0,NULL,NULL,NULL,NULL),(339,1,18,315,1,1,'2015-09-03',NULL,0,NULL,NULL,NULL,NULL),(340,1,18,316,1,1,'2015-09-03',NULL,0,NULL,NULL,NULL,NULL),(341,1,18,317,1,1,'2015-09-03',NULL,0,NULL,NULL,NULL,NULL),(342,1,18,318,1,1,'2015-09-03',NULL,0,NULL,NULL,NULL,NULL),(343,1,18,320,1,1,'2015-09-03',NULL,0,NULL,NULL,NULL,NULL),(344,1,18,321,1,1,'2015-09-03',NULL,0,NULL,NULL,NULL,NULL),(345,1,18,322,1,1,'2015-09-03',NULL,0,NULL,NULL,NULL,NULL),(346,1,18,323,1,1,'2015-09-03',NULL,0,NULL,NULL,NULL,NULL),(347,1,18,324,1,1,'2015-09-03',NULL,0,NULL,NULL,NULL,NULL),(348,1,18,325,1,1,'2015-09-03',NULL,0,NULL,NULL,NULL,NULL),(349,1,18,326,1,1,'2015-09-03',NULL,0,NULL,NULL,NULL,NULL),(350,1,18,327,1,1,'2015-09-03',NULL,0,NULL,NULL,NULL,NULL),(351,1,18,328,1,1,'2015-09-03',NULL,0,NULL,NULL,NULL,NULL),(352,1,18,329,1,1,'2015-09-03',NULL,0,NULL,NULL,NULL,NULL),(353,1,18,330,1,1,'2015-09-03',NULL,0,NULL,NULL,NULL,NULL),(354,1,18,331,1,1,'2015-09-03',NULL,0,NULL,NULL,NULL,NULL),(355,1,18,332,1,1,'2015-09-03',NULL,0,NULL,NULL,NULL,NULL),(356,1,18,333,1,1,'2015-09-03',NULL,0,NULL,NULL,NULL,NULL),(357,1,18,334,1,1,'2015-09-03',NULL,0,NULL,NULL,NULL,NULL),(358,1,18,335,1,1,'2015-09-03',NULL,0,NULL,NULL,NULL,NULL),(359,1,18,336,1,1,'2015-09-03',NULL,0,NULL,NULL,NULL,NULL),(360,1,18,337,1,1,'2015-09-03',NULL,0,NULL,NULL,NULL,NULL),(361,1,18,338,1,1,'2015-09-03',NULL,0,NULL,NULL,NULL,NULL),(362,1,18,339,1,1,'2015-09-03',NULL,0,NULL,NULL,NULL,NULL),(363,1,18,341,1,1,'2015-09-03',NULL,0,NULL,NULL,NULL,NULL),(364,1,18,344,1,1,'2015-09-03',NULL,0,NULL,NULL,NULL,NULL),(365,1,18,347,1,1,'2015-09-03',NULL,0,NULL,NULL,NULL,NULL),(366,1,21,370,1,1,'2015-09-03',NULL,0,NULL,NULL,NULL,NULL),(367,1,21,372,1,1,'2015-09-03',NULL,0,NULL,NULL,NULL,NULL),(368,1,21,374,1,1,'2015-09-03',NULL,0,NULL,NULL,NULL,NULL),(369,1,22,349,1,1,'2015-09-03',NULL,0,NULL,NULL,NULL,NULL),(370,1,22,350,1,1,'2015-09-03',NULL,0,NULL,NULL,NULL,NULL),(371,1,22,352,1,1,'2015-09-03',NULL,0,NULL,NULL,NULL,NULL),(372,1,22,355,1,1,'2015-09-03',NULL,0,NULL,NULL,NULL,NULL),(373,1,22,356,1,1,'2015-09-03',NULL,0,NULL,NULL,NULL,NULL),(374,1,22,362,1,1,'2015-09-03',NULL,0,NULL,NULL,NULL,NULL),(375,1,22,363,1,1,'2015-09-03',NULL,0,NULL,NULL,NULL,NULL),(376,1,22,364,1,1,'2015-09-03',NULL,0,NULL,NULL,NULL,NULL),(377,1,22,365,1,1,'2015-09-03',NULL,0,NULL,NULL,NULL,NULL),(378,1,9,380,1,1,'2015-09-03',NULL,0,NULL,NULL,NULL,NULL),(379,1,9,381,1,1,'2015-09-03',NULL,0,NULL,NULL,NULL,NULL),(380,1,9,382,1,1,'2015-09-03',NULL,0,NULL,NULL,NULL,NULL),(381,1,9,383,1,1,'2015-09-03',NULL,0,NULL,NULL,NULL,NULL),(382,1,9,384,1,1,'2015-09-03',NULL,0,NULL,NULL,NULL,NULL),(383,1,9,389,1,1,'2015-09-03',NULL,0,NULL,NULL,NULL,NULL),(384,1,15,375,1,1,'2015-09-03',NULL,0,NULL,NULL,NULL,NULL),(385,1,15,376,1,1,'2015-09-03',NULL,0,NULL,NULL,NULL,NULL),(386,1,15,378,1,1,'2015-09-03',NULL,0,NULL,NULL,NULL,NULL),(387,1,15,379,1,1,'2015-09-03',NULL,0,NULL,NULL,NULL,NULL),(388,1,15,387,1,1,'2015-09-03',NULL,0,NULL,NULL,NULL,NULL),(389,1,15,388,1,1,'2015-09-03',NULL,0,NULL,NULL,NULL,NULL),(390,1,15,392,1,1,'2015-09-03',NULL,0,NULL,NULL,NULL,NULL),(391,1,15,393,1,1,'2015-09-03',NULL,0,NULL,NULL,NULL,NULL),(392,1,15,424,1,1,'2015-09-03',NULL,0,NULL,NULL,NULL,NULL),(393,1,15,429,1,1,'2015-09-03',NULL,0,NULL,NULL,NULL,NULL),(394,1,15,433,1,1,'2015-09-03',NULL,0,NULL,NULL,NULL,NULL),(395,1,15,436,1,1,'2015-09-03',NULL,0,NULL,NULL,NULL,NULL),(396,1,15,439,1,1,'2015-09-03',NULL,0,NULL,NULL,NULL,NULL),(397,1,15,441,1,1,'2015-09-03',NULL,0,NULL,NULL,NULL,NULL),(398,1,15,445,1,1,'2015-09-03',NULL,0,NULL,NULL,NULL,NULL),(399,1,15,448,1,1,'2015-09-03',NULL,0,NULL,NULL,NULL,NULL),(400,1,16,453,1,1,'2015-09-03',NULL,0,NULL,NULL,NULL,NULL),(401,1,17,398,1,1,'2015-09-03',NULL,0,NULL,NULL,NULL,NULL),(402,1,17,400,1,1,'2015-09-03',NULL,0,NULL,NULL,NULL,NULL),(403,1,17,403,1,1,'2015-09-03',NULL,0,NULL,NULL,NULL,NULL),(404,1,17,405,1,1,'2015-09-03',NULL,0,NULL,NULL,NULL,NULL),(405,1,17,407,1,1,'2015-09-03',NULL,0,NULL,NULL,NULL,NULL),(406,1,17,409,1,1,'2015-09-03',NULL,0,NULL,NULL,NULL,NULL),(407,1,17,412,1,1,'2015-09-03',NULL,0,NULL,NULL,NULL,NULL),(408,1,17,414,1,1,'2015-09-03',NULL,0,NULL,NULL,NULL,NULL),(409,1,17,415,1,1,'2015-09-03',NULL,0,NULL,NULL,NULL,NULL),(410,1,17,418,1,1,'2015-09-03',NULL,0,NULL,NULL,NULL,NULL),(411,1,17,421,1,1,'2015-09-03',NULL,0,NULL,NULL,NULL,NULL),(412,1,17,425,1,1,'2015-09-03',NULL,0,NULL,NULL,NULL,NULL),(413,1,21,377,1,1,'2015-09-03',NULL,0,NULL,NULL,NULL,NULL),(414,1,21,385,1,1,'2015-09-03',NULL,0,NULL,NULL,NULL,NULL),(415,1,21,386,1,1,'2015-09-03',NULL,0,NULL,NULL,NULL,NULL),(416,1,21,390,1,1,'2015-09-03',NULL,0,NULL,NULL,NULL,NULL),(417,1,21,395,1,1,'2015-09-03',NULL,0,NULL,NULL,NULL,NULL),(418,1,21,399,1,1,'2015-09-03',NULL,0,NULL,NULL,NULL,NULL),(419,1,21,411,1,1,'2015-09-03',NULL,0,NULL,NULL,NULL,NULL),(420,1,21,417,1,1,'2015-09-03',NULL,0,NULL,NULL,NULL,NULL),(421,1,21,420,1,1,'2015-09-03',NULL,0,NULL,NULL,NULL,NULL),(422,1,21,427,1,1,'2015-09-03',NULL,0,NULL,NULL,NULL,NULL),(423,1,21,431,1,1,'2015-09-03',NULL,0,NULL,NULL,NULL,NULL),(424,1,21,442,1,1,'2015-09-03',NULL,0,NULL,NULL,NULL,NULL),(425,1,21,447,1,1,'2015-09-03',NULL,0,NULL,NULL,NULL,NULL),(426,1,21,455,1,1,'2015-09-03',NULL,0,NULL,NULL,NULL,NULL),(427,1,23,391,1,1,'2015-09-03',NULL,0,NULL,NULL,NULL,NULL),(428,1,23,394,1,1,'2015-09-03',NULL,0,NULL,NULL,NULL,NULL),(429,1,23,396,1,1,'2015-09-03',NULL,0,NULL,NULL,NULL,NULL),(430,1,23,397,1,1,'2015-09-03',NULL,0,NULL,NULL,NULL,NULL),(431,1,23,401,1,1,'2015-09-03',NULL,0,NULL,NULL,NULL,NULL),(432,1,23,402,1,1,'2015-09-03',NULL,0,NULL,NULL,NULL,NULL),(433,1,23,404,1,1,'2015-09-03',NULL,0,NULL,NULL,NULL,NULL),(434,1,23,406,1,1,'2015-09-03',NULL,0,NULL,NULL,NULL,NULL),(435,1,23,408,1,1,'2015-09-03',NULL,0,NULL,NULL,NULL,NULL),(436,1,23,410,1,1,'2015-09-03',NULL,0,NULL,NULL,NULL,NULL),(437,1,23,413,1,1,'2015-09-03',NULL,0,NULL,NULL,NULL,NULL),(438,1,23,416,1,1,'2015-09-03',NULL,0,NULL,NULL,NULL,NULL),(439,1,23,419,1,1,'2015-09-03',NULL,0,NULL,NULL,NULL,NULL),(440,1,23,422,1,1,'2015-09-03',NULL,0,NULL,NULL,NULL,NULL),(441,1,23,423,1,1,'2015-09-03',NULL,0,NULL,NULL,NULL,NULL),(442,1,23,426,1,1,'2015-09-03',NULL,0,NULL,NULL,NULL,NULL),(443,1,23,428,1,1,'2015-09-03',NULL,0,NULL,NULL,NULL,NULL),(444,1,23,430,1,1,'2015-09-03',NULL,0,NULL,NULL,NULL,NULL),(445,1,23,432,1,1,'2015-09-03',NULL,0,NULL,NULL,NULL,NULL),(446,1,23,434,1,1,'2015-09-03',NULL,0,NULL,NULL,NULL,NULL),(447,1,23,435,1,1,'2015-09-03',NULL,0,NULL,NULL,NULL,NULL),(448,1,23,437,1,1,'2015-09-03',NULL,0,NULL,NULL,NULL,NULL),(449,1,23,438,1,1,'2015-09-03',NULL,0,NULL,NULL,NULL,NULL),(450,1,23,440,1,1,'2015-09-03',NULL,0,NULL,NULL,NULL,NULL),(451,1,23,443,1,1,'2015-09-03',NULL,0,NULL,NULL,NULL,NULL),(452,1,23,446,1,1,'2015-09-03',NULL,0,NULL,NULL,NULL,NULL),(453,1,23,449,1,1,'2015-09-03',NULL,0,NULL,NULL,NULL,NULL),(454,1,23,450,1,1,'2015-09-03',NULL,0,NULL,NULL,NULL,NULL),(455,1,23,451,1,1,'2015-09-03',NULL,0,NULL,NULL,NULL,NULL),(456,1,23,454,1,1,'2015-09-03',NULL,0,NULL,NULL,NULL,NULL),(457,1,23,456,1,1,'2015-09-03',NULL,0,NULL,NULL,NULL,NULL),(458,1,23,457,1,1,'2015-09-03',NULL,0,NULL,NULL,NULL,NULL),(459,1,23,458,1,1,'2015-09-03',NULL,0,NULL,NULL,NULL,NULL),(460,1,27,444,1,1,'2015-09-03',NULL,0,NULL,NULL,NULL,NULL),(461,1,27,452,1,1,'2015-09-03',NULL,0,NULL,NULL,NULL,NULL),(462,1,16,467,1,1,'2015-09-03',NULL,0,NULL,NULL,NULL,NULL),(463,1,16,477,1,1,'2015-09-03',NULL,0,NULL,NULL,NULL,NULL),(464,1,16,478,1,1,'2015-09-03',NULL,0,NULL,NULL,NULL,NULL),(465,1,16,479,1,1,'2015-09-03',NULL,0,NULL,NULL,NULL,NULL),(466,1,16,480,1,1,'2015-09-03',NULL,0,NULL,NULL,NULL,NULL),(467,1,16,481,1,1,'2015-09-03',NULL,0,NULL,NULL,NULL,NULL),(468,1,16,482,1,1,'2015-09-03',NULL,0,NULL,NULL,NULL,NULL),(469,1,16,483,1,1,'2015-09-03',NULL,0,NULL,NULL,NULL,NULL),(470,1,16,484,1,1,'2015-09-03',NULL,0,NULL,NULL,NULL,NULL),(471,1,16,485,1,1,'2015-09-03',NULL,0,NULL,NULL,NULL,NULL),(472,1,16,486,1,1,'2015-09-03',NULL,0,NULL,NULL,NULL,NULL),(473,1,16,487,1,1,'2015-09-03',NULL,0,NULL,NULL,NULL,NULL),(474,1,16,488,1,1,'2015-09-03',NULL,0,NULL,NULL,NULL,NULL),(475,1,16,489,1,1,'2015-09-03',NULL,0,NULL,NULL,NULL,NULL),(476,1,16,490,1,1,'2015-09-03',NULL,0,NULL,NULL,NULL,NULL),(477,1,16,491,1,1,'2015-09-03',NULL,0,NULL,NULL,NULL,NULL),(478,1,16,492,1,1,'2015-09-03',NULL,0,NULL,NULL,NULL,NULL),(479,1,16,493,1,1,'2015-09-03',NULL,0,NULL,NULL,NULL,NULL),(480,1,16,494,1,1,'2015-09-03',NULL,0,NULL,NULL,NULL,NULL),(481,1,18,519,1,1,'2015-09-03',NULL,0,NULL,NULL,NULL,NULL),(482,1,21,459,1,1,'2015-09-03',NULL,0,NULL,NULL,NULL,NULL),(483,1,21,461,1,1,'2015-09-03',NULL,0,NULL,NULL,NULL,NULL),(484,1,21,462,1,1,'2015-09-03',NULL,0,NULL,NULL,NULL,NULL),(485,1,21,464,1,1,'2015-09-03',NULL,0,NULL,NULL,NULL,NULL),(486,1,23,460,1,1,'2015-09-03',NULL,0,NULL,NULL,NULL,NULL),(487,1,25,504,1,1,'2015-09-03',NULL,0,NULL,NULL,NULL,NULL),(488,1,25,505,1,1,'2015-09-03',NULL,0,NULL,NULL,NULL,NULL),(489,1,25,506,1,1,'2015-09-03',NULL,0,NULL,NULL,NULL,NULL),(490,1,25,507,1,1,'2015-09-03',NULL,0,NULL,NULL,NULL,NULL),(491,1,25,508,1,1,'2015-09-03',NULL,0,NULL,NULL,NULL,NULL),(492,1,25,509,1,1,'2015-09-03',NULL,0,NULL,NULL,NULL,NULL),(493,1,25,510,1,1,'2015-09-03',NULL,0,NULL,NULL,NULL,NULL),(494,1,25,511,1,1,'2015-09-03',NULL,0,NULL,NULL,NULL,NULL),(495,1,25,512,1,1,'2015-09-03',NULL,0,NULL,NULL,NULL,NULL),(496,1,25,513,1,1,'2015-09-03',NULL,0,NULL,NULL,NULL,NULL),(497,1,25,514,1,1,'2015-09-03',NULL,0,NULL,NULL,NULL,NULL),(498,1,25,515,1,1,'2015-09-03',NULL,0,NULL,NULL,NULL,NULL),(499,1,25,516,1,1,'2015-09-03',NULL,0,NULL,NULL,NULL,NULL),(500,1,25,517,1,1,'2015-09-03',NULL,0,NULL,NULL,NULL,NULL),(501,1,25,518,1,1,'2015-09-03',NULL,0,NULL,NULL,NULL,NULL),(502,1,25,520,1,1,'2015-09-03',NULL,0,NULL,NULL,NULL,NULL),(503,1,25,521,1,1,'2015-09-03',NULL,0,NULL,NULL,NULL,NULL),(504,1,25,522,1,1,'2015-09-03',NULL,0,NULL,NULL,NULL,NULL),(505,1,25,523,1,1,'2015-09-03',NULL,0,NULL,NULL,NULL,NULL),(506,1,25,524,1,1,'2015-09-03',NULL,0,NULL,NULL,NULL,NULL),(507,1,25,525,1,1,'2015-09-03',NULL,0,NULL,NULL,NULL,NULL),(508,1,25,526,1,1,'2015-09-03',NULL,0,NULL,NULL,NULL,NULL),(509,1,25,527,1,1,'2015-09-03',NULL,0,NULL,NULL,NULL,NULL),(510,1,25,528,1,1,'2015-09-03',NULL,0,NULL,NULL,NULL,NULL),(511,1,25,529,1,1,'2015-09-03',NULL,0,NULL,NULL,NULL,NULL),(512,1,25,530,1,1,'2015-09-03',NULL,0,NULL,NULL,NULL,NULL),(513,1,25,531,1,1,'2015-09-03',NULL,0,NULL,NULL,NULL,NULL),(514,1,25,532,1,1,'2015-09-03',NULL,0,NULL,NULL,NULL,NULL),(515,1,25,533,1,1,'2015-09-03',NULL,0,NULL,NULL,NULL,NULL),(516,1,25,534,1,1,'2015-09-03',NULL,0,NULL,NULL,NULL,NULL),(517,1,25,535,1,1,'2015-09-03',NULL,0,NULL,NULL,NULL,NULL),(518,1,25,536,1,1,'2015-09-03',NULL,0,NULL,NULL,NULL,NULL),(519,1,25,537,1,1,'2015-09-03',NULL,0,NULL,NULL,NULL,NULL),(520,1,25,538,1,1,'2015-09-03',NULL,0,NULL,NULL,NULL,NULL),(521,1,25,539,1,1,'2015-09-03',NULL,0,NULL,NULL,NULL,NULL),(522,1,25,540,1,1,'2015-09-03',NULL,0,NULL,NULL,NULL,NULL),(523,1,25,541,1,1,'2015-09-03',NULL,0,NULL,NULL,NULL,NULL),(524,1,25,542,1,1,'2015-09-03',NULL,0,NULL,NULL,NULL,NULL),(525,1,27,463,1,1,'2015-09-03',NULL,0,NULL,NULL,NULL,NULL),(526,1,27,465,1,1,'2015-09-03',NULL,0,NULL,NULL,NULL,NULL),(527,1,27,466,1,1,'2015-09-03',NULL,0,NULL,NULL,NULL,NULL),(528,1,27,468,1,1,'2015-09-03',NULL,0,NULL,NULL,NULL,NULL),(529,1,27,469,1,1,'2015-09-03',NULL,0,NULL,NULL,NULL,NULL),(530,1,27,470,1,1,'2015-09-03',NULL,0,NULL,NULL,NULL,NULL),(531,1,27,471,1,1,'2015-09-03',NULL,0,NULL,NULL,NULL,NULL),(532,1,27,472,1,1,'2015-09-03',NULL,0,NULL,NULL,NULL,NULL),(533,1,27,473,1,1,'2015-09-03',NULL,0,NULL,NULL,NULL,NULL),(534,1,27,474,1,1,'2015-09-03',NULL,0,NULL,NULL,NULL,NULL),(535,1,27,475,1,1,'2015-09-03',NULL,0,NULL,NULL,NULL,NULL),(536,1,27,476,1,1,'2015-09-03',NULL,0,NULL,NULL,NULL,NULL),(537,1,27,495,1,1,'2015-09-03',NULL,0,NULL,NULL,NULL,NULL),(538,1,27,496,1,1,'2015-09-03',NULL,0,NULL,NULL,NULL,NULL),(539,1,27,497,1,1,'2015-09-03',NULL,0,NULL,NULL,NULL,NULL),(540,1,27,498,1,1,'2015-09-03',NULL,0,NULL,NULL,NULL,NULL),(541,1,27,499,1,1,'2015-09-03',NULL,0,NULL,NULL,NULL,NULL),(542,1,27,500,1,1,'2015-09-03',NULL,0,NULL,NULL,NULL,NULL),(543,1,27,501,1,1,'2015-09-03',NULL,0,NULL,NULL,NULL,NULL),(544,1,27,502,1,1,'2015-09-03',NULL,0,NULL,NULL,NULL,NULL),(545,1,27,503,1,1,'2015-09-03',NULL,0,NULL,NULL,NULL,NULL),(546,1,19,545,1,1,'2015-09-03',NULL,0,NULL,NULL,NULL,NULL),(547,1,19,546,1,1,'2015-09-03',NULL,0,NULL,NULL,NULL,NULL),(548,1,19,547,1,1,'2015-09-03',NULL,0,NULL,NULL,NULL,NULL),(549,1,19,548,1,1,'2015-09-03',NULL,0,NULL,NULL,NULL,NULL),(550,1,19,549,1,1,'2015-09-03',NULL,0,NULL,NULL,NULL,NULL),(551,1,19,550,1,1,'2015-09-03',NULL,0,NULL,NULL,NULL,NULL),(552,1,19,551,1,1,'2015-09-03',NULL,0,NULL,NULL,NULL,NULL),(553,1,19,552,1,1,'2015-09-03',NULL,0,NULL,NULL,NULL,NULL),(554,1,19,553,1,1,'2015-09-03',NULL,0,NULL,NULL,NULL,NULL),(555,1,19,554,1,1,'2015-09-03',NULL,0,NULL,NULL,NULL,NULL),(556,1,19,555,1,1,'2015-09-03',NULL,0,NULL,NULL,NULL,NULL),(557,1,19,556,1,1,'2015-09-03',NULL,0,NULL,NULL,NULL,NULL),(558,1,19,557,1,1,'2015-09-03',NULL,0,NULL,NULL,NULL,NULL),(559,1,19,558,1,1,'2015-09-03',NULL,0,NULL,NULL,NULL,NULL),(560,1,19,559,1,1,'2015-09-03',NULL,0,NULL,NULL,NULL,NULL),(561,1,19,560,1,1,'2015-09-03',NULL,0,NULL,NULL,NULL,NULL),(562,1,19,561,1,1,'2015-09-03',NULL,0,NULL,NULL,NULL,NULL),(563,1,19,562,1,1,'2015-09-03',NULL,0,NULL,NULL,NULL,NULL),(564,1,19,563,1,1,'2015-09-03',NULL,0,NULL,NULL,NULL,NULL),(565,1,19,564,1,1,'2015-09-03',NULL,0,NULL,NULL,NULL,NULL),(566,1,19,565,1,1,'2015-09-03',NULL,0,NULL,NULL,NULL,NULL),(567,1,19,566,1,1,'2015-09-03',NULL,0,NULL,NULL,NULL,NULL),(568,1,19,567,1,1,'2015-09-03',NULL,0,NULL,NULL,NULL,NULL),(569,1,19,568,1,1,'2015-09-03',NULL,0,NULL,NULL,NULL,NULL),(570,1,19,569,1,1,'2015-09-03',NULL,0,NULL,NULL,NULL,NULL),(571,1,25,543,1,1,'2015-09-03',NULL,0,NULL,NULL,NULL,NULL),(572,1,25,544,1,1,'2015-09-03',NULL,0,NULL,NULL,NULL,NULL),(573,3,8,570,1,2,'2015-09-03',NULL,NULL,NULL,NULL,NULL,NULL),(574,3,9,571,1,2,'2015-09-03',NULL,NULL,NULL,NULL,NULL,NULL),(575,3,10,572,1,2,'2015-09-03',NULL,NULL,NULL,NULL,NULL,NULL),(576,3,11,573,1,2,'2015-09-03',NULL,NULL,NULL,NULL,NULL,NULL),(577,3,12,574,1,2,'2015-09-03',NULL,NULL,NULL,NULL,NULL,NULL),(578,3,14,575,1,2,'2015-09-03',NULL,NULL,NULL,NULL,NULL,NULL),(579,3,15,576,1,2,'2015-09-03',NULL,NULL,NULL,NULL,NULL,NULL),(580,3,16,577,1,2,'2015-09-03',NULL,NULL,NULL,NULL,NULL,NULL),(581,3,17,578,1,2,'2015-09-03',NULL,NULL,NULL,NULL,NULL,NULL),(582,3,18,579,1,2,'2015-09-03',NULL,NULL,NULL,NULL,NULL,NULL),(583,3,19,580,1,2,'2015-09-03',NULL,NULL,NULL,NULL,NULL,NULL),(584,3,20,581,1,2,'2015-09-03',NULL,NULL,NULL,NULL,NULL,NULL),(585,3,21,582,1,2,'2015-09-03',NULL,NULL,NULL,NULL,NULL,NULL),(586,3,22,583,1,2,'2015-09-03',NULL,NULL,NULL,NULL,NULL,NULL),(587,3,23,584,1,2,'2015-09-03',NULL,NULL,NULL,NULL,NULL,NULL),(588,3,24,585,1,2,'2015-09-03',NULL,NULL,NULL,NULL,NULL,NULL),(589,3,25,586,1,2,'2015-09-03',NULL,NULL,NULL,NULL,NULL,NULL),(590,3,26,587,1,2,'2015-09-03',NULL,NULL,NULL,NULL,NULL,NULL),(591,3,27,588,1,2,'2015-09-03',NULL,NULL,NULL,NULL,NULL,NULL),(604,4,2,570,2,2,'2015-09-03',NULL,NULL,NULL,NULL,NULL,NULL),(605,4,2,571,2,2,'2015-09-03',NULL,NULL,NULL,NULL,NULL,NULL),(606,4,2,572,2,2,'2015-09-03',NULL,NULL,NULL,NULL,NULL,NULL),(607,4,2,573,2,2,'2015-09-03',NULL,NULL,NULL,NULL,NULL,NULL),(608,4,2,574,2,2,'2015-09-03',NULL,NULL,NULL,NULL,NULL,NULL),(609,4,2,575,2,2,'2015-09-03',NULL,NULL,NULL,NULL,NULL,NULL),(610,4,2,576,2,2,'2015-09-03',NULL,NULL,NULL,NULL,NULL,NULL),(611,4,2,577,2,2,'2015-09-03',NULL,NULL,NULL,NULL,NULL,NULL),(612,4,2,578,2,2,'2015-09-03',NULL,NULL,NULL,NULL,NULL,NULL),(613,4,2,579,2,2,'2015-09-03',NULL,NULL,NULL,NULL,NULL,NULL),(614,4,2,580,2,2,'2015-09-03',NULL,NULL,NULL,NULL,NULL,NULL),(615,4,2,581,2,2,'2015-09-03',NULL,NULL,NULL,NULL,NULL,NULL),(616,4,2,582,2,2,'2015-09-03',NULL,NULL,NULL,NULL,NULL,NULL),(617,4,2,583,2,2,'2015-09-03',NULL,NULL,NULL,NULL,NULL,NULL),(618,4,2,584,2,2,'2015-09-03',NULL,NULL,NULL,NULL,NULL,NULL),(619,4,2,585,2,2,'2015-09-03',NULL,NULL,NULL,NULL,NULL,NULL),(620,4,2,586,2,2,'2015-09-03',NULL,NULL,NULL,NULL,NULL,NULL),(621,4,2,587,2,2,'2015-09-03',NULL,NULL,NULL,NULL,NULL,NULL),(622,4,2,588,2,2,'2015-09-03',NULL,NULL,NULL,NULL,NULL,NULL),(635,3,39,601,1,2,'2015-09-03',NULL,NULL,NULL,NULL,NULL,NULL),(636,3,40,602,1,2,'2015-09-03',NULL,NULL,NULL,NULL,NULL,NULL),(637,3,41,603,1,2,'2015-09-03',NULL,NULL,NULL,NULL,NULL,NULL),(638,3,43,604,1,2,'2015-09-03',NULL,NULL,NULL,NULL,NULL,NULL),(639,3,44,605,1,2,'2015-09-03',NULL,NULL,NULL,NULL,NULL,NULL),(640,3,45,606,1,2,'2015-09-03',NULL,NULL,NULL,NULL,NULL,NULL),(641,3,46,607,1,2,'2015-09-03',NULL,NULL,NULL,NULL,NULL,NULL),(642,3,47,608,1,2,'2015-09-03',NULL,NULL,NULL,NULL,NULL,NULL),(643,3,48,609,1,2,'2015-09-03',NULL,NULL,NULL,NULL,NULL,NULL),(644,3,49,610,1,2,'2015-09-03',NULL,NULL,NULL,NULL,NULL,NULL),(645,3,50,611,1,2,'2015-09-03',NULL,NULL,NULL,NULL,NULL,NULL),(646,3,51,612,1,2,'2015-09-03',NULL,NULL,NULL,NULL,NULL,NULL),(647,3,52,613,1,2,'2015-09-03',NULL,NULL,NULL,NULL,NULL,NULL),(648,3,53,614,1,2,'2015-09-03',NULL,NULL,NULL,NULL,NULL,NULL),(649,3,54,615,1,2,'2015-09-03',NULL,NULL,NULL,NULL,NULL,NULL),(650,3,55,616,1,2,'2015-09-03',NULL,NULL,NULL,NULL,NULL,NULL),(651,3,56,617,1,2,'2015-09-03',NULL,NULL,NULL,NULL,NULL,NULL),(652,3,57,618,1,2,'2015-09-03',NULL,NULL,NULL,NULL,NULL,NULL),(653,3,58,619,1,2,'2015-09-03',NULL,NULL,NULL,NULL,NULL,NULL),(654,3,59,620,1,2,'2015-09-03',NULL,NULL,NULL,NULL,NULL,NULL),(655,3,60,621,1,2,'2015-09-03',NULL,NULL,NULL,NULL,NULL,NULL),(656,3,61,622,1,2,'2015-09-03',NULL,NULL,NULL,NULL,NULL,NULL),(657,3,62,623,1,2,'2015-09-03',NULL,NULL,NULL,NULL,NULL,NULL),(658,3,63,624,1,2,'2015-09-03',NULL,NULL,NULL,NULL,NULL,NULL),(659,3,64,625,1,2,'2015-09-03',NULL,NULL,NULL,NULL,NULL,NULL),(660,3,65,626,1,2,'2015-09-03',NULL,NULL,NULL,NULL,NULL,NULL),(661,3,66,627,1,2,'2015-09-03',NULL,NULL,NULL,NULL,NULL,NULL),(662,3,67,628,1,2,'2015-09-03',NULL,NULL,NULL,NULL,NULL,NULL),(663,3,68,629,1,2,'2015-09-03',NULL,NULL,NULL,NULL,NULL,NULL),(664,3,69,630,1,2,'2015-09-03',NULL,NULL,NULL,NULL,NULL,NULL),(665,3,70,631,1,2,'2015-09-03',NULL,NULL,NULL,NULL,NULL,NULL),(666,3,71,632,1,2,'2015-09-03',NULL,NULL,NULL,NULL,NULL,NULL),(667,3,72,633,1,2,'2015-09-03',NULL,NULL,NULL,NULL,NULL,NULL),(668,3,73,634,1,2,'2015-09-03',NULL,NULL,NULL,NULL,NULL,NULL),(669,3,74,635,1,2,'2015-09-03',NULL,NULL,NULL,NULL,NULL,NULL),(670,3,75,636,1,2,'2015-09-03',NULL,NULL,NULL,NULL,NULL,NULL),(671,3,76,637,1,2,'2015-09-03',NULL,NULL,NULL,NULL,NULL,NULL),(672,3,77,638,1,2,'2015-09-03',NULL,NULL,NULL,NULL,NULL,NULL),(673,3,78,639,1,2,'2015-09-03',NULL,NULL,NULL,NULL,NULL,NULL),(674,3,79,640,1,2,'2015-09-03',NULL,NULL,NULL,NULL,NULL,NULL),(675,3,80,641,1,2,'2015-09-03',NULL,NULL,NULL,NULL,NULL,NULL),(676,3,81,642,1,2,'2015-09-03',NULL,NULL,NULL,NULL,NULL,NULL),(677,3,82,643,1,2,'2015-09-03',NULL,NULL,NULL,NULL,NULL,NULL),(678,3,83,644,1,2,'2015-09-03',NULL,NULL,NULL,NULL,NULL,NULL),(679,3,84,645,1,2,'2015-09-03',NULL,NULL,NULL,NULL,NULL,NULL),(680,3,85,646,1,2,'2015-09-03',NULL,NULL,NULL,NULL,NULL,NULL),(681,3,86,647,1,2,'2015-09-03',NULL,NULL,NULL,NULL,NULL,NULL),(682,3,87,648,1,2,'2015-09-03',NULL,NULL,NULL,NULL,NULL,NULL),(683,3,88,649,1,2,'2015-09-03',NULL,NULL,NULL,NULL,NULL,NULL),(684,3,89,650,1,2,'2015-09-03',NULL,NULL,NULL,NULL,NULL,NULL),(685,3,90,651,1,2,'2015-09-03',NULL,NULL,NULL,NULL,NULL,NULL),(686,3,91,652,1,2,'2015-09-03',NULL,NULL,NULL,NULL,NULL,NULL),(687,3,92,653,1,2,'2015-09-03',NULL,NULL,NULL,NULL,NULL,NULL),(688,3,93,654,1,2,'2015-09-03',NULL,NULL,NULL,NULL,NULL,NULL),(689,3,94,655,1,2,'2015-09-03',NULL,NULL,NULL,NULL,NULL,NULL),(690,3,95,656,1,2,'2015-09-03',NULL,NULL,NULL,NULL,NULL,NULL),(691,3,96,657,1,2,'2015-09-03',NULL,NULL,NULL,NULL,NULL,NULL),(692,3,97,658,1,2,'2015-09-03',NULL,NULL,NULL,NULL,NULL,NULL),(693,3,98,659,1,2,'2015-09-03',NULL,NULL,NULL,NULL,NULL,NULL),(694,3,99,660,1,2,'2015-09-03',NULL,NULL,NULL,NULL,NULL,NULL),(695,3,100,661,1,2,'2015-09-03',NULL,NULL,NULL,NULL,NULL,NULL),(696,3,101,662,1,2,'2015-09-03',NULL,NULL,NULL,NULL,NULL,NULL),(697,3,102,663,1,2,'2015-09-03',NULL,NULL,NULL,NULL,NULL,NULL),(698,3,103,664,1,2,'2015-09-03',NULL,NULL,NULL,NULL,NULL,NULL),(699,3,104,665,1,2,'2015-09-03',NULL,NULL,NULL,NULL,NULL,NULL),(700,3,105,666,1,2,'2015-09-03',NULL,NULL,NULL,NULL,NULL,NULL),(701,3,106,667,1,2,'2015-09-03',NULL,NULL,NULL,NULL,NULL,NULL),(702,3,107,668,1,2,'2015-09-03',NULL,NULL,NULL,NULL,NULL,NULL),(703,3,108,669,1,2,'2015-09-03',NULL,NULL,NULL,NULL,NULL,NULL),(704,3,109,670,1,2,'2015-09-03',NULL,NULL,NULL,NULL,NULL,NULL),(705,3,110,671,1,2,'2015-09-03',NULL,NULL,NULL,NULL,NULL,NULL),(706,3,111,672,1,2,'2015-09-03',NULL,NULL,NULL,NULL,NULL,NULL),(707,3,112,673,1,2,'2015-09-03',NULL,NULL,NULL,NULL,NULL,NULL),(708,3,113,674,1,2,'2015-09-03',NULL,NULL,NULL,NULL,NULL,NULL),(709,3,114,675,1,2,'2015-09-03',NULL,NULL,NULL,NULL,NULL,NULL),(710,3,115,676,1,2,'2015-09-03',NULL,NULL,NULL,NULL,NULL,NULL),(711,3,116,677,1,2,'2015-09-03',NULL,NULL,NULL,NULL,NULL,NULL),(712,3,117,678,1,2,'2015-09-03',NULL,NULL,NULL,NULL,NULL,NULL),(713,3,118,679,1,2,'2015-09-03',NULL,NULL,NULL,NULL,NULL,NULL),(714,3,119,680,1,2,'2015-09-03',NULL,NULL,NULL,NULL,NULL,NULL),(715,3,120,681,1,2,'2015-09-03',NULL,NULL,NULL,NULL,NULL,NULL),(716,3,121,682,1,2,'2015-09-03',NULL,NULL,NULL,NULL,NULL,NULL),(717,3,122,683,1,2,'2015-09-03',NULL,NULL,NULL,NULL,NULL,NULL),(718,3,123,684,1,2,'2015-09-03',NULL,NULL,NULL,NULL,NULL,NULL),(719,3,124,685,1,2,'2015-09-03',NULL,NULL,NULL,NULL,NULL,NULL),(720,3,125,686,1,2,'2015-09-03',NULL,NULL,NULL,NULL,NULL,NULL),(721,3,126,687,1,2,'2015-09-03',NULL,NULL,NULL,NULL,NULL,NULL),(722,3,127,688,1,2,'2015-09-03',NULL,NULL,NULL,NULL,NULL,NULL),(723,3,128,689,1,2,'2015-09-03',NULL,NULL,NULL,NULL,NULL,NULL),(724,3,129,690,1,2,'2015-09-03',NULL,NULL,NULL,NULL,NULL,NULL),(725,3,130,691,1,2,'2015-09-03',NULL,NULL,NULL,NULL,NULL,NULL),(726,3,131,692,1,2,'2015-09-03',NULL,NULL,NULL,NULL,NULL,NULL),(727,3,132,693,1,2,'2015-09-03',NULL,NULL,NULL,NULL,NULL,NULL),(728,3,133,694,1,2,'2015-09-03',NULL,NULL,NULL,NULL,NULL,NULL),(729,3,134,695,1,2,'2015-09-03',NULL,NULL,NULL,NULL,NULL,NULL),(730,3,135,696,1,2,'2015-09-03',NULL,NULL,NULL,NULL,NULL,NULL),(731,3,136,697,1,2,'2015-09-03',NULL,NULL,NULL,NULL,NULL,NULL),(732,3,137,698,1,2,'2015-09-03',NULL,NULL,NULL,NULL,NULL,NULL),(733,3,138,699,1,2,'2015-09-03',NULL,NULL,NULL,NULL,NULL,NULL),(734,3,139,700,1,2,'2015-09-03',NULL,NULL,NULL,NULL,NULL,NULL),(735,3,140,701,1,2,'2015-09-03',NULL,NULL,NULL,NULL,NULL,NULL),(736,3,141,702,1,2,'2015-09-03',NULL,NULL,NULL,NULL,NULL,NULL),(737,3,142,703,1,2,'2015-09-03',NULL,NULL,NULL,NULL,NULL,NULL),(738,3,143,704,1,2,'2015-09-03',NULL,NULL,NULL,NULL,NULL,NULL),(739,3,144,705,1,2,'2015-09-03',NULL,NULL,NULL,NULL,NULL,NULL),(740,3,145,706,1,2,'2015-09-03',NULL,NULL,NULL,NULL,NULL,NULL),(741,3,146,707,1,2,'2015-09-03',NULL,NULL,NULL,NULL,NULL,NULL),(742,3,147,708,1,2,'2015-09-03',NULL,NULL,NULL,NULL,NULL,NULL),(743,3,148,709,1,2,'2015-09-03',NULL,NULL,NULL,NULL,NULL,NULL),(744,3,149,710,1,2,'2015-09-03',NULL,NULL,NULL,NULL,NULL,NULL),(745,3,150,711,1,2,'2015-09-03',NULL,NULL,NULL,NULL,NULL,NULL),(746,3,151,712,1,2,'2015-09-03',NULL,NULL,NULL,NULL,NULL,NULL),(747,3,152,713,1,2,'2015-09-03',NULL,NULL,NULL,NULL,NULL,NULL),(748,3,153,714,1,2,'2015-09-03',NULL,NULL,NULL,NULL,NULL,NULL),(749,3,154,715,1,2,'2015-09-03',NULL,NULL,NULL,NULL,NULL,NULL),(750,3,155,716,1,2,'2015-09-03',NULL,NULL,NULL,NULL,NULL,NULL),(751,3,156,717,1,2,'2015-09-03',NULL,NULL,NULL,NULL,NULL,NULL),(752,3,157,718,1,2,'2015-09-03',NULL,NULL,NULL,NULL,NULL,NULL),(753,3,158,719,1,2,'2015-09-03',NULL,NULL,NULL,NULL,NULL,NULL),(754,3,159,720,1,2,'2015-09-03',NULL,NULL,NULL,NULL,NULL,NULL),(755,3,160,721,1,2,'2015-09-03',NULL,NULL,NULL,NULL,NULL,NULL),(756,3,161,722,1,2,'2015-09-03',NULL,NULL,NULL,NULL,NULL,NULL),(757,3,162,723,1,2,'2015-09-03',NULL,NULL,NULL,NULL,NULL,NULL),(758,3,163,724,1,2,'2015-09-03',NULL,NULL,NULL,NULL,NULL,NULL),(759,3,164,725,1,2,'2015-09-03',NULL,NULL,NULL,NULL,NULL,NULL),(760,3,165,726,1,2,'2015-09-03',NULL,NULL,NULL,NULL,NULL,NULL),(761,3,166,727,1,2,'2015-09-03',NULL,NULL,NULL,NULL,NULL,NULL),(762,3,167,728,1,2,'2015-09-03',NULL,NULL,NULL,NULL,NULL,NULL),(763,3,168,729,1,2,'2015-09-03',NULL,NULL,NULL,NULL,NULL,NULL),(764,3,169,730,1,2,'2015-09-03',NULL,NULL,NULL,NULL,NULL,NULL),(765,3,170,731,1,2,'2015-09-03',NULL,NULL,NULL,NULL,NULL,NULL),(766,3,171,732,1,2,'2015-09-03',NULL,NULL,NULL,NULL,NULL,NULL),(767,3,172,733,1,2,'2015-09-03',NULL,NULL,NULL,NULL,NULL,NULL),(768,3,173,734,1,2,'2015-09-03',NULL,NULL,NULL,NULL,NULL,NULL),(769,3,174,735,1,2,'2015-09-03',NULL,NULL,NULL,NULL,NULL,NULL),(770,3,175,736,1,2,'2015-09-03',NULL,NULL,NULL,NULL,NULL,NULL),(771,3,176,737,1,2,'2015-09-03',NULL,NULL,NULL,NULL,NULL,NULL),(772,3,177,738,1,2,'2015-09-03',NULL,NULL,NULL,NULL,NULL,NULL),(773,3,178,739,1,2,'2015-09-03',NULL,NULL,NULL,NULL,NULL,NULL),(774,3,179,740,1,2,'2015-09-03',NULL,NULL,NULL,NULL,NULL,NULL),(775,3,180,741,1,2,'2015-09-03',NULL,NULL,NULL,NULL,NULL,NULL),(776,3,181,742,1,2,'2015-09-03',NULL,NULL,NULL,NULL,NULL,NULL),(777,3,182,743,1,2,'2015-09-03',NULL,NULL,NULL,NULL,NULL,NULL),(778,3,183,744,1,2,'2015-09-03',NULL,NULL,NULL,NULL,NULL,NULL),(779,3,184,745,1,2,'2015-09-03',NULL,NULL,NULL,NULL,NULL,NULL),(780,3,185,746,1,2,'2015-09-03',NULL,NULL,NULL,NULL,NULL,NULL),(781,3,186,747,1,2,'2015-09-03',NULL,NULL,NULL,NULL,NULL,NULL),(782,3,187,748,1,2,'2015-09-03',NULL,NULL,NULL,NULL,NULL,NULL),(783,3,188,749,1,2,'2015-09-03',NULL,NULL,NULL,NULL,NULL,NULL),(784,3,189,750,1,2,'2015-09-03',NULL,NULL,NULL,NULL,NULL,NULL),(785,3,190,751,1,2,'2015-09-03',NULL,NULL,NULL,NULL,NULL,NULL),(786,3,191,752,1,2,'2015-09-03',NULL,NULL,NULL,NULL,NULL,NULL),(787,3,192,753,1,2,'2015-09-03',NULL,NULL,NULL,NULL,NULL,NULL),(788,3,193,754,1,2,'2015-09-03',NULL,NULL,NULL,NULL,NULL,NULL),(789,3,194,755,1,2,'2015-09-03',NULL,NULL,NULL,NULL,NULL,NULL),(790,3,195,756,1,2,'2015-09-03',NULL,NULL,NULL,NULL,NULL,NULL),(791,3,196,757,1,2,'2015-09-03',NULL,NULL,NULL,NULL,NULL,NULL),(792,3,197,758,1,2,'2015-09-03',NULL,NULL,NULL,NULL,NULL,NULL),(793,3,198,759,1,2,'2015-09-03',NULL,NULL,NULL,NULL,NULL,NULL),(794,3,199,760,1,2,'2015-09-03',NULL,NULL,NULL,NULL,NULL,NULL),(795,3,200,761,1,2,'2015-09-03',NULL,NULL,NULL,NULL,NULL,NULL),(796,3,201,762,1,2,'2015-09-03',NULL,NULL,NULL,NULL,NULL,NULL),(797,3,202,763,1,2,'2015-09-03',NULL,NULL,NULL,NULL,NULL,NULL),(798,3,203,764,1,2,'2015-09-03',NULL,NULL,NULL,NULL,NULL,NULL),(799,3,204,765,1,2,'2015-09-03',NULL,NULL,NULL,NULL,NULL,NULL),(800,3,205,766,1,2,'2015-09-03',NULL,NULL,NULL,NULL,NULL,NULL),(801,3,206,767,1,2,'2015-09-03',NULL,NULL,NULL,NULL,NULL,NULL),(802,3,207,768,1,2,'2015-09-03',NULL,NULL,NULL,NULL,NULL,NULL),(803,3,208,769,1,2,'2015-09-03',NULL,NULL,NULL,NULL,NULL,NULL),(804,3,209,770,1,2,'2015-09-03',NULL,NULL,NULL,NULL,NULL,NULL),(805,3,210,771,1,2,'2015-09-03',NULL,NULL,NULL,NULL,NULL,NULL),(806,3,211,772,1,2,'2015-09-03',NULL,NULL,NULL,NULL,NULL,NULL),(807,3,212,773,1,2,'2015-09-03',NULL,NULL,NULL,NULL,NULL,NULL),(808,3,213,774,1,2,'2015-09-03',NULL,NULL,NULL,NULL,NULL,NULL),(809,3,214,775,1,2,'2015-09-03',NULL,NULL,NULL,NULL,NULL,NULL),(810,3,215,776,1,2,'2015-09-03',NULL,NULL,NULL,NULL,NULL,NULL),(811,3,216,777,1,2,'2015-09-03',NULL,NULL,NULL,NULL,NULL,NULL),(812,3,217,778,1,2,'2015-09-03',NULL,NULL,NULL,NULL,NULL,NULL),(813,3,218,779,1,2,'2015-09-03',NULL,NULL,NULL,NULL,NULL,NULL),(814,3,219,780,1,2,'2015-09-03',NULL,NULL,NULL,NULL,NULL,NULL),(815,3,220,781,1,2,'2015-09-03',NULL,NULL,NULL,NULL,NULL,NULL),(816,3,221,782,1,2,'2015-09-03',NULL,NULL,NULL,NULL,NULL,NULL),(817,3,222,783,1,2,'2015-09-03',NULL,NULL,NULL,NULL,NULL,NULL),(818,3,223,784,1,2,'2015-09-03',NULL,NULL,NULL,NULL,NULL,NULL),(819,3,224,785,1,2,'2015-09-03',NULL,NULL,NULL,NULL,NULL,NULL),(820,3,225,786,1,2,'2015-09-03',NULL,NULL,NULL,NULL,NULL,NULL),(821,3,226,787,1,2,'2015-09-03',NULL,NULL,NULL,NULL,NULL,NULL),(822,3,227,788,1,2,'2015-09-03',NULL,NULL,NULL,NULL,NULL,NULL),(823,3,228,789,1,2,'2015-09-03',NULL,NULL,NULL,NULL,NULL,NULL),(824,3,229,790,1,2,'2015-09-03',NULL,NULL,NULL,NULL,NULL,NULL),(825,3,230,791,1,2,'2015-09-03',NULL,NULL,NULL,NULL,NULL,NULL),(826,3,231,792,1,2,'2015-09-03',NULL,NULL,NULL,NULL,NULL,NULL),(827,3,232,793,1,2,'2015-09-03',NULL,NULL,NULL,NULL,NULL,NULL),(828,3,233,794,1,2,'2015-09-03',NULL,NULL,NULL,NULL,NULL,NULL),(829,3,234,795,1,2,'2015-09-03',NULL,NULL,NULL,NULL,NULL,NULL),(830,3,235,796,1,2,'2015-09-03',NULL,NULL,NULL,NULL,NULL,NULL),(831,3,236,797,1,2,'2015-09-03',NULL,NULL,NULL,NULL,NULL,NULL),(832,3,237,798,1,2,'2015-09-03',NULL,NULL,NULL,NULL,NULL,NULL),(833,3,238,799,1,2,'2015-09-03',NULL,NULL,NULL,NULL,NULL,NULL),(834,3,239,800,1,2,'2015-09-03',NULL,NULL,NULL,NULL,NULL,NULL),(835,3,240,801,1,2,'2015-09-03',NULL,NULL,NULL,NULL,NULL,NULL),(836,3,241,802,1,2,'2015-09-03',NULL,NULL,NULL,NULL,NULL,NULL),(837,3,242,803,1,2,'2015-09-03',NULL,NULL,NULL,NULL,NULL,NULL),(838,3,243,804,1,2,'2015-09-03',NULL,NULL,NULL,NULL,NULL,NULL),(839,3,244,805,1,2,'2015-09-03',NULL,NULL,NULL,NULL,NULL,NULL),(840,3,245,806,1,2,'2015-09-03',NULL,NULL,NULL,NULL,NULL,NULL),(841,3,246,807,1,2,'2015-09-03',NULL,NULL,NULL,NULL,NULL,NULL),(842,3,247,808,1,2,'2015-09-03',NULL,NULL,NULL,NULL,NULL,NULL),(843,3,248,809,1,2,'2015-09-03',NULL,NULL,NULL,NULL,NULL,NULL),(844,3,249,810,1,2,'2015-09-03',NULL,NULL,NULL,NULL,NULL,NULL),(845,3,250,811,1,2,'2015-09-03',NULL,NULL,NULL,NULL,NULL,NULL),(846,3,251,812,1,2,'2015-09-03',NULL,NULL,NULL,NULL,NULL,NULL),(847,3,252,813,1,2,'2015-09-03',NULL,NULL,NULL,NULL,NULL,NULL),(848,3,253,814,1,2,'2015-09-03',NULL,NULL,NULL,NULL,NULL,NULL),(849,3,254,815,1,2,'2015-09-03',NULL,NULL,NULL,NULL,NULL,NULL),(850,3,255,816,1,2,'2015-09-03',NULL,NULL,NULL,NULL,NULL,NULL),(851,3,256,817,1,2,'2015-09-03',NULL,NULL,NULL,NULL,NULL,NULL),(852,3,257,818,1,2,'2015-09-03',NULL,NULL,NULL,NULL,NULL,NULL),(853,3,258,819,1,2,'2015-09-03',NULL,NULL,NULL,NULL,NULL,NULL),(854,3,259,820,1,2,'2015-09-03',NULL,NULL,NULL,NULL,NULL,NULL),(855,3,260,821,1,2,'2015-09-03',NULL,NULL,NULL,NULL,NULL,NULL),(856,3,261,822,1,2,'2015-09-03',NULL,NULL,NULL,NULL,NULL,NULL),(857,3,262,823,1,2,'2015-09-03',NULL,NULL,NULL,NULL,NULL,NULL),(858,3,263,824,1,2,'2015-09-03',NULL,NULL,NULL,NULL,NULL,NULL),(859,3,264,825,1,2,'2015-09-03',NULL,NULL,NULL,NULL,NULL,NULL),(860,3,265,826,1,2,'2015-09-03',NULL,NULL,NULL,NULL,NULL,NULL),(861,3,266,827,1,2,'2015-09-03',NULL,NULL,NULL,NULL,NULL,NULL),(862,3,267,828,1,2,'2015-09-03',NULL,NULL,NULL,NULL,NULL,NULL),(863,3,268,829,1,2,'2015-09-03',NULL,NULL,NULL,NULL,NULL,NULL),(864,3,269,830,1,2,'2015-09-03',NULL,NULL,NULL,NULL,NULL,NULL),(865,3,270,831,1,2,'2015-09-03',NULL,NULL,NULL,NULL,NULL,NULL),(866,3,271,832,1,2,'2015-09-03',NULL,NULL,NULL,NULL,NULL,NULL),(867,3,272,833,1,2,'2015-09-03',NULL,NULL,NULL,NULL,NULL,NULL),(868,3,273,834,1,2,'2015-09-03',NULL,NULL,NULL,NULL,NULL,NULL),(869,3,274,835,1,2,'2015-09-03',NULL,NULL,NULL,NULL,NULL,NULL),(870,3,275,836,1,2,'2015-09-03',NULL,NULL,NULL,NULL,NULL,NULL),(871,3,276,837,1,2,'2015-09-03',NULL,NULL,NULL,NULL,NULL,NULL),(872,3,277,838,1,2,'2015-09-03',NULL,NULL,NULL,NULL,NULL,NULL),(873,3,278,839,1,2,'2015-09-03',NULL,NULL,NULL,NULL,NULL,NULL),(874,3,279,840,1,2,'2015-09-03',NULL,NULL,NULL,NULL,NULL,NULL),(875,3,280,841,1,2,'2015-09-03',NULL,NULL,NULL,NULL,NULL,NULL),(876,3,281,842,1,2,'2015-09-03',NULL,NULL,NULL,NULL,NULL,NULL),(877,3,282,843,1,2,'2015-09-03',NULL,NULL,NULL,NULL,NULL,NULL),(878,3,283,844,1,2,'2015-09-03',NULL,NULL,NULL,NULL,NULL,NULL),(879,3,284,845,1,2,'2015-09-03',NULL,NULL,NULL,NULL,NULL,NULL),(880,3,285,846,1,2,'2015-09-03',NULL,NULL,NULL,NULL,NULL,NULL),(881,3,286,847,1,2,'2015-09-03',NULL,NULL,NULL,NULL,NULL,NULL),(882,3,287,848,1,2,'2015-09-03',NULL,NULL,NULL,NULL,NULL,NULL),(883,3,288,849,1,2,'2015-09-03',NULL,NULL,NULL,NULL,NULL,NULL),(884,3,289,850,1,2,'2015-09-03',NULL,NULL,NULL,NULL,NULL,NULL),(885,3,290,851,1,2,'2015-09-03',NULL,NULL,NULL,NULL,NULL,NULL),(886,3,291,852,1,2,'2015-09-03',NULL,NULL,NULL,NULL,NULL,NULL),(887,3,292,853,1,2,'2015-09-03',NULL,NULL,NULL,NULL,NULL,NULL),(888,3,293,854,1,2,'2015-09-03',NULL,NULL,NULL,NULL,NULL,NULL),(889,3,294,855,1,2,'2015-09-03',NULL,NULL,NULL,NULL,NULL,NULL),(890,3,295,856,1,2,'2015-09-03',NULL,NULL,NULL,NULL,NULL,NULL),(891,3,296,857,1,2,'2015-09-03',NULL,NULL,NULL,NULL,NULL,NULL),(892,3,297,858,1,2,'2015-09-03',NULL,NULL,NULL,NULL,NULL,NULL),(893,3,298,859,1,2,'2015-09-03',NULL,NULL,NULL,NULL,NULL,NULL),(894,3,299,860,1,2,'2015-09-03',NULL,NULL,NULL,NULL,NULL,NULL),(895,3,300,861,1,2,'2015-09-03',NULL,NULL,NULL,NULL,NULL,NULL),(896,3,301,862,1,2,'2015-09-03',NULL,NULL,NULL,NULL,NULL,NULL),(897,3,302,863,1,2,'2015-09-03',NULL,NULL,NULL,NULL,NULL,NULL),(898,3,303,864,1,2,'2015-09-03',NULL,NULL,NULL,NULL,NULL,NULL),(899,3,304,865,1,2,'2015-09-03',NULL,NULL,NULL,NULL,NULL,NULL),(900,3,305,866,1,2,'2015-09-03',NULL,NULL,NULL,NULL,NULL,NULL),(901,3,306,867,1,2,'2015-09-03',NULL,NULL,NULL,NULL,NULL,NULL),(902,3,307,868,1,2,'2015-09-03',NULL,NULL,NULL,NULL,NULL,NULL),(903,3,308,869,1,2,'2015-09-03',NULL,NULL,NULL,NULL,NULL,NULL),(904,3,309,870,1,2,'2015-09-03',NULL,NULL,NULL,NULL,NULL,NULL),(905,3,310,871,1,2,'2015-09-03',NULL,NULL,NULL,NULL,NULL,NULL),(906,3,311,872,1,2,'2015-09-03',NULL,NULL,NULL,NULL,NULL,NULL),(907,3,312,873,1,2,'2015-09-03',NULL,NULL,NULL,NULL,NULL,NULL),(908,3,313,874,1,2,'2015-09-03',NULL,NULL,NULL,NULL,NULL,NULL),(909,3,314,875,1,2,'2015-09-03',NULL,NULL,NULL,NULL,NULL,NULL),(910,3,315,876,1,2,'2015-09-03',NULL,NULL,NULL,NULL,NULL,NULL),(911,3,316,877,1,2,'2015-09-03',NULL,NULL,NULL,NULL,NULL,NULL),(912,3,317,878,1,2,'2015-09-03',NULL,NULL,NULL,NULL,NULL,NULL),(913,3,318,879,1,2,'2015-09-03',NULL,NULL,NULL,NULL,NULL,NULL),(914,3,319,880,1,2,'2015-09-03',NULL,NULL,NULL,NULL,NULL,NULL),(915,3,320,881,1,2,'2015-09-03',NULL,NULL,NULL,NULL,NULL,NULL),(916,3,321,882,1,2,'2015-09-03',NULL,NULL,NULL,NULL,NULL,NULL),(917,3,322,883,1,2,'2015-09-03',NULL,NULL,NULL,NULL,NULL,NULL),(918,3,323,884,1,2,'2015-09-03',NULL,NULL,NULL,NULL,NULL,NULL),(919,3,324,885,1,2,'2015-09-03',NULL,NULL,NULL,NULL,NULL,NULL),(920,3,325,886,1,2,'2015-09-03',NULL,NULL,NULL,NULL,NULL,NULL),(921,3,326,887,1,2,'2015-09-03',NULL,NULL,NULL,NULL,NULL,NULL),(922,3,327,888,1,2,'2015-09-03',NULL,NULL,NULL,NULL,NULL,NULL),(923,3,328,889,1,2,'2015-09-03',NULL,NULL,NULL,NULL,NULL,NULL),(924,3,329,890,1,2,'2015-09-03',NULL,NULL,NULL,NULL,NULL,NULL),(925,3,330,891,1,2,'2015-09-03',NULL,NULL,NULL,NULL,NULL,NULL),(926,3,331,892,1,2,'2015-09-03',NULL,NULL,NULL,NULL,NULL,NULL),(927,3,332,893,1,2,'2015-09-03',NULL,NULL,NULL,NULL,NULL,NULL),(928,3,333,894,1,2,'2015-09-03',NULL,NULL,NULL,NULL,NULL,NULL),(929,3,334,895,1,2,'2015-09-03',NULL,NULL,NULL,NULL,NULL,NULL),(930,3,335,896,1,2,'2015-09-03',NULL,NULL,NULL,NULL,NULL,NULL),(931,3,336,897,1,2,'2015-09-03',NULL,NULL,NULL,NULL,NULL,NULL),(932,3,337,898,1,2,'2015-09-03',NULL,NULL,NULL,NULL,NULL,NULL),(933,3,338,899,1,2,'2015-09-03',NULL,NULL,NULL,NULL,NULL,NULL),(934,3,339,900,1,2,'2015-09-03',NULL,NULL,NULL,NULL,NULL,NULL),(935,3,340,901,1,2,'2015-09-03',NULL,NULL,NULL,NULL,NULL,NULL),(936,3,341,902,1,2,'2015-09-03',NULL,NULL,NULL,NULL,NULL,NULL),(937,3,342,903,1,2,'2015-09-03',NULL,NULL,NULL,NULL,NULL,NULL),(938,3,343,904,1,2,'2015-09-03',NULL,NULL,NULL,NULL,NULL,NULL),(939,3,344,905,1,2,'2015-09-03',NULL,NULL,NULL,NULL,NULL,NULL),(940,3,345,906,1,2,'2015-09-03',NULL,NULL,NULL,NULL,NULL,NULL),(941,3,346,907,1,2,'2015-09-03',NULL,NULL,NULL,NULL,NULL,NULL),(942,3,347,908,1,2,'2015-09-03',NULL,NULL,NULL,NULL,NULL,NULL),(943,3,348,909,1,2,'2015-09-03',NULL,NULL,NULL,NULL,NULL,NULL),(944,3,349,910,1,2,'2015-09-03',NULL,NULL,NULL,NULL,NULL,NULL),(945,3,350,911,1,2,'2015-09-03',NULL,NULL,NULL,NULL,NULL,NULL),(946,3,351,912,1,2,'2015-09-03',NULL,NULL,NULL,NULL,NULL,NULL),(947,3,352,913,1,2,'2015-09-03',NULL,NULL,NULL,NULL,NULL,NULL),(948,3,353,914,1,2,'2015-09-03',NULL,NULL,NULL,NULL,NULL,NULL),(949,3,354,915,1,2,'2015-09-03',NULL,NULL,NULL,NULL,NULL,NULL),(950,3,355,916,1,2,'2015-09-03',NULL,NULL,NULL,NULL,NULL,NULL),(951,3,356,917,1,2,'2015-09-03',NULL,NULL,NULL,NULL,NULL,NULL),(952,3,357,918,1,2,'2015-09-03',NULL,NULL,NULL,NULL,NULL,NULL),(953,3,358,919,1,2,'2015-09-03',NULL,NULL,NULL,NULL,NULL,NULL),(954,3,359,920,1,2,'2015-09-03',NULL,NULL,NULL,NULL,NULL,NULL),(955,3,360,921,1,2,'2015-09-03',NULL,NULL,NULL,NULL,NULL,NULL),(956,3,361,922,1,2,'2015-09-03',NULL,NULL,NULL,NULL,NULL,NULL),(957,3,362,923,1,2,'2015-09-03',NULL,NULL,NULL,NULL,NULL,NULL),(958,3,363,924,1,2,'2015-09-03',NULL,NULL,NULL,NULL,NULL,NULL),(959,3,364,925,1,2,'2015-09-03',NULL,NULL,NULL,NULL,NULL,NULL),(960,3,365,926,1,2,'2015-09-03',NULL,NULL,NULL,NULL,NULL,NULL),(961,3,366,927,1,2,'2015-09-03',NULL,NULL,NULL,NULL,NULL,NULL),(962,3,367,928,1,2,'2015-09-03',NULL,NULL,NULL,NULL,NULL,NULL),(963,3,368,929,1,2,'2015-09-03',NULL,NULL,NULL,NULL,NULL,NULL),(964,3,369,930,1,2,'2015-09-03',NULL,NULL,NULL,NULL,NULL,NULL),(965,3,370,931,1,2,'2015-09-03',NULL,NULL,NULL,NULL,NULL,NULL),(966,3,371,932,1,2,'2015-09-03',NULL,NULL,NULL,NULL,NULL,NULL),(967,3,372,933,1,2,'2015-09-03',NULL,NULL,NULL,NULL,NULL,NULL),(968,3,373,934,1,2,'2015-09-03',NULL,NULL,NULL,NULL,NULL,NULL),(969,3,374,935,1,2,'2015-09-03',NULL,NULL,NULL,NULL,NULL,NULL),(970,3,375,936,1,2,'2015-09-03',NULL,NULL,NULL,NULL,NULL,NULL),(971,3,376,937,1,2,'2015-09-03',NULL,NULL,NULL,NULL,NULL,NULL),(972,3,377,938,1,2,'2015-09-03',NULL,NULL,NULL,NULL,NULL,NULL),(973,3,378,939,1,2,'2015-09-03',NULL,NULL,NULL,NULL,NULL,NULL),(974,3,379,940,1,2,'2015-09-03',NULL,NULL,NULL,NULL,NULL,NULL),(975,3,380,941,1,2,'2015-09-03',NULL,NULL,NULL,NULL,NULL,NULL),(976,3,381,942,1,2,'2015-09-03',NULL,NULL,NULL,NULL,NULL,NULL),(977,3,382,943,1,2,'2015-09-03',NULL,NULL,NULL,NULL,NULL,NULL),(978,3,383,944,1,2,'2015-09-03',NULL,NULL,NULL,NULL,NULL,NULL),(979,3,384,945,1,2,'2015-09-03',NULL,NULL,NULL,NULL,NULL,NULL),(980,3,385,946,1,2,'2015-09-03',NULL,NULL,NULL,NULL,NULL,NULL),(981,3,386,947,1,2,'2015-09-03',NULL,NULL,NULL,NULL,NULL,NULL),(982,3,387,948,1,2,'2015-09-03',NULL,NULL,NULL,NULL,NULL,NULL),(983,3,388,949,1,2,'2015-09-03',NULL,NULL,NULL,NULL,NULL,NULL),(984,3,389,950,1,2,'2015-09-03',NULL,NULL,NULL,NULL,NULL,NULL),(985,3,390,951,1,2,'2015-09-03',NULL,NULL,NULL,NULL,NULL,NULL),(986,3,391,952,1,2,'2015-09-03',NULL,NULL,NULL,NULL,NULL,NULL),(987,3,392,953,1,2,'2015-09-03',NULL,NULL,NULL,NULL,NULL,NULL),(988,3,393,954,1,2,'2015-09-03',NULL,NULL,NULL,NULL,NULL,NULL),(989,3,394,955,1,2,'2015-09-03',NULL,NULL,NULL,NULL,NULL,NULL),(990,3,395,956,1,2,'2015-09-03',NULL,NULL,NULL,NULL,NULL,NULL),(991,3,396,957,1,2,'2015-09-03',NULL,NULL,NULL,NULL,NULL,NULL),(992,3,397,958,1,2,'2015-09-03',NULL,NULL,NULL,NULL,NULL,NULL),(993,3,398,959,1,2,'2015-09-03',NULL,NULL,NULL,NULL,NULL,NULL),(994,3,399,960,1,2,'2015-09-03',NULL,NULL,NULL,NULL,NULL,NULL),(995,3,400,961,1,2,'2015-09-03',NULL,NULL,NULL,NULL,NULL,NULL),(996,3,401,962,1,2,'2015-09-03',NULL,NULL,NULL,NULL,NULL,NULL),(997,3,402,963,1,2,'2015-09-03',NULL,NULL,NULL,NULL,NULL,NULL),(998,3,403,964,1,2,'2015-09-03',NULL,NULL,NULL,NULL,NULL,NULL),(999,3,404,965,1,2,'2015-09-03',NULL,NULL,NULL,NULL,NULL,NULL),(1000,3,405,966,1,2,'2015-09-03',NULL,NULL,NULL,NULL,NULL,NULL),(1001,3,406,967,1,2,'2015-09-03',NULL,NULL,NULL,NULL,NULL,NULL),(1002,3,407,968,1,2,'2015-09-03',NULL,NULL,NULL,NULL,NULL,NULL),(1003,3,408,969,1,2,'2015-09-03',NULL,NULL,NULL,NULL,NULL,NULL),(1004,3,409,970,1,2,'2015-09-03',NULL,NULL,NULL,NULL,NULL,NULL),(1005,3,410,971,1,2,'2015-09-03',NULL,NULL,NULL,NULL,NULL,NULL),(1006,3,411,972,1,2,'2015-09-03',NULL,NULL,NULL,NULL,NULL,NULL),(1007,3,412,973,1,2,'2015-09-03',NULL,NULL,NULL,NULL,NULL,NULL),(1008,3,413,974,1,2,'2015-09-03',NULL,NULL,NULL,NULL,NULL,NULL),(1009,3,414,975,1,2,'2015-09-03',NULL,NULL,NULL,NULL,NULL,NULL),(1010,3,415,976,1,2,'2015-09-03',NULL,NULL,NULL,NULL,NULL,NULL),(1011,3,416,977,1,2,'2015-09-03',NULL,NULL,NULL,NULL,NULL,NULL),(1012,3,417,978,1,2,'2015-09-03',NULL,NULL,NULL,NULL,NULL,NULL),(1013,3,418,979,1,2,'2015-09-03',NULL,NULL,NULL,NULL,NULL,NULL),(1014,3,419,980,1,2,'2015-09-03',NULL,NULL,NULL,NULL,NULL,NULL),(1015,3,420,981,1,2,'2015-09-03',NULL,NULL,NULL,NULL,NULL,NULL),(1016,3,421,982,1,2,'2015-09-03',NULL,NULL,NULL,NULL,NULL,NULL),(1017,3,422,983,1,2,'2015-09-03',NULL,NULL,NULL,NULL,NULL,NULL),(1018,3,423,984,1,2,'2015-09-03',NULL,NULL,NULL,NULL,NULL,NULL),(1019,3,424,985,1,2,'2015-09-03',NULL,NULL,NULL,NULL,NULL,NULL),(1020,3,425,986,1,2,'2015-09-03',NULL,NULL,NULL,NULL,NULL,NULL),(1021,3,426,987,1,2,'2015-09-03',NULL,NULL,NULL,NULL,NULL,NULL),(1022,3,427,988,1,2,'2015-09-03',NULL,NULL,NULL,NULL,NULL,NULL),(1023,3,428,989,1,2,'2015-09-03',NULL,NULL,NULL,NULL,NULL,NULL),(1024,3,429,990,1,2,'2015-09-03',NULL,NULL,NULL,NULL,NULL,NULL),(1025,3,430,991,1,2,'2015-09-03',NULL,NULL,NULL,NULL,NULL,NULL),(1026,3,431,992,1,2,'2015-09-03',NULL,NULL,NULL,NULL,NULL,NULL),(1027,3,432,993,1,2,'2015-09-03',NULL,NULL,NULL,NULL,NULL,NULL),(1028,3,433,994,1,2,'2015-09-03',NULL,NULL,NULL,NULL,NULL,NULL),(1029,3,434,995,1,2,'2015-09-03',NULL,NULL,NULL,NULL,NULL,NULL),(1030,3,435,996,1,2,'2015-09-03',NULL,NULL,NULL,NULL,NULL,NULL),(1031,3,436,997,1,2,'2015-09-03',NULL,NULL,NULL,NULL,NULL,NULL),(1032,3,437,998,1,2,'2015-09-03',NULL,NULL,NULL,NULL,NULL,NULL),(1033,3,438,999,1,2,'2015-09-03',NULL,NULL,NULL,NULL,NULL,NULL),(1034,3,439,1000,1,2,'2015-09-03',NULL,NULL,NULL,NULL,NULL,NULL),(1035,3,440,1001,1,2,'2015-09-03',NULL,NULL,NULL,NULL,NULL,NULL),(1036,3,441,1002,1,2,'2015-09-03',NULL,NULL,NULL,NULL,NULL,NULL),(1037,3,442,1003,1,2,'2015-09-03',NULL,NULL,NULL,NULL,NULL,NULL),(1038,3,443,1004,1,2,'2015-09-03',NULL,NULL,NULL,NULL,NULL,NULL),(1039,3,444,1005,1,2,'2015-09-03',NULL,NULL,NULL,NULL,NULL,NULL),(1040,3,445,1006,1,2,'2015-09-03',NULL,NULL,NULL,NULL,NULL,NULL),(1041,3,446,1007,1,2,'2015-09-03',NULL,NULL,NULL,NULL,NULL,NULL),(1042,3,447,1008,1,2,'2015-09-03',NULL,NULL,NULL,NULL,NULL,NULL),(1043,3,448,1009,1,2,'2015-09-03',NULL,NULL,NULL,NULL,NULL,NULL),(1044,3,449,1010,1,2,'2015-09-03',NULL,NULL,NULL,NULL,NULL,NULL),(1045,3,450,1011,1,2,'2015-09-03',NULL,NULL,NULL,NULL,NULL,NULL),(1046,3,451,1012,1,2,'2015-09-03',NULL,NULL,NULL,NULL,NULL,NULL),(1047,3,452,1013,1,2,'2015-09-03',NULL,NULL,NULL,NULL,NULL,NULL),(1048,3,453,1014,1,2,'2015-09-03',NULL,NULL,NULL,NULL,NULL,NULL),(1049,3,454,1015,1,2,'2015-09-03',NULL,NULL,NULL,NULL,NULL,NULL),(1050,3,455,1016,1,2,'2015-09-03',NULL,NULL,NULL,NULL,NULL,NULL),(1051,3,456,1017,1,2,'2015-09-03',NULL,NULL,NULL,NULL,NULL,NULL),(1052,3,457,1018,1,2,'2015-09-03',NULL,NULL,NULL,NULL,NULL,NULL),(1053,3,458,1019,1,2,'2015-09-03',NULL,NULL,NULL,NULL,NULL,NULL),(1054,3,459,1020,1,2,'2015-09-03',NULL,NULL,NULL,NULL,NULL,NULL),(1055,3,460,1021,1,2,'2015-09-03',NULL,NULL,NULL,NULL,NULL,NULL),(1056,3,461,1022,1,2,'2015-09-03',NULL,NULL,NULL,NULL,NULL,NULL),(1057,3,462,1023,1,2,'2015-09-03',NULL,NULL,NULL,NULL,NULL,NULL),(1058,3,463,1024,1,2,'2015-09-03',NULL,NULL,NULL,NULL,NULL,NULL),(1059,3,464,1025,1,2,'2015-09-03',NULL,NULL,NULL,NULL,NULL,NULL),(1060,3,465,1026,1,2,'2015-09-03',NULL,NULL,NULL,NULL,NULL,NULL),(1061,3,466,1027,1,2,'2015-09-03',NULL,NULL,NULL,NULL,NULL,NULL),(1062,3,467,1028,1,2,'2015-09-03',NULL,NULL,NULL,NULL,NULL,NULL),(1063,3,468,1029,1,2,'2015-09-03',NULL,NULL,NULL,NULL,NULL,NULL),(1064,3,469,1030,1,2,'2015-09-03',NULL,NULL,NULL,NULL,NULL,NULL),(1065,3,470,1031,1,2,'2015-09-03',NULL,NULL,NULL,NULL,NULL,NULL),(1066,3,471,1032,1,2,'2015-09-03',NULL,NULL,NULL,NULL,NULL,NULL),(1067,3,472,1033,1,2,'2015-09-03',NULL,NULL,NULL,NULL,NULL,NULL),(1068,3,473,1034,1,2,'2015-09-03',NULL,NULL,NULL,NULL,NULL,NULL),(1069,3,474,1035,1,2,'2015-09-03',NULL,NULL,NULL,NULL,NULL,NULL),(1070,3,475,1036,1,2,'2015-09-03',NULL,NULL,NULL,NULL,NULL,NULL),(1071,3,476,1037,1,2,'2015-09-03',NULL,NULL,NULL,NULL,NULL,NULL),(1072,3,477,1038,1,2,'2015-09-03',NULL,NULL,NULL,NULL,NULL,NULL),(1073,3,478,1039,1,2,'2015-09-03',NULL,NULL,NULL,NULL,NULL,NULL),(1074,3,479,1040,1,2,'2015-09-03',NULL,NULL,NULL,NULL,NULL,NULL),(1075,3,480,1041,1,2,'2015-09-03',NULL,NULL,NULL,NULL,NULL,NULL),(1076,3,481,1042,1,2,'2015-09-03',NULL,NULL,NULL,NULL,NULL,NULL),(1077,3,482,1043,1,2,'2015-09-03',NULL,NULL,NULL,NULL,NULL,NULL),(1078,3,483,1044,1,2,'2015-09-03',NULL,NULL,NULL,NULL,NULL,NULL),(1079,3,484,1045,1,2,'2015-09-03',NULL,NULL,NULL,NULL,NULL,NULL),(1080,3,485,1046,1,2,'2015-09-03',NULL,NULL,NULL,NULL,NULL,NULL),(1081,3,486,1047,1,2,'2015-09-03',NULL,NULL,NULL,NULL,NULL,NULL),(1082,3,487,1048,1,2,'2015-09-03',NULL,NULL,NULL,NULL,NULL,NULL),(1083,3,488,1049,1,2,'2015-09-03',NULL,NULL,NULL,NULL,NULL,NULL),(1084,3,489,1050,1,2,'2015-09-03',NULL,NULL,NULL,NULL,NULL,NULL),(1085,3,490,1051,1,2,'2015-09-03',NULL,NULL,NULL,NULL,NULL,NULL),(1086,3,491,1052,1,2,'2015-09-03',NULL,NULL,NULL,NULL,NULL,NULL),(1087,3,492,1053,1,2,'2015-09-03',NULL,NULL,NULL,NULL,NULL,NULL),(1088,3,493,1054,1,2,'2015-09-03',NULL,NULL,NULL,NULL,NULL,NULL),(1089,3,494,1055,1,2,'2015-09-03',NULL,NULL,NULL,NULL,NULL,NULL),(1090,3,495,1056,1,2,'2015-09-03',NULL,NULL,NULL,NULL,NULL,NULL),(1091,3,496,1057,1,2,'2015-09-03',NULL,NULL,NULL,NULL,NULL,NULL),(1092,3,497,1058,1,2,'2015-09-03',NULL,NULL,NULL,NULL,NULL,NULL),(1093,3,498,1059,1,2,'2015-09-03',NULL,NULL,NULL,NULL,NULL,NULL),(1094,3,499,1060,1,2,'2015-09-03',NULL,NULL,NULL,NULL,NULL,NULL),(1095,3,500,1061,1,2,'2015-09-03',NULL,NULL,NULL,NULL,NULL,NULL),(1096,3,501,1062,1,2,'2015-09-03',NULL,NULL,NULL,NULL,NULL,NULL),(1097,3,502,1063,1,2,'2015-09-03',NULL,NULL,NULL,NULL,NULL,NULL),(1098,3,503,1064,1,2,'2015-09-03',NULL,NULL,NULL,NULL,NULL,NULL),(1099,3,504,1065,1,2,'2015-09-03',NULL,NULL,NULL,NULL,NULL,NULL),(1100,3,505,1066,1,2,'2015-09-03',NULL,NULL,NULL,NULL,NULL,NULL),(1101,3,506,1067,1,2,'2015-09-03',NULL,NULL,NULL,NULL,NULL,NULL),(1102,3,507,1068,1,2,'2015-09-03',NULL,NULL,NULL,NULL,NULL,NULL),(1103,3,508,1069,1,2,'2015-09-03',NULL,NULL,NULL,NULL,NULL,NULL),(1104,3,509,1070,1,2,'2015-09-03',NULL,NULL,NULL,NULL,NULL,NULL),(1105,3,510,1071,1,2,'2015-09-03',NULL,NULL,NULL,NULL,NULL,NULL),(1106,3,511,1072,1,2,'2015-09-03',NULL,NULL,NULL,NULL,NULL,NULL),(1107,3,512,1073,1,2,'2015-09-03',NULL,NULL,NULL,NULL,NULL,NULL),(1108,3,513,1074,1,2,'2015-09-03',NULL,NULL,NULL,NULL,NULL,NULL),(1109,3,514,1075,1,2,'2015-09-03',NULL,NULL,NULL,NULL,NULL,NULL),(1110,3,515,1076,1,2,'2015-09-03',NULL,NULL,NULL,NULL,NULL,NULL),(1111,3,516,1077,1,2,'2015-09-03',NULL,NULL,NULL,NULL,NULL,NULL),(1112,3,517,1078,1,2,'2015-09-03',NULL,NULL,NULL,NULL,NULL,NULL),(1113,3,518,1079,1,2,'2015-09-03',NULL,NULL,NULL,NULL,NULL,NULL),(1114,3,519,1080,1,2,'2015-09-03',NULL,NULL,NULL,NULL,NULL,NULL),(1115,3,520,1081,1,2,'2015-09-03',NULL,NULL,NULL,NULL,NULL,NULL),(1116,3,521,1082,1,2,'2015-09-03',NULL,NULL,NULL,NULL,NULL,NULL),(1117,3,522,1083,1,2,'2015-09-03',NULL,NULL,NULL,NULL,NULL,NULL),(1118,3,523,1084,1,2,'2015-09-03',NULL,NULL,NULL,NULL,NULL,NULL),(1119,3,524,1085,1,2,'2015-09-03',NULL,NULL,NULL,NULL,NULL,NULL),(1120,3,525,1086,1,2,'2015-09-03',NULL,NULL,NULL,NULL,NULL,NULL),(1121,3,526,1087,1,2,'2015-09-03',NULL,NULL,NULL,NULL,NULL,NULL),(1122,3,527,1088,1,2,'2015-09-03',NULL,NULL,NULL,NULL,NULL,NULL),(1123,3,528,1089,1,2,'2015-09-03',NULL,NULL,NULL,NULL,NULL,NULL),(1124,3,529,1090,1,2,'2015-09-03',NULL,NULL,NULL,NULL,NULL,NULL),(1125,3,530,1091,1,2,'2015-09-03',NULL,NULL,NULL,NULL,NULL,NULL),(1126,3,531,1092,1,2,'2015-09-03',NULL,NULL,NULL,NULL,NULL,NULL),(1127,3,532,1093,1,2,'2015-09-03',NULL,NULL,NULL,NULL,NULL,NULL),(1128,3,533,1094,1,2,'2015-09-03',NULL,NULL,NULL,NULL,NULL,NULL),(1129,3,534,1095,1,2,'2015-09-03',NULL,NULL,NULL,NULL,NULL,NULL),(1130,3,535,1096,1,2,'2015-09-03',NULL,NULL,NULL,NULL,NULL,NULL),(1131,3,536,1097,1,2,'2015-09-03',NULL,NULL,NULL,NULL,NULL,NULL),(1132,3,537,1098,1,2,'2015-09-03',NULL,NULL,NULL,NULL,NULL,NULL),(1133,3,538,1099,1,2,'2015-09-03',NULL,NULL,NULL,NULL,NULL,NULL),(1134,3,539,1100,1,2,'2015-09-03',NULL,NULL,NULL,NULL,NULL,NULL),(1135,3,540,1101,1,2,'2015-09-03',NULL,NULL,NULL,NULL,NULL,NULL),(1136,3,541,1102,1,2,'2015-09-03',NULL,NULL,NULL,NULL,NULL,NULL),(1137,3,542,1103,1,2,'2015-09-03',NULL,NULL,NULL,NULL,NULL,NULL),(1138,3,543,1104,1,2,'2015-09-03',NULL,NULL,NULL,NULL,NULL,NULL),(1139,3,544,1105,1,2,'2015-09-03',NULL,NULL,NULL,NULL,NULL,NULL),(1140,3,545,1106,1,2,'2015-09-03',NULL,NULL,NULL,NULL,NULL,NULL),(1141,3,546,1107,1,2,'2015-09-03',NULL,NULL,NULL,NULL,NULL,NULL),(1142,3,547,1108,1,2,'2015-09-03',NULL,NULL,NULL,NULL,NULL,NULL),(1143,3,548,1109,1,2,'2015-09-03',NULL,NULL,NULL,NULL,NULL,NULL),(1144,3,549,1110,1,2,'2015-09-03',NULL,NULL,NULL,NULL,NULL,NULL),(1145,3,550,1111,1,2,'2015-09-03',NULL,NULL,NULL,NULL,NULL,NULL),(1146,3,551,1112,1,2,'2015-09-03',NULL,NULL,NULL,NULL,NULL,NULL),(1147,3,552,1113,1,2,'2015-09-03',NULL,NULL,NULL,NULL,NULL,NULL),(1148,3,553,1114,1,2,'2015-09-03',NULL,NULL,NULL,NULL,NULL,NULL),(1149,3,554,1115,1,2,'2015-09-03',NULL,NULL,NULL,NULL,NULL,NULL),(1150,3,555,1116,1,2,'2015-09-03',NULL,NULL,NULL,NULL,NULL,NULL),(1151,3,556,1117,1,2,'2015-09-03',NULL,NULL,NULL,NULL,NULL,NULL),(1152,3,557,1118,1,2,'2015-09-03',NULL,NULL,NULL,NULL,NULL,NULL),(1153,3,558,1119,1,2,'2015-09-03',NULL,NULL,NULL,NULL,NULL,NULL),(1154,3,559,1120,1,2,'2015-09-03',NULL,NULL,NULL,NULL,NULL,NULL),(1155,3,560,1121,1,2,'2015-09-03',NULL,NULL,NULL,NULL,NULL,NULL),(1156,3,561,1122,1,2,'2015-09-03',NULL,NULL,NULL,NULL,NULL,NULL),(1157,3,562,1123,1,2,'2015-09-03',NULL,NULL,NULL,NULL,NULL,NULL),(1158,3,563,1124,1,2,'2015-09-03',NULL,NULL,NULL,NULL,NULL,NULL),(1159,3,564,1125,1,2,'2015-09-03',NULL,NULL,NULL,NULL,NULL,NULL),(1160,3,565,1126,1,2,'2015-09-03',NULL,NULL,NULL,NULL,NULL,NULL),(1161,3,566,1127,1,2,'2015-09-03',NULL,NULL,NULL,NULL,NULL,NULL),(1162,3,567,1128,1,2,'2015-09-03',NULL,NULL,NULL,NULL,NULL,NULL),(1163,3,568,1129,1,2,'2015-09-03',NULL,NULL,NULL,NULL,NULL,NULL),(1164,3,569,1130,1,2,'2015-09-03',NULL,NULL,NULL,NULL,NULL,NULL),(1658,4,570,712,2,2,'2015-09-03',NULL,NULL,NULL,NULL,NULL,NULL),(1659,4,570,713,2,2,'2015-09-03',NULL,NULL,NULL,NULL,NULL,NULL),(1660,4,570,714,2,2,'2015-09-03',NULL,NULL,NULL,NULL,NULL,NULL),(1661,4,570,715,2,2,'2015-09-03',NULL,NULL,NULL,NULL,NULL,NULL),(1662,4,570,716,2,2,'2015-09-03',NULL,NULL,NULL,NULL,NULL,NULL),(1663,4,570,717,2,2,'2015-09-03',NULL,NULL,NULL,NULL,NULL,NULL),(1664,4,570,718,2,2,'2015-09-03',NULL,NULL,NULL,NULL,NULL,NULL),(1665,4,570,719,2,2,'2015-09-03',NULL,NULL,NULL,NULL,NULL,NULL),(1666,4,570,928,2,2,'2015-09-03',NULL,NULL,NULL,NULL,NULL,NULL),(1667,4,570,929,2,2,'2015-09-03',NULL,NULL,NULL,NULL,NULL,NULL),(1668,4,571,616,2,2,'2015-09-03',NULL,NULL,NULL,NULL,NULL,NULL),(1669,4,571,617,2,2,'2015-09-03',NULL,NULL,NULL,NULL,NULL,NULL),(1670,4,571,720,2,2,'2015-09-03',NULL,NULL,NULL,NULL,NULL,NULL),(1671,4,571,721,2,2,'2015-09-03',NULL,NULL,NULL,NULL,NULL,NULL),(1672,4,571,722,2,2,'2015-09-03',NULL,NULL,NULL,NULL,NULL,NULL),(1673,4,571,723,2,2,'2015-09-03',NULL,NULL,NULL,NULL,NULL,NULL),(1674,4,571,724,2,2,'2015-09-03',NULL,NULL,NULL,NULL,NULL,NULL),(1675,4,571,725,2,2,'2015-09-03',NULL,NULL,NULL,NULL,NULL,NULL),(1676,4,571,726,2,2,'2015-09-03',NULL,NULL,NULL,NULL,NULL,NULL),(1677,4,571,727,2,2,'2015-09-03',NULL,NULL,NULL,NULL,NULL,NULL),(1678,4,571,728,2,2,'2015-09-03',NULL,NULL,NULL,NULL,NULL,NULL),(1679,4,571,729,2,2,'2015-09-03',NULL,NULL,NULL,NULL,NULL,NULL),(1680,4,571,730,2,2,'2015-09-03',NULL,NULL,NULL,NULL,NULL,NULL),(1681,4,571,731,2,2,'2015-09-03',NULL,NULL,NULL,NULL,NULL,NULL),(1682,4,571,732,2,2,'2015-09-03',NULL,NULL,NULL,NULL,NULL,NULL),(1683,4,571,733,2,2,'2015-09-03',NULL,NULL,NULL,NULL,NULL,NULL),(1684,4,571,734,2,2,'2015-09-03',NULL,NULL,NULL,NULL,NULL,NULL),(1685,4,571,735,2,2,'2015-09-03',NULL,NULL,NULL,NULL,NULL,NULL),(1686,4,571,736,2,2,'2015-09-03',NULL,NULL,NULL,NULL,NULL,NULL),(1687,4,571,737,2,2,'2015-09-03',NULL,NULL,NULL,NULL,NULL,NULL),(1688,4,571,738,2,2,'2015-09-03',NULL,NULL,NULL,NULL,NULL,NULL),(1689,4,571,739,2,2,'2015-09-03',NULL,NULL,NULL,NULL,NULL,NULL),(1690,4,571,740,2,2,'2015-09-03',NULL,NULL,NULL,NULL,NULL,NULL),(1691,4,571,741,2,2,'2015-09-03',NULL,NULL,NULL,NULL,NULL,NULL),(1692,4,571,742,2,2,'2015-09-03',NULL,NULL,NULL,NULL,NULL,NULL),(1693,4,571,743,2,2,'2015-09-03',NULL,NULL,NULL,NULL,NULL,NULL),(1694,4,571,744,2,2,'2015-09-03',NULL,NULL,NULL,NULL,NULL,NULL),(1695,4,571,745,2,2,'2015-09-03',NULL,NULL,NULL,NULL,NULL,NULL),(1696,4,571,746,2,2,'2015-09-03',NULL,NULL,NULL,NULL,NULL,NULL),(1697,4,571,747,2,2,'2015-09-03',NULL,NULL,NULL,NULL,NULL,NULL),(1698,4,571,748,2,2,'2015-09-03',NULL,NULL,NULL,NULL,NULL,NULL),(1699,4,571,749,2,2,'2015-09-03',NULL,NULL,NULL,NULL,NULL,NULL),(1700,4,571,750,2,2,'2015-09-03',NULL,NULL,NULL,NULL,NULL,NULL),(1701,4,571,751,2,2,'2015-09-03',NULL,NULL,NULL,NULL,NULL,NULL),(1702,4,571,752,2,2,'2015-09-03',NULL,NULL,NULL,NULL,NULL,NULL),(1703,4,571,903,2,2,'2015-09-03',NULL,NULL,NULL,NULL,NULL,NULL),(1704,4,571,941,2,2,'2015-09-03',NULL,NULL,NULL,NULL,NULL,NULL),(1705,4,571,942,2,2,'2015-09-03',NULL,NULL,NULL,NULL,NULL,NULL),(1706,4,571,943,2,2,'2015-09-03',NULL,NULL,NULL,NULL,NULL,NULL),(1707,4,571,944,2,2,'2015-09-03',NULL,NULL,NULL,NULL,NULL,NULL),(1708,4,571,945,2,2,'2015-09-03',NULL,NULL,NULL,NULL,NULL,NULL),(1709,4,571,950,2,2,'2015-09-03',NULL,NULL,NULL,NULL,NULL,NULL),(1710,4,572,774,2,2,'2015-09-03',NULL,NULL,NULL,NULL,NULL,NULL),(1711,4,572,796,2,2,'2015-09-03',NULL,NULL,NULL,NULL,NULL,NULL),(1712,4,572,800,2,2,'2015-09-03',NULL,NULL,NULL,NULL,NULL,NULL),(1713,4,572,811,2,2,'2015-09-03',NULL,NULL,NULL,NULL,NULL,NULL),(1714,4,572,812,2,2,'2015-09-03',NULL,NULL,NULL,NULL,NULL,NULL),(1715,4,572,816,2,2,'2015-09-03',NULL,NULL,NULL,NULL,NULL,NULL),(1716,4,572,818,2,2,'2015-09-03',NULL,NULL,NULL,NULL,NULL,NULL),(1717,4,572,821,2,2,'2015-09-03',NULL,NULL,NULL,NULL,NULL,NULL),(1718,4,572,823,2,2,'2015-09-03',NULL,NULL,NULL,NULL,NULL,NULL),(1719,4,572,826,2,2,'2015-09-03',NULL,NULL,NULL,NULL,NULL,NULL),(1720,4,572,828,2,2,'2015-09-03',NULL,NULL,NULL,NULL,NULL,NULL),(1721,4,572,830,2,2,'2015-09-03',NULL,NULL,NULL,NULL,NULL,NULL),(1722,4,572,832,2,2,'2015-09-03',NULL,NULL,NULL,NULL,NULL,NULL),(1723,4,572,834,2,2,'2015-09-03',NULL,NULL,NULL,NULL,NULL,NULL),(1724,4,572,836,2,2,'2015-09-03',NULL,NULL,NULL,NULL,NULL,NULL),(1725,4,572,845,2,2,'2015-09-03',NULL,NULL,NULL,NULL,NULL,NULL),(1726,4,572,849,2,2,'2015-09-03',NULL,NULL,NULL,NULL,NULL,NULL),(1727,4,572,851,2,2,'2015-09-03',NULL,NULL,NULL,NULL,NULL,NULL),(1728,4,572,853,2,2,'2015-09-03',NULL,NULL,NULL,NULL,NULL,NULL),(1729,4,572,861,2,2,'2015-09-03',NULL,NULL,NULL,NULL,NULL,NULL),(1730,4,572,863,2,2,'2015-09-03',NULL,NULL,NULL,NULL,NULL,NULL),(1731,4,572,865,2,2,'2015-09-03',NULL,NULL,NULL,NULL,NULL,NULL),(1732,4,572,872,2,2,'2015-09-03',NULL,NULL,NULL,NULL,NULL,NULL),(1733,4,572,874,2,2,'2015-09-03',NULL,NULL,NULL,NULL,NULL,NULL),(1734,4,572,875,2,2,'2015-09-03',NULL,NULL,NULL,NULL,NULL,NULL),(1735,4,572,880,2,2,'2015-09-03',NULL,NULL,NULL,NULL,NULL,NULL),(1736,4,572,907,2,2,'2015-09-03',NULL,NULL,NULL,NULL,NULL,NULL),(1737,4,572,909,2,2,'2015-09-03',NULL,NULL,NULL,NULL,NULL,NULL),(1738,4,572,912,2,2,'2015-09-03',NULL,NULL,NULL,NULL,NULL,NULL),(1739,4,572,915,2,2,'2015-09-03',NULL,NULL,NULL,NULL,NULL,NULL),(1740,4,572,918,2,2,'2015-09-03',NULL,NULL,NULL,NULL,NULL,NULL),(1741,4,572,919,2,2,'2015-09-03',NULL,NULL,NULL,NULL,NULL,NULL),(1742,4,572,920,2,2,'2015-09-03',NULL,NULL,NULL,NULL,NULL,NULL),(1743,4,572,922,2,2,'2015-09-03',NULL,NULL,NULL,NULL,NULL,NULL),(1744,4,572,932,2,2,'2015-09-03',NULL,NULL,NULL,NULL,NULL,NULL),(1745,4,573,604,2,2,'2015-09-03',NULL,NULL,NULL,NULL,NULL,NULL),(1746,4,573,612,2,2,'2015-09-03',NULL,NULL,NULL,NULL,NULL,NULL),(1747,4,573,613,2,2,'2015-09-03',NULL,NULL,NULL,NULL,NULL,NULL),(1748,4,573,620,2,2,'2015-09-03',NULL,NULL,NULL,NULL,NULL,NULL),(1749,4,573,621,2,2,'2015-09-03',NULL,NULL,NULL,NULL,NULL,NULL),(1750,4,574,605,2,2,'2015-09-03',NULL,NULL,NULL,NULL,NULL,NULL),(1751,4,574,653,2,2,'2015-09-03',NULL,NULL,NULL,NULL,NULL,NULL),(1752,4,574,654,2,2,'2015-09-03',NULL,NULL,NULL,NULL,NULL,NULL),(1753,4,574,655,2,2,'2015-09-03',NULL,NULL,NULL,NULL,NULL,NULL),(1754,4,574,656,2,2,'2015-09-03',NULL,NULL,NULL,NULL,NULL,NULL),(1755,4,574,657,2,2,'2015-09-03',NULL,NULL,NULL,NULL,NULL,NULL),(1756,4,574,658,2,2,'2015-09-03',NULL,NULL,NULL,NULL,NULL,NULL),(1757,4,574,659,2,2,'2015-09-03',NULL,NULL,NULL,NULL,NULL,NULL),(1758,4,574,660,2,2,'2015-09-03',NULL,NULL,NULL,NULL,NULL,NULL),(1759,4,574,661,2,2,'2015-09-03',NULL,NULL,NULL,NULL,NULL,NULL),(1760,4,574,662,2,2,'2015-09-03',NULL,NULL,NULL,NULL,NULL,NULL),(1761,4,574,663,2,2,'2015-09-03',NULL,NULL,NULL,NULL,NULL,NULL),(1762,4,574,664,2,2,'2015-09-03',NULL,NULL,NULL,NULL,NULL,NULL),(1763,4,574,665,2,2,'2015-09-03',NULL,NULL,NULL,NULL,NULL,NULL),(1764,4,574,666,2,2,'2015-09-03',NULL,NULL,NULL,NULL,NULL,NULL),(1765,4,574,667,2,2,'2015-09-03',NULL,NULL,NULL,NULL,NULL,NULL),(1766,4,574,668,2,2,'2015-09-03',NULL,NULL,NULL,NULL,NULL,NULL),(1767,4,574,669,2,2,'2015-09-03',NULL,NULL,NULL,NULL,NULL,NULL),(1768,4,574,670,2,2,'2015-09-03',NULL,NULL,NULL,NULL,NULL,NULL),(1769,4,574,671,2,2,'2015-09-03',NULL,NULL,NULL,NULL,NULL,NULL),(1770,4,574,672,2,2,'2015-09-03',NULL,NULL,NULL,NULL,NULL,NULL),(1771,4,574,673,2,2,'2015-09-03',NULL,NULL,NULL,NULL,NULL,NULL),(1772,4,574,674,2,2,'2015-09-03',NULL,NULL,NULL,NULL,NULL,NULL),(1773,4,574,675,2,2,'2015-09-03',NULL,NULL,NULL,NULL,NULL,NULL),(1774,4,575,817,2,2,'2015-09-03',NULL,NULL,NULL,NULL,NULL,NULL),(1775,4,575,831,2,2,'2015-09-03',NULL,NULL,NULL,NULL,NULL,NULL),(1776,4,575,833,2,2,'2015-09-03',NULL,NULL,NULL,NULL,NULL,NULL),(1777,4,575,835,2,2,'2015-09-03',NULL,NULL,NULL,NULL,NULL,NULL),(1778,4,575,837,2,2,'2015-09-03',NULL,NULL,NULL,NULL,NULL,NULL),(1779,4,575,839,2,2,'2015-09-03',NULL,NULL,NULL,NULL,NULL,NULL),(1780,4,575,841,2,2,'2015-09-03',NULL,NULL,NULL,NULL,NULL,NULL),(1781,4,575,842,2,2,'2015-09-03',NULL,NULL,NULL,NULL,NULL,NULL),(1782,4,575,843,2,2,'2015-09-03',NULL,NULL,NULL,NULL,NULL,NULL),(1783,4,575,844,2,2,'2015-09-03',NULL,NULL,NULL,NULL,NULL,NULL),(1784,4,575,847,2,2,'2015-09-03',NULL,NULL,NULL,NULL,NULL,NULL),(1785,4,575,848,2,2,'2015-09-03',NULL,NULL,NULL,NULL,NULL,NULL),(1786,4,575,850,2,2,'2015-09-03',NULL,NULL,NULL,NULL,NULL,NULL),(1787,4,575,852,2,2,'2015-09-03',NULL,NULL,NULL,NULL,NULL,NULL),(1788,4,575,854,2,2,'2015-09-03',NULL,NULL,NULL,NULL,NULL,NULL),(1789,4,575,855,2,2,'2015-09-03',NULL,NULL,NULL,NULL,NULL,NULL),(1790,4,575,857,2,2,'2015-09-03',NULL,NULL,NULL,NULL,NULL,NULL),(1791,4,575,858,2,2,'2015-09-03',NULL,NULL,NULL,NULL,NULL,NULL),(1792,4,575,859,2,2,'2015-09-03',NULL,NULL,NULL,NULL,NULL,NULL),(1793,4,575,860,2,2,'2015-09-03',NULL,NULL,NULL,NULL,NULL,NULL),(1794,4,575,862,2,2,'2015-09-03',NULL,NULL,NULL,NULL,NULL,NULL),(1795,4,575,864,2,2,'2015-09-03',NULL,NULL,NULL,NULL,NULL,NULL),(1796,4,575,867,2,2,'2015-09-03',NULL,NULL,NULL,NULL,NULL,NULL),(1797,4,576,793,2,2,'2015-09-03',NULL,NULL,NULL,NULL,NULL,NULL),(1798,4,576,856,2,2,'2015-09-03',NULL,NULL,NULL,NULL,NULL,NULL),(1799,4,576,901,2,2,'2015-09-03',NULL,NULL,NULL,NULL,NULL,NULL),(1800,4,576,904,2,2,'2015-09-03',NULL,NULL,NULL,NULL,NULL,NULL),(1801,4,576,906,2,2,'2015-09-03',NULL,NULL,NULL,NULL,NULL,NULL),(1802,4,576,914,2,2,'2015-09-03',NULL,NULL,NULL,NULL,NULL,NULL),(1803,4,576,921,2,2,'2015-09-03',NULL,NULL,NULL,NULL,NULL,NULL),(1804,4,576,927,2,2,'2015-09-03',NULL,NULL,NULL,NULL,NULL,NULL),(1805,4,576,930,2,2,'2015-09-03',NULL,NULL,NULL,NULL,NULL,NULL),(1806,4,576,934,2,2,'2015-09-03',NULL,NULL,NULL,NULL,NULL,NULL),(1807,4,576,936,2,2,'2015-09-03',NULL,NULL,NULL,NULL,NULL,NULL),(1808,4,576,937,2,2,'2015-09-03',NULL,NULL,NULL,NULL,NULL,NULL),(1809,4,576,939,2,2,'2015-09-03',NULL,NULL,NULL,NULL,NULL,NULL),(1810,4,576,940,2,2,'2015-09-03',NULL,NULL,NULL,NULL,NULL,NULL),(1811,4,576,948,2,2,'2015-09-03',NULL,NULL,NULL,NULL,NULL,NULL),(1812,4,576,949,2,2,'2015-09-03',NULL,NULL,NULL,NULL,NULL,NULL),(1813,4,576,953,2,2,'2015-09-03',NULL,NULL,NULL,NULL,NULL,NULL),(1814,4,576,954,2,2,'2015-09-03',NULL,NULL,NULL,NULL,NULL,NULL),(1815,4,576,985,2,2,'2015-09-03',NULL,NULL,NULL,NULL,NULL,NULL),(1816,4,576,990,2,2,'2015-09-03',NULL,NULL,NULL,NULL,NULL,NULL),(1817,4,576,994,2,2,'2015-09-03',NULL,NULL,NULL,NULL,NULL,NULL),(1818,4,576,997,2,2,'2015-09-03',NULL,NULL,NULL,NULL,NULL,NULL),(1819,4,576,1000,2,2,'2015-09-03',NULL,NULL,NULL,NULL,NULL,NULL),(1820,4,576,1002,2,2,'2015-09-03',NULL,NULL,NULL,NULL,NULL,NULL),(1821,4,576,1006,2,2,'2015-09-03',NULL,NULL,NULL,NULL,NULL,NULL),(1822,4,576,1009,2,2,'2015-09-03',NULL,NULL,NULL,NULL,NULL,NULL),(1823,4,577,801,2,2,'2015-09-03',NULL,NULL,NULL,NULL,NULL,NULL),(1824,4,577,1014,2,2,'2015-09-03',NULL,NULL,NULL,NULL,NULL,NULL),(1825,4,577,1028,2,2,'2015-09-03',NULL,NULL,NULL,NULL,NULL,NULL),(1826,4,577,1038,2,2,'2015-09-03',NULL,NULL,NULL,NULL,NULL,NULL),(1827,4,577,1039,2,2,'2015-09-03',NULL,NULL,NULL,NULL,NULL,NULL),(1828,4,577,1040,2,2,'2015-09-03',NULL,NULL,NULL,NULL,NULL,NULL),(1829,4,577,1041,2,2,'2015-09-03',NULL,NULL,NULL,NULL,NULL,NULL),(1830,4,577,1042,2,2,'2015-09-03',NULL,NULL,NULL,NULL,NULL,NULL),(1831,4,577,1043,2,2,'2015-09-03',NULL,NULL,NULL,NULL,NULL,NULL),(1832,4,577,1044,2,2,'2015-09-03',NULL,NULL,NULL,NULL,NULL,NULL),(1833,4,577,1045,2,2,'2015-09-03',NULL,NULL,NULL,NULL,NULL,NULL),(1834,4,577,1046,2,2,'2015-09-03',NULL,NULL,NULL,NULL,NULL,NULL),(1835,4,577,1047,2,2,'2015-09-03',NULL,NULL,NULL,NULL,NULL,NULL),(1836,4,577,1048,2,2,'2015-09-03',NULL,NULL,NULL,NULL,NULL,NULL),(1837,4,577,1049,2,2,'2015-09-03',NULL,NULL,NULL,NULL,NULL,NULL),(1838,4,577,1050,2,2,'2015-09-03',NULL,NULL,NULL,NULL,NULL,NULL),(1839,4,577,1051,2,2,'2015-09-03',NULL,NULL,NULL,NULL,NULL,NULL),(1840,4,577,1052,2,2,'2015-09-03',NULL,NULL,NULL,NULL,NULL,NULL),(1841,4,577,1053,2,2,'2015-09-03',NULL,NULL,NULL,NULL,NULL,NULL),(1842,4,577,1054,2,2,'2015-09-03',NULL,NULL,NULL,NULL,NULL,NULL),(1843,4,577,1055,2,2,'2015-09-03',NULL,NULL,NULL,NULL,NULL,NULL),(1844,4,578,754,2,2,'2015-09-03',NULL,NULL,NULL,NULL,NULL,NULL),(1845,4,578,755,2,2,'2015-09-03',NULL,NULL,NULL,NULL,NULL,NULL),(1846,4,578,756,2,2,'2015-09-03',NULL,NULL,NULL,NULL,NULL,NULL),(1847,4,578,757,2,2,'2015-09-03',NULL,NULL,NULL,NULL,NULL,NULL),(1848,4,578,758,2,2,'2015-09-03',NULL,NULL,NULL,NULL,NULL,NULL),(1849,4,578,760,2,2,'2015-09-03',NULL,NULL,NULL,NULL,NULL,NULL),(1850,4,578,762,2,2,'2015-09-03',NULL,NULL,NULL,NULL,NULL,NULL),(1851,4,578,763,2,2,'2015-09-03',NULL,NULL,NULL,NULL,NULL,NULL),(1852,4,578,766,2,2,'2015-09-03',NULL,NULL,NULL,NULL,NULL,NULL),(1853,4,578,767,2,2,'2015-09-03',NULL,NULL,NULL,NULL,NULL,NULL),(1854,4,578,768,2,2,'2015-09-03',NULL,NULL,NULL,NULL,NULL,NULL),(1855,4,578,770,2,2,'2015-09-03',NULL,NULL,NULL,NULL,NULL,NULL),(1856,4,578,780,2,2,'2015-09-03',NULL,NULL,NULL,NULL,NULL,NULL),(1857,4,578,820,2,2,'2015-09-03',NULL,NULL,NULL,NULL,NULL,NULL),(1858,4,578,822,2,2,'2015-09-03',NULL,NULL,NULL,NULL,NULL,NULL),(1859,4,578,825,2,2,'2015-09-03',NULL,NULL,NULL,NULL,NULL,NULL),(1860,4,578,827,2,2,'2015-09-03',NULL,NULL,NULL,NULL,NULL,NULL),(1861,4,578,829,2,2,'2015-09-03',NULL,NULL,NULL,NULL,NULL,NULL),(1862,4,578,838,2,2,'2015-09-03',NULL,NULL,NULL,NULL,NULL,NULL),(1863,4,578,840,2,2,'2015-09-03',NULL,NULL,NULL,NULL,NULL,NULL),(1864,4,578,846,2,2,'2015-09-03',NULL,NULL,NULL,NULL,NULL,NULL),(1865,4,578,868,2,2,'2015-09-03',NULL,NULL,NULL,NULL,NULL,NULL),(1866,4,578,869,2,2,'2015-09-03',NULL,NULL,NULL,NULL,NULL,NULL),(1867,4,578,870,2,2,'2015-09-03',NULL,NULL,NULL,NULL,NULL,NULL),(1868,4,578,871,2,2,'2015-09-03',NULL,NULL,NULL,NULL,NULL,NULL),(1869,4,578,873,2,2,'2015-09-03',NULL,NULL,NULL,NULL,NULL,NULL),(1870,4,578,959,2,2,'2015-09-03',NULL,NULL,NULL,NULL,NULL,NULL),(1871,4,578,961,2,2,'2015-09-03',NULL,NULL,NULL,NULL,NULL,NULL),(1872,4,578,964,2,2,'2015-09-03',NULL,NULL,NULL,NULL,NULL,NULL),(1873,4,578,966,2,2,'2015-09-03',NULL,NULL,NULL,NULL,NULL,NULL),(1874,4,578,968,2,2,'2015-09-03',NULL,NULL,NULL,NULL,NULL,NULL),(1875,4,578,970,2,2,'2015-09-03',NULL,NULL,NULL,NULL,NULL,NULL),(1876,4,578,973,2,2,'2015-09-03',NULL,NULL,NULL,NULL,NULL,NULL),(1877,4,578,975,2,2,'2015-09-03',NULL,NULL,NULL,NULL,NULL,NULL),(1878,4,578,976,2,2,'2015-09-03',NULL,NULL,NULL,NULL,NULL,NULL),(1879,4,578,979,2,2,'2015-09-03',NULL,NULL,NULL,NULL,NULL,NULL),(1880,4,578,982,2,2,'2015-09-03',NULL,NULL,NULL,NULL,NULL,NULL),(1881,4,578,986,2,2,'2015-09-03',NULL,NULL,NULL,NULL,NULL,NULL),(1882,4,579,615,2,2,'2015-09-03',NULL,NULL,NULL,NULL,NULL,NULL),(1883,4,579,765,2,2,'2015-09-03',NULL,NULL,NULL,NULL,NULL,NULL),(1884,4,579,785,2,2,'2015-09-03',NULL,NULL,NULL,NULL,NULL,NULL),(1885,4,579,813,2,2,'2015-09-03',NULL,NULL,NULL,NULL,NULL,NULL),(1886,4,579,819,2,2,'2015-09-03',NULL,NULL,NULL,NULL,NULL,NULL),(1887,4,579,824,2,2,'2015-09-03',NULL,NULL,NULL,NULL,NULL,NULL),(1888,4,579,866,2,2,'2015-09-03',NULL,NULL,NULL,NULL,NULL,NULL),(1889,4,579,876,2,2,'2015-09-03',NULL,NULL,NULL,NULL,NULL,NULL),(1890,4,579,877,2,2,'2015-09-03',NULL,NULL,NULL,NULL,NULL,NULL),(1891,4,579,878,2,2,'2015-09-03',NULL,NULL,NULL,NULL,NULL,NULL),(1892,4,579,879,2,2,'2015-09-03',NULL,NULL,NULL,NULL,NULL,NULL),(1893,4,579,881,2,2,'2015-09-03',NULL,NULL,NULL,NULL,NULL,NULL),(1894,4,579,882,2,2,'2015-09-03',NULL,NULL,NULL,NULL,NULL,NULL),(1895,4,579,883,2,2,'2015-09-03',NULL,NULL,NULL,NULL,NULL,NULL),(1896,4,579,884,2,2,'2015-09-03',NULL,NULL,NULL,NULL,NULL,NULL),(1897,4,579,885,2,2,'2015-09-03',NULL,NULL,NULL,NULL,NULL,NULL),(1898,4,579,886,2,2,'2015-09-03',NULL,NULL,NULL,NULL,NULL,NULL),(1899,4,579,887,2,2,'2015-09-03',NULL,NULL,NULL,NULL,NULL,NULL),(1900,4,579,888,2,2,'2015-09-03',NULL,NULL,NULL,NULL,NULL,NULL),(1901,4,579,889,2,2,'2015-09-03',NULL,NULL,NULL,NULL,NULL,NULL),(1902,4,579,890,2,2,'2015-09-03',NULL,NULL,NULL,NULL,NULL,NULL),(1903,4,579,891,2,2,'2015-09-03',NULL,NULL,NULL,NULL,NULL,NULL),(1904,4,579,892,2,2,'2015-09-03',NULL,NULL,NULL,NULL,NULL,NULL),(1905,4,579,893,2,2,'2015-09-03',NULL,NULL,NULL,NULL,NULL,NULL),(1906,4,579,894,2,2,'2015-09-03',NULL,NULL,NULL,NULL,NULL,NULL),(1907,4,579,895,2,2,'2015-09-03',NULL,NULL,NULL,NULL,NULL,NULL),(1908,4,579,896,2,2,'2015-09-03',NULL,NULL,NULL,NULL,NULL,NULL),(1909,4,579,897,2,2,'2015-09-03',NULL,NULL,NULL,NULL,NULL,NULL),(1910,4,579,898,2,2,'2015-09-03',NULL,NULL,NULL,NULL,NULL,NULL),(1911,4,579,899,2,2,'2015-09-03',NULL,NULL,NULL,NULL,NULL,NULL),(1912,4,579,900,2,2,'2015-09-03',NULL,NULL,NULL,NULL,NULL,NULL),(1913,4,579,902,2,2,'2015-09-03',NULL,NULL,NULL,NULL,NULL,NULL),(1914,4,579,905,2,2,'2015-09-03',NULL,NULL,NULL,NULL,NULL,NULL),(1915,4,579,908,2,2,'2015-09-03',NULL,NULL,NULL,NULL,NULL,NULL),(1916,4,579,1080,2,2,'2015-09-03',NULL,NULL,NULL,NULL,NULL,NULL),(1917,4,580,1106,2,2,'2015-09-03',NULL,NULL,NULL,NULL,NULL,NULL),(1918,4,580,1107,2,2,'2015-09-03',NULL,NULL,NULL,NULL,NULL,NULL),(1919,4,580,1108,2,2,'2015-09-03',NULL,NULL,NULL,NULL,NULL,NULL),(1920,4,580,1109,2,2,'2015-09-03',NULL,NULL,NULL,NULL,NULL,NULL),(1921,4,580,1110,2,2,'2015-09-03',NULL,NULL,NULL,NULL,NULL,NULL),(1922,4,580,1111,2,2,'2015-09-03',NULL,NULL,NULL,NULL,NULL,NULL),(1923,4,580,1112,2,2,'2015-09-03',NULL,NULL,NULL,NULL,NULL,NULL),(1924,4,580,1113,2,2,'2015-09-03',NULL,NULL,NULL,NULL,NULL,NULL),(1925,4,580,1114,2,2,'2015-09-03',NULL,NULL,NULL,NULL,NULL,NULL),(1926,4,580,1115,2,2,'2015-09-03',NULL,NULL,NULL,NULL,NULL,NULL),(1927,4,580,1116,2,2,'2015-09-03',NULL,NULL,NULL,NULL,NULL,NULL),(1928,4,580,1117,2,2,'2015-09-03',NULL,NULL,NULL,NULL,NULL,NULL),(1929,4,580,1118,2,2,'2015-09-03',NULL,NULL,NULL,NULL,NULL,NULL),(1930,4,580,1119,2,2,'2015-09-03',NULL,NULL,NULL,NULL,NULL,NULL),(1931,4,580,1120,2,2,'2015-09-03',NULL,NULL,NULL,NULL,NULL,NULL),(1932,4,580,1121,2,2,'2015-09-03',NULL,NULL,NULL,NULL,NULL,NULL),(1933,4,580,1122,2,2,'2015-09-03',NULL,NULL,NULL,NULL,NULL,NULL),(1934,4,580,1123,2,2,'2015-09-03',NULL,NULL,NULL,NULL,NULL,NULL),(1935,4,580,1124,2,2,'2015-09-03',NULL,NULL,NULL,NULL,NULL,NULL),(1936,4,580,1125,2,2,'2015-09-03',NULL,NULL,NULL,NULL,NULL,NULL),(1937,4,580,1126,2,2,'2015-09-03',NULL,NULL,NULL,NULL,NULL,NULL),(1938,4,580,1127,2,2,'2015-09-03',NULL,NULL,NULL,NULL,NULL,NULL),(1939,4,580,1128,2,2,'2015-09-03',NULL,NULL,NULL,NULL,NULL,NULL),(1940,4,580,1129,2,2,'2015-09-03',NULL,NULL,NULL,NULL,NULL,NULL),(1941,4,580,1130,2,2,'2015-09-03',NULL,NULL,NULL,NULL,NULL,NULL),(1942,4,581,798,2,2,'2015-09-03',NULL,NULL,NULL,NULL,NULL,NULL),(1943,4,581,799,2,2,'2015-09-03',NULL,NULL,NULL,NULL,NULL,NULL),(1944,4,581,802,2,2,'2015-09-03',NULL,NULL,NULL,NULL,NULL,NULL),(1945,4,581,803,2,2,'2015-09-03',NULL,NULL,NULL,NULL,NULL,NULL),(1946,4,581,805,2,2,'2015-09-03',NULL,NULL,NULL,NULL,NULL,NULL),(1947,4,581,806,2,2,'2015-09-03',NULL,NULL,NULL,NULL,NULL,NULL),(1948,4,581,807,2,2,'2015-09-03',NULL,NULL,NULL,NULL,NULL,NULL),(1949,4,581,809,2,2,'2015-09-03',NULL,NULL,NULL,NULL,NULL,NULL),(1950,4,581,810,2,2,'2015-09-03',NULL,NULL,NULL,NULL,NULL,NULL),(1951,4,582,626,2,2,'2015-09-03',NULL,NULL,NULL,NULL,NULL,NULL),(1952,4,582,696,2,2,'2015-09-03',NULL,NULL,NULL,NULL,NULL,NULL),(1953,4,582,697,2,2,'2015-09-03',NULL,NULL,NULL,NULL,NULL,NULL),(1954,4,582,761,2,2,'2015-09-03',NULL,NULL,NULL,NULL,NULL,NULL),(1955,4,582,764,2,2,'2015-09-03',NULL,NULL,NULL,NULL,NULL,NULL),(1956,4,582,769,2,2,'2015-09-03',NULL,NULL,NULL,NULL,NULL,NULL),(1957,4,582,771,2,2,'2015-09-03',NULL,NULL,NULL,NULL,NULL,NULL),(1958,4,582,794,2,2,'2015-09-03',NULL,NULL,NULL,NULL,NULL,NULL),(1959,4,582,795,2,2,'2015-09-03',NULL,NULL,NULL,NULL,NULL,NULL),(1960,4,582,797,2,2,'2015-09-03',NULL,NULL,NULL,NULL,NULL,NULL),(1961,4,582,804,2,2,'2015-09-03',NULL,NULL,NULL,NULL,NULL,NULL),(1962,4,582,808,2,2,'2015-09-03',NULL,NULL,NULL,NULL,NULL,NULL),(1963,4,582,931,2,2,'2015-09-03',NULL,NULL,NULL,NULL,NULL,NULL),(1964,4,582,933,2,2,'2015-09-03',NULL,NULL,NULL,NULL,NULL,NULL),(1965,4,582,935,2,2,'2015-09-03',NULL,NULL,NULL,NULL,NULL,NULL),(1966,4,582,938,2,2,'2015-09-03',NULL,NULL,NULL,NULL,NULL,NULL),(1967,4,582,946,2,2,'2015-09-03',NULL,NULL,NULL,NULL,NULL,NULL),(1968,4,582,947,2,2,'2015-09-03',NULL,NULL,NULL,NULL,NULL,NULL),(1969,4,582,951,2,2,'2015-09-03',NULL,NULL,NULL,NULL,NULL,NULL),(1970,4,582,956,2,2,'2015-09-03',NULL,NULL,NULL,NULL,NULL,NULL),(1971,4,582,960,2,2,'2015-09-03',NULL,NULL,NULL,NULL,NULL,NULL),(1972,4,582,972,2,2,'2015-09-03',NULL,NULL,NULL,NULL,NULL,NULL),(1973,4,582,978,2,2,'2015-09-03',NULL,NULL,NULL,NULL,NULL,NULL),(1974,4,582,981,2,2,'2015-09-03',NULL,NULL,NULL,NULL,NULL,NULL),(1975,4,582,988,2,2,'2015-09-03',NULL,NULL,NULL,NULL,NULL,NULL),(1976,4,582,992,2,2,'2015-09-03',NULL,NULL,NULL,NULL,NULL,NULL),(1977,4,582,1003,2,2,'2015-09-03',NULL,NULL,NULL,NULL,NULL,NULL),(1978,4,582,1008,2,2,'2015-09-03',NULL,NULL,NULL,NULL,NULL,NULL),(1979,4,582,1016,2,2,'2015-09-03',NULL,NULL,NULL,NULL,NULL,NULL),(1980,4,582,1020,2,2,'2015-09-03',NULL,NULL,NULL,NULL,NULL,NULL),(1981,4,582,1022,2,2,'2015-09-03',NULL,NULL,NULL,NULL,NULL,NULL),(1982,4,582,1023,2,2,'2015-09-03',NULL,NULL,NULL,NULL,NULL,NULL),(1983,4,582,1025,2,2,'2015-09-03',NULL,NULL,NULL,NULL,NULL,NULL),(1984,4,583,607,2,2,'2015-09-03',NULL,NULL,NULL,NULL,NULL,NULL),(1985,4,583,608,2,2,'2015-09-03',NULL,NULL,NULL,NULL,NULL,NULL),(1986,4,583,610,2,2,'2015-09-03',NULL,NULL,NULL,NULL,NULL,NULL),(1987,4,583,614,2,2,'2015-09-03',NULL,NULL,NULL,NULL,NULL,NULL),(1988,4,583,753,2,2,'2015-09-03',NULL,NULL,NULL,NULL,NULL,NULL),(1989,4,583,772,2,2,'2015-09-03',NULL,NULL,NULL,NULL,NULL,NULL),(1990,4,583,773,2,2,'2015-09-03',NULL,NULL,NULL,NULL,NULL,NULL),(1991,4,583,775,2,2,'2015-09-03',NULL,NULL,NULL,NULL,NULL,NULL),(1992,4,583,776,2,2,'2015-09-03',NULL,NULL,NULL,NULL,NULL,NULL),(1993,4,583,777,2,2,'2015-09-03',NULL,NULL,NULL,NULL,NULL,NULL),(1994,4,583,778,2,2,'2015-09-03',NULL,NULL,NULL,NULL,NULL,NULL),(1995,4,583,779,2,2,'2015-09-03',NULL,NULL,NULL,NULL,NULL,NULL),(1996,4,583,781,2,2,'2015-09-03',NULL,NULL,NULL,NULL,NULL,NULL),(1997,4,583,782,2,2,'2015-09-03',NULL,NULL,NULL,NULL,NULL,NULL),(1998,4,583,783,2,2,'2015-09-03',NULL,NULL,NULL,NULL,NULL,NULL),(1999,4,583,784,2,2,'2015-09-03',NULL,NULL,NULL,NULL,NULL,NULL),(2000,4,583,786,2,2,'2015-09-03',NULL,NULL,NULL,NULL,NULL,NULL),(2001,4,583,787,2,2,'2015-09-03',NULL,NULL,NULL,NULL,NULL,NULL),(2002,4,583,788,2,2,'2015-09-03',NULL,NULL,NULL,NULL,NULL,NULL),(2003,4,583,789,2,2,'2015-09-03',NULL,NULL,NULL,NULL,NULL,NULL),(2004,4,583,790,2,2,'2015-09-03',NULL,NULL,NULL,NULL,NULL,NULL),(2005,4,583,791,2,2,'2015-09-03',NULL,NULL,NULL,NULL,NULL,NULL),(2006,4,583,792,2,2,'2015-09-03',NULL,NULL,NULL,NULL,NULL,NULL),(2007,4,583,814,2,2,'2015-09-03',NULL,NULL,NULL,NULL,NULL,NULL),(2008,4,583,815,2,2,'2015-09-03',NULL,NULL,NULL,NULL,NULL,NULL),(2009,4,583,910,2,2,'2015-09-03',NULL,NULL,NULL,NULL,NULL,NULL),(2010,4,583,911,2,2,'2015-09-03',NULL,NULL,NULL,NULL,NULL,NULL),(2011,4,583,913,2,2,'2015-09-03',NULL,NULL,NULL,NULL,NULL,NULL),(2012,4,583,916,2,2,'2015-09-03',NULL,NULL,NULL,NULL,NULL,NULL),(2013,4,583,917,2,2,'2015-09-03',NULL,NULL,NULL,NULL,NULL,NULL),(2014,4,583,923,2,2,'2015-09-03',NULL,NULL,NULL,NULL,NULL,NULL),(2015,4,583,924,2,2,'2015-09-03',NULL,NULL,NULL,NULL,NULL,NULL),(2016,4,583,925,2,2,'2015-09-03',NULL,NULL,NULL,NULL,NULL,NULL),(2017,4,583,926,2,2,'2015-09-03',NULL,NULL,NULL,NULL,NULL,NULL),(2018,4,584,759,2,2,'2015-09-03',NULL,NULL,NULL,NULL,NULL,NULL),(2019,4,584,952,2,2,'2015-09-03',NULL,NULL,NULL,NULL,NULL,NULL),(2020,4,584,955,2,2,'2015-09-03',NULL,NULL,NULL,NULL,NULL,NULL),(2021,4,584,957,2,2,'2015-09-03',NULL,NULL,NULL,NULL,NULL,NULL),(2022,4,584,958,2,2,'2015-09-03',NULL,NULL,NULL,NULL,NULL,NULL),(2023,4,584,962,2,2,'2015-09-03',NULL,NULL,NULL,NULL,NULL,NULL),(2024,4,584,963,2,2,'2015-09-03',NULL,NULL,NULL,NULL,NULL,NULL),(2025,4,584,965,2,2,'2015-09-03',NULL,NULL,NULL,NULL,NULL,NULL),(2026,4,584,967,2,2,'2015-09-03',NULL,NULL,NULL,NULL,NULL,NULL),(2027,4,584,969,2,2,'2015-09-03',NULL,NULL,NULL,NULL,NULL,NULL),(2028,4,584,971,2,2,'2015-09-03',NULL,NULL,NULL,NULL,NULL,NULL),(2029,4,584,974,2,2,'2015-09-03',NULL,NULL,NULL,NULL,NULL,NULL),(2030,4,584,977,2,2,'2015-09-03',NULL,NULL,NULL,NULL,NULL,NULL),(2031,4,584,980,2,2,'2015-09-03',NULL,NULL,NULL,NULL,NULL,NULL),(2032,4,584,983,2,2,'2015-09-03',NULL,NULL,NULL,NULL,NULL,NULL),(2033,4,584,984,2,2,'2015-09-03',NULL,NULL,NULL,NULL,NULL,NULL),(2034,4,584,987,2,2,'2015-09-03',NULL,NULL,NULL,NULL,NULL,NULL),(2035,4,584,989,2,2,'2015-09-03',NULL,NULL,NULL,NULL,NULL,NULL),(2036,4,584,991,2,2,'2015-09-03',NULL,NULL,NULL,NULL,NULL,NULL),(2037,4,584,993,2,2,'2015-09-03',NULL,NULL,NULL,NULL,NULL,NULL),(2038,4,584,995,2,2,'2015-09-03',NULL,NULL,NULL,NULL,NULL,NULL),(2039,4,584,996,2,2,'2015-09-03',NULL,NULL,NULL,NULL,NULL,NULL),(2040,4,584,998,2,2,'2015-09-03',NULL,NULL,NULL,NULL,NULL,NULL),(2041,4,584,999,2,2,'2015-09-03',NULL,NULL,NULL,NULL,NULL,NULL),(2042,4,584,1001,2,2,'2015-09-03',NULL,NULL,NULL,NULL,NULL,NULL),(2043,4,584,1004,2,2,'2015-09-03',NULL,NULL,NULL,NULL,NULL,NULL),(2044,4,584,1007,2,2,'2015-09-03',NULL,NULL,NULL,NULL,NULL,NULL),(2045,4,584,1010,2,2,'2015-09-03',NULL,NULL,NULL,NULL,NULL,NULL),(2046,4,584,1011,2,2,'2015-09-03',NULL,NULL,NULL,NULL,NULL,NULL),(2047,4,584,1012,2,2,'2015-09-03',NULL,NULL,NULL,NULL,NULL,NULL),(2048,4,584,1015,2,2,'2015-09-03',NULL,NULL,NULL,NULL,NULL,NULL),(2049,4,584,1017,2,2,'2015-09-03',NULL,NULL,NULL,NULL,NULL,NULL),(2050,4,584,1018,2,2,'2015-09-03',NULL,NULL,NULL,NULL,NULL,NULL),(2051,4,584,1019,2,2,'2015-09-03',NULL,NULL,NULL,NULL,NULL,NULL),(2052,4,584,1021,2,2,'2015-09-03',NULL,NULL,NULL,NULL,NULL,NULL),(2053,4,585,618,2,2,'2015-09-03',NULL,NULL,NULL,NULL,NULL,NULL),(2054,4,585,619,2,2,'2015-09-03',NULL,NULL,NULL,NULL,NULL,NULL),(2055,4,585,676,2,2,'2015-09-03',NULL,NULL,NULL,NULL,NULL,NULL),(2056,4,585,677,2,2,'2015-09-03',NULL,NULL,NULL,NULL,NULL,NULL),(2057,4,585,678,2,2,'2015-09-03',NULL,NULL,NULL,NULL,NULL,NULL),(2058,4,585,679,2,2,'2015-09-03',NULL,NULL,NULL,NULL,NULL,NULL),(2059,4,585,680,2,2,'2015-09-03',NULL,NULL,NULL,NULL,NULL,NULL),(2060,4,585,681,2,2,'2015-09-03',NULL,NULL,NULL,NULL,NULL,NULL),(2061,4,585,682,2,2,'2015-09-03',NULL,NULL,NULL,NULL,NULL,NULL),(2062,4,585,683,2,2,'2015-09-03',NULL,NULL,NULL,NULL,NULL,NULL),(2063,4,585,684,2,2,'2015-09-03',NULL,NULL,NULL,NULL,NULL,NULL),(2064,4,585,685,2,2,'2015-09-03',NULL,NULL,NULL,NULL,NULL,NULL),(2065,4,585,686,2,2,'2015-09-03',NULL,NULL,NULL,NULL,NULL,NULL),(2066,4,585,687,2,2,'2015-09-03',NULL,NULL,NULL,NULL,NULL,NULL),(2067,4,585,688,2,2,'2015-09-03',NULL,NULL,NULL,NULL,NULL,NULL),(2068,4,585,689,2,2,'2015-09-03',NULL,NULL,NULL,NULL,NULL,NULL),(2069,4,585,690,2,2,'2015-09-03',NULL,NULL,NULL,NULL,NULL,NULL),(2070,4,585,691,2,2,'2015-09-03',NULL,NULL,NULL,NULL,NULL,NULL),(2071,4,585,692,2,2,'2015-09-03',NULL,NULL,NULL,NULL,NULL,NULL),(2072,4,585,693,2,2,'2015-09-03',NULL,NULL,NULL,NULL,NULL,NULL),(2073,4,585,694,2,2,'2015-09-03',NULL,NULL,NULL,NULL,NULL,NULL),(2074,4,585,695,2,2,'2015-09-03',NULL,NULL,NULL,NULL,NULL,NULL),(2075,4,585,698,2,2,'2015-09-03',NULL,NULL,NULL,NULL,NULL,NULL),(2076,4,585,699,2,2,'2015-09-03',NULL,NULL,NULL,NULL,NULL,NULL),(2077,4,585,700,2,2,'2015-09-03',NULL,NULL,NULL,NULL,NULL,NULL),(2078,4,585,701,2,2,'2015-09-03',NULL,NULL,NULL,NULL,NULL,NULL),(2079,4,585,702,2,2,'2015-09-03',NULL,NULL,NULL,NULL,NULL,NULL),(2080,4,585,703,2,2,'2015-09-03',NULL,NULL,NULL,NULL,NULL,NULL),(2081,4,585,704,2,2,'2015-09-03',NULL,NULL,NULL,NULL,NULL,NULL),(2082,4,585,705,2,2,'2015-09-03',NULL,NULL,NULL,NULL,NULL,NULL),(2083,4,585,706,2,2,'2015-09-03',NULL,NULL,NULL,NULL,NULL,NULL),(2084,4,585,707,2,2,'2015-09-03',NULL,NULL,NULL,NULL,NULL,NULL),(2085,4,585,708,2,2,'2015-09-03',NULL,NULL,NULL,NULL,NULL,NULL),(2086,4,585,709,2,2,'2015-09-03',NULL,NULL,NULL,NULL,NULL,NULL),(2087,4,585,710,2,2,'2015-09-03',NULL,NULL,NULL,NULL,NULL,NULL),(2088,4,585,711,2,2,'2015-09-03',NULL,NULL,NULL,NULL,NULL,NULL),(2089,4,586,1065,2,2,'2015-09-03',NULL,NULL,NULL,NULL,NULL,NULL),(2090,4,586,1066,2,2,'2015-09-03',NULL,NULL,NULL,NULL,NULL,NULL),(2091,4,586,1067,2,2,'2015-09-03',NULL,NULL,NULL,NULL,NULL,NULL),(2092,4,586,1068,2,2,'2015-09-03',NULL,NULL,NULL,NULL,NULL,NULL),(2093,4,586,1069,2,2,'2015-09-03',NULL,NULL,NULL,NULL,NULL,NULL),(2094,4,586,1070,2,2,'2015-09-03',NULL,NULL,NULL,NULL,NULL,NULL),(2095,4,586,1071,2,2,'2015-09-03',NULL,NULL,NULL,NULL,NULL,NULL),(2096,4,586,1072,2,2,'2015-09-03',NULL,NULL,NULL,NULL,NULL,NULL),(2097,4,586,1073,2,2,'2015-09-03',NULL,NULL,NULL,NULL,NULL,NULL),(2098,4,586,1074,2,2,'2015-09-03',NULL,NULL,NULL,NULL,NULL,NULL),(2099,4,586,1075,2,2,'2015-09-03',NULL,NULL,NULL,NULL,NULL,NULL),(2100,4,586,1076,2,2,'2015-09-03',NULL,NULL,NULL,NULL,NULL,NULL),(2101,4,586,1077,2,2,'2015-09-03',NULL,NULL,NULL,NULL,NULL,NULL),(2102,4,586,1078,2,2,'2015-09-03',NULL,NULL,NULL,NULL,NULL,NULL),(2103,4,586,1079,2,2,'2015-09-03',NULL,NULL,NULL,NULL,NULL,NULL),(2104,4,586,1081,2,2,'2015-09-03',NULL,NULL,NULL,NULL,NULL,NULL),(2105,4,586,1082,2,2,'2015-09-03',NULL,NULL,NULL,NULL,NULL,NULL),(2106,4,586,1083,2,2,'2015-09-03',NULL,NULL,NULL,NULL,NULL,NULL),(2107,4,586,1084,2,2,'2015-09-03',NULL,NULL,NULL,NULL,NULL,NULL),(2108,4,586,1085,2,2,'2015-09-03',NULL,NULL,NULL,NULL,NULL,NULL),(2109,4,586,1086,2,2,'2015-09-03',NULL,NULL,NULL,NULL,NULL,NULL),(2110,4,586,1087,2,2,'2015-09-03',NULL,NULL,NULL,NULL,NULL,NULL),(2111,4,586,1088,2,2,'2015-09-03',NULL,NULL,NULL,NULL,NULL,NULL),(2112,4,586,1089,2,2,'2015-09-03',NULL,NULL,NULL,NULL,NULL,NULL),(2113,4,586,1090,2,2,'2015-09-03',NULL,NULL,NULL,NULL,NULL,NULL),(2114,4,586,1091,2,2,'2015-09-03',NULL,NULL,NULL,NULL,NULL,NULL),(2115,4,586,1092,2,2,'2015-09-03',NULL,NULL,NULL,NULL,NULL,NULL),(2116,4,586,1093,2,2,'2015-09-03',NULL,NULL,NULL,NULL,NULL,NULL),(2117,4,586,1094,2,2,'2015-09-03',NULL,NULL,NULL,NULL,NULL,NULL),(2118,4,586,1095,2,2,'2015-09-03',NULL,NULL,NULL,NULL,NULL,NULL),(2119,4,586,1096,2,2,'2015-09-03',NULL,NULL,NULL,NULL,NULL,NULL),(2120,4,586,1097,2,2,'2015-09-03',NULL,NULL,NULL,NULL,NULL,NULL),(2121,4,586,1098,2,2,'2015-09-03',NULL,NULL,NULL,NULL,NULL,NULL),(2122,4,586,1099,2,2,'2015-09-03',NULL,NULL,NULL,NULL,NULL,NULL),(2123,4,586,1100,2,2,'2015-09-03',NULL,NULL,NULL,NULL,NULL,NULL),(2124,4,586,1101,2,2,'2015-09-03',NULL,NULL,NULL,NULL,NULL,NULL),(2125,4,586,1102,2,2,'2015-09-03',NULL,NULL,NULL,NULL,NULL,NULL),(2126,4,586,1103,2,2,'2015-09-03',NULL,NULL,NULL,NULL,NULL,NULL),(2127,4,586,1104,2,2,'2015-09-03',NULL,NULL,NULL,NULL,NULL,NULL),(2128,4,586,1105,2,2,'2015-09-03',NULL,NULL,NULL,NULL,NULL,NULL),(2129,4,587,601,2,2,'2015-09-03',NULL,NULL,NULL,NULL,NULL,NULL),(2130,4,587,602,2,2,'2015-09-03',NULL,NULL,NULL,NULL,NULL,NULL),(2131,4,587,603,2,2,'2015-09-03',NULL,NULL,NULL,NULL,NULL,NULL),(2132,4,587,622,2,2,'2015-09-03',NULL,NULL,NULL,NULL,NULL,NULL),(2133,4,587,623,2,2,'2015-09-03',NULL,NULL,NULL,NULL,NULL,NULL),(2134,4,587,624,2,2,'2015-09-03',NULL,NULL,NULL,NULL,NULL,NULL),(2135,4,587,625,2,2,'2015-09-03',NULL,NULL,NULL,NULL,NULL,NULL),(2136,4,587,627,2,2,'2015-09-03',NULL,NULL,NULL,NULL,NULL,NULL),(2137,4,587,628,2,2,'2015-09-03',NULL,NULL,NULL,NULL,NULL,NULL),(2138,4,587,629,2,2,'2015-09-03',NULL,NULL,NULL,NULL,NULL,NULL),(2139,4,587,630,2,2,'2015-09-03',NULL,NULL,NULL,NULL,NULL,NULL),(2140,4,587,631,2,2,'2015-09-03',NULL,NULL,NULL,NULL,NULL,NULL),(2141,4,587,632,2,2,'2015-09-03',NULL,NULL,NULL,NULL,NULL,NULL),(2142,4,587,633,2,2,'2015-09-03',NULL,NULL,NULL,NULL,NULL,NULL),(2143,4,587,634,2,2,'2015-09-03',NULL,NULL,NULL,NULL,NULL,NULL),(2144,4,587,635,2,2,'2015-09-03',NULL,NULL,NULL,NULL,NULL,NULL),(2145,4,587,636,2,2,'2015-09-03',NULL,NULL,NULL,NULL,NULL,NULL),(2146,4,587,637,2,2,'2015-09-03',NULL,NULL,NULL,NULL,NULL,NULL),(2147,4,587,638,2,2,'2015-09-03',NULL,NULL,NULL,NULL,NULL,NULL),(2148,4,587,639,2,2,'2015-09-03',NULL,NULL,NULL,NULL,NULL,NULL),(2149,4,587,640,2,2,'2015-09-03',NULL,NULL,NULL,NULL,NULL,NULL),(2150,4,587,641,2,2,'2015-09-03',NULL,NULL,NULL,NULL,NULL,NULL),(2151,4,587,642,2,2,'2015-09-03',NULL,NULL,NULL,NULL,NULL,NULL),(2152,4,587,643,2,2,'2015-09-03',NULL,NULL,NULL,NULL,NULL,NULL),(2153,4,587,644,2,2,'2015-09-03',NULL,NULL,NULL,NULL,NULL,NULL),(2154,4,587,645,2,2,'2015-09-03',NULL,NULL,NULL,NULL,NULL,NULL),(2155,4,587,646,2,2,'2015-09-03',NULL,NULL,NULL,NULL,NULL,NULL),(2156,4,587,647,2,2,'2015-09-03',NULL,NULL,NULL,NULL,NULL,NULL),(2157,4,587,648,2,2,'2015-09-03',NULL,NULL,NULL,NULL,NULL,NULL),(2158,4,587,649,2,2,'2015-09-03',NULL,NULL,NULL,NULL,NULL,NULL),(2159,4,587,650,2,2,'2015-09-03',NULL,NULL,NULL,NULL,NULL,NULL),(2160,4,587,651,2,2,'2015-09-03',NULL,NULL,NULL,NULL,NULL,NULL),(2161,4,587,652,2,2,'2015-09-03',NULL,NULL,NULL,NULL,NULL,NULL),(2162,4,588,606,2,2,'2015-09-03',NULL,NULL,NULL,NULL,NULL,NULL),(2163,4,588,609,2,2,'2015-09-03',NULL,NULL,NULL,NULL,NULL,NULL),(2164,4,588,611,2,2,'2015-09-03',NULL,NULL,NULL,NULL,NULL,NULL),(2165,4,588,1005,2,2,'2015-09-03',NULL,NULL,NULL,NULL,NULL,NULL),(2166,4,588,1013,2,2,'2015-09-03',NULL,NULL,NULL,NULL,NULL,NULL),(2167,4,588,1024,2,2,'2015-09-03',NULL,NULL,NULL,NULL,NULL,NULL),(2168,4,588,1026,2,2,'2015-09-03',NULL,NULL,NULL,NULL,NULL,NULL),(2169,4,588,1027,2,2,'2015-09-03',NULL,NULL,NULL,NULL,NULL,NULL),(2170,4,588,1029,2,2,'2015-09-03',NULL,NULL,NULL,NULL,NULL,NULL),(2171,4,588,1030,2,2,'2015-09-03',NULL,NULL,NULL,NULL,NULL,NULL),(2172,4,588,1031,2,2,'2015-09-03',NULL,NULL,NULL,NULL,NULL,NULL),(2173,4,588,1032,2,2,'2015-09-03',NULL,NULL,NULL,NULL,NULL,NULL),(2174,4,588,1033,2,2,'2015-09-03',NULL,NULL,NULL,NULL,NULL,NULL),(2175,4,588,1034,2,2,'2015-09-03',NULL,NULL,NULL,NULL,NULL,NULL),(2176,4,588,1035,2,2,'2015-09-03',NULL,NULL,NULL,NULL,NULL,NULL),(2177,4,588,1036,2,2,'2015-09-03',NULL,NULL,NULL,NULL,NULL,NULL),(2178,4,588,1037,2,2,'2015-09-03',NULL,NULL,NULL,NULL,NULL,NULL),(2179,4,588,1056,2,2,'2015-09-03',NULL,NULL,NULL,NULL,NULL,NULL),(2180,4,588,1057,2,2,'2015-09-03',NULL,NULL,NULL,NULL,NULL,NULL),(2181,4,588,1058,2,2,'2015-09-03',NULL,NULL,NULL,NULL,NULL,NULL),(2182,4,588,1059,2,2,'2015-09-03',NULL,NULL,NULL,NULL,NULL,NULL),(2183,4,588,1060,2,2,'2015-09-03',NULL,NULL,NULL,NULL,NULL,NULL),(2184,4,588,1061,2,2,'2015-09-03',NULL,NULL,NULL,NULL,NULL,NULL),(2185,4,588,1062,2,2,'2015-09-03',NULL,NULL,NULL,NULL,NULL,NULL),(2186,4,588,1063,2,2,'2015-09-03',NULL,NULL,NULL,NULL,NULL,NULL),(2187,4,588,1064,2,2,'2015-09-03',NULL,NULL,NULL,NULL,NULL,NULL),(2188,1,8,1134,1,1,'2016-02-28',NULL,0,'2016-02-28 02:10:47',NULL,-2,NULL),(2189,1,151,1138,1,1,'2016-02-28',NULL,0,'2016-02-28 15:49:46',NULL,-2,NULL),(2190,1,151,1139,1,1,'2016-02-29',NULL,0,'2016-02-29 17:13:23',NULL,-2,NULL),(2191,1,151,1140,1,1,'2016-02-29',NULL,0,'2016-02-29 17:15:38',NULL,-2,NULL),(2192,4,2,1142,2,2,'2016-02-28',NULL,0,NULL,NULL,NULL,NULL),(2193,4,2,1143,2,2,'2016-03-03',NULL,0,'2016-03-03 00:07:12',NULL,-2,NULL),(2194,4,2,1144,2,2,'2016-03-03',NULL,0,'2016-03-03 00:07:32',NULL,-2,NULL),(2195,4,2,1145,2,2,'2016-03-03',NULL,0,'2016-03-03 00:07:48',NULL,-2,NULL),(2196,4,2,1146,2,2,'2016-03-03',NULL,0,'2016-03-03 00:08:00',NULL,-2,NULL),(2197,4,2,1147,2,2,'2016-03-03',NULL,0,'2016-03-03 00:08:11',NULL,-2,NULL),(2198,4,2,1148,2,2,'2016-03-03',NULL,0,'2016-03-03 00:08:30',NULL,-2,NULL),(2199,4,2,1149,2,2,'2016-03-03',NULL,0,'2016-03-03 00:08:42',NULL,-2,NULL),(2200,4,2,1150,2,2,'2016-03-03',NULL,0,'2016-03-03 00:08:55',NULL,-2,NULL),(2201,4,2,1151,2,2,'2016-03-03',NULL,0,'2016-03-03 00:09:06',NULL,-2,NULL),(2202,4,2,1152,2,2,'2016-03-03',NULL,0,'2016-03-03 00:09:24',NULL,-2,NULL),(2203,4,2,1153,2,2,'2016-03-03',NULL,0,'2016-03-03 00:09:36',NULL,-2,NULL),(2204,4,1142,1154,2,2,'2016-03-03',NULL,0,'2016-03-03 00:13:31',NULL,-2,NULL),(2205,4,1144,1155,2,2,'2016-03-03',NULL,0,'2016-03-03 00:14:08',NULL,-2,NULL),(2206,4,1144,1156,2,2,'2016-03-03',NULL,0,'2016-03-03 00:14:26',NULL,-2,NULL),(2207,4,1144,1157,2,2,'2016-03-03',NULL,0,'2016-03-03 00:14:57',NULL,-2,NULL),(2208,4,1151,1158,2,2,'2016-03-03',NULL,0,'2016-03-03 00:15:25',NULL,-2,NULL),(2209,4,1151,1159,2,2,'2016-03-03',NULL,0,'2016-03-03 00:15:44',NULL,-2,NULL),(2210,4,1151,1160,2,2,'2016-03-03',NULL,0,'2016-03-03 00:15:56',NULL,-2,NULL),(2211,4,1151,1161,2,2,'2016-03-03',NULL,0,'2016-03-03 00:16:13',NULL,-2,NULL),(2212,4,1150,1162,2,2,'2016-03-03',NULL,0,'2016-03-03 00:16:55',NULL,-2,NULL),(2213,4,1150,1163,2,2,'2016-03-03',NULL,0,'2016-03-03 00:17:06',NULL,-2,NULL),(2214,4,2,1164,2,2,'2016-03-03',NULL,0,'2016-03-03 00:18:09',NULL,-2,NULL),(2215,4,1164,1165,2,2,'2016-03-03',NULL,0,'2016-03-03 00:21:57',NULL,-2,NULL),(2216,4,712,1166,2,2,'2016-03-03',NULL,0,'2016-03-03 00:24:06',NULL,-2,NULL),(2217,5,1,1167,1,6,'2016-03-07',NULL,0,'2016-03-07 17:43:17',NULL,10,NULL),(2218,5,1,1168,1,6,'2016-03-13',NULL,0,'2016-03-13 13:04:15',NULL,10,NULL),(2219,4,713,1169,2,2,'2016-03-14',NULL,0,'2016-03-14 16:14:29',NULL,12,NULL),(2220,4,616,1170,2,2,'2016-03-14',NULL,0,'2016-03-14 21:29:11',NULL,12,NULL),(2221,4,616,1171,2,2,'2016-03-14',NULL,0,'2016-03-14 21:32:36',NULL,12,NULL),(2222,1,6,1172,1,1,'2016-03-16',NULL,0,'2016-03-16 17:33:42',NULL,-2,NULL),(2223,1,8,1173,1,1,'2016-03-16',NULL,0,'2016-03-16 17:58:38',NULL,-2,NULL),(2224,4,712,1174,2,2,'2016-03-21',NULL,0,'2016-03-21 19:59:58',NULL,-2,NULL),(2225,4,712,1175,2,2,'2016-03-21',NULL,0,'2016-03-21 20:01:22',NULL,-2,NULL),(2226,1,8,1176,1,1,'2016-03-21',NULL,0,'2016-03-21 21:07:49',NULL,-2,NULL),(2227,1,1,1177,1,1,'2016-03-22',NULL,0,'2016-03-22 23:40:50',NULL,-2,NULL);
/*!40000 ALTER TABLE `party_relationship` ENABLE KEYS */;
UNLOCK TABLES;

--
-- Table structure for table `party_relationship_type`
--

DROP TABLE IF EXISTS `party_relationship_type`;
/*!40101 SET @saved_cs_client     = @@character_set_client */;
/*!40101 SET character_set_client = utf8 */;
CREATE TABLE `party_relationship_type` (
  `party_relationship_type_id` bigint(20) NOT NULL AUTO_INCREMENT,
  `parent_id` bigint(20) DEFAULT NULL,
  `has_table` int(11) DEFAULT NULL,
  `party_relationship_name` varchar(100) DEFAULT NULL,
  `description` varchar(255) DEFAULT NULL,
  `role_type_valid_from` varchar(100) DEFAULT NULL,
  `role_type_valid_to` varchar(100) DEFAULT NULL,
  `created_time` datetime DEFAULT NULL,
  `last_updated_time` datetime DEFAULT NULL,
  `created_by_user` bigint(20) DEFAULT NULL,
  `last_updated_by_user` bigint(20) DEFAULT NULL,
  PRIMARY KEY (`party_relationship_type_id`)
) ENGINE=InnoDB AUTO_INCREMENT=7 DEFAULT CHARSET=utf8;
/*!40101 SET character_set_client = @saved_cs_client */;

--
-- Dumping data for table `party_relationship_type`
--

LOCK TABLES `party_relationship_type` WRITE;
/*!40000 ALTER TABLE `party_relationship_type` DISABLE KEYS */;
INSERT INTO `party_relationship_type` VALUES (1,NULL,NULL,'组织结构关系','组织结构上下级关系','1','1',NULL,NULL,NULL,NULL),(2,NULL,NULL,'供货商客户关系','供货商客户关系','1','1',NULL,NULL,NULL,NULL),(3,NULL,NULL,'归属行政机构','党委支部与行政机构关系','1','2','2016-02-24 15:44:41',NULL,-2,NULL),(4,NULL,NULL,'党委支部上下级关系','党委支部上下级关系','2','2','2016-02-27 00:31:10',NULL,-2,NULL),(5,NULL,NULL,'行政单位和行政区划归属关系','行政单位和行政区划归属关系','1','6','2016-03-07 16:10:09',NULL,10,NULL),(6,NULL,NULL,'行政单位上下级关系','行政单位上下级关系','6','6','2016-03-07 16:10:48',NULL,10,NULL);
/*!40000 ALTER TABLE `party_relationship_type` ENABLE KEYS */;
UNLOCK TABLES;

--
-- Table structure for table `party_role`
--

DROP TABLE IF EXISTS `party_role`;
/*!40101 SET @saved_cs_client     = @@character_set_client */;
/*!40101 SET character_set_client = utf8 */;
CREATE TABLE `party_role` (
  `pr_id` bigint(20) NOT NULL AUTO_INCREMENT,
  `party_id` bigint(20) DEFAULT NULL,
  `role_type_id` bigint(20) DEFAULT NULL,
  `role_attached1` varchar(50) DEFAULT NULL,
  `role_attached2` varchar(50) DEFAULT NULL,
  `role_attached3` varchar(50) DEFAULT NULL,
  `created_time` datetime DEFAULT NULL,
  `last_updated_time` datetime DEFAULT NULL,
  `created_by_user` bigint(20) DEFAULT NULL,
  `last_updated_by_user` bigint(20) DEFAULT NULL,
  PRIMARY KEY (`pr_id`),
  KEY `FK_jr4` (`role_type_id`),
  KEY `FK_jr6` (`party_id`),
  CONSTRAINT `FK_jr4` FOREIGN KEY (`role_type_id`) REFERENCES `role_type` (`role_type_id`),
  CONSTRAINT `FK_jr6` FOREIGN KEY (`party_id`) REFERENCES `party` (`party_id`)
) ENGINE=InnoDB AUTO_INCREMENT=1671 DEFAULT CHARSET=utf8;
/*!40101 SET character_set_client = @saved_cs_client */;

--
-- Dumping data for table `party_role`
--

LOCK TABLES `party_role` WRITE;
/*!40000 ALTER TABLE `party_role` DISABLE KEYS */;
INSERT INTO `party_role` VALUES (1,1,1,NULL,NULL,NULL,'2015-08-08 17:48:43',NULL,-2,NULL),(2,2,2,NULL,NULL,NULL,'2015-08-08 18:33:35',NULL,-2,NULL),(3,3,1,NULL,NULL,NULL,'2015-08-25 15:27:27',NULL,-2,NULL),(4,4,1,NULL,NULL,NULL,'2015-09-03 23:33:37',NULL,-2,NULL),(5,5,1,NULL,NULL,NULL,'2015-09-03 23:34:24',NULL,-2,NULL),(6,6,1,NULL,NULL,NULL,'2015-09-03 23:34:44',NULL,-2,NULL),(7,7,1,NULL,NULL,NULL,'2015-09-05 19:45:04',NULL,10,NULL),(8,8,1,NULL,NULL,NULL,NULL,NULL,NULL,NULL),(9,9,1,NULL,NULL,NULL,NULL,NULL,NULL,NULL),(10,10,1,NULL,NULL,NULL,NULL,NULL,NULL,NULL),(11,11,1,NULL,NULL,NULL,NULL,NULL,NULL,NULL),(12,12,1,NULL,NULL,NULL,NULL,NULL,NULL,NULL),(14,14,1,NULL,NULL,NULL,NULL,NULL,NULL,NULL),(15,15,1,NULL,NULL,NULL,NULL,NULL,NULL,NULL),(16,16,1,NULL,NULL,NULL,NULL,NULL,NULL,NULL),(17,17,1,NULL,NULL,NULL,NULL,NULL,NULL,NULL),(18,18,1,NULL,NULL,NULL,NULL,NULL,NULL,NULL),(19,19,1,NULL,NULL,NULL,NULL,NULL,NULL,NULL),(20,20,1,NULL,NULL,NULL,NULL,NULL,NULL,NULL),(21,21,1,NULL,NULL,NULL,NULL,NULL,NULL,NULL),(22,22,1,NULL,NULL,NULL,NULL,NULL,NULL,NULL),(23,23,1,NULL,NULL,NULL,NULL,NULL,NULL,NULL),(24,24,1,NULL,NULL,NULL,NULL,NULL,NULL,NULL),(25,25,1,NULL,NULL,NULL,NULL,NULL,NULL,NULL),(26,26,1,NULL,NULL,NULL,NULL,NULL,NULL,NULL),(27,27,1,NULL,NULL,NULL,NULL,NULL,NULL,NULL),(39,40,1,NULL,NULL,NULL,NULL,NULL,NULL,NULL),(40,41,1,NULL,NULL,NULL,NULL,NULL,NULL,NULL),(42,43,1,NULL,NULL,NULL,NULL,NULL,NULL,NULL),(43,44,1,NULL,NULL,NULL,NULL,NULL,NULL,NULL),(44,45,1,NULL,NULL,NULL,NULL,NULL,NULL,NULL),(45,46,1,NULL,NULL,NULL,NULL,NULL,NULL,NULL),(46,47,1,NULL,NULL,NULL,NULL,NULL,NULL,NULL),(47,48,1,NULL,NULL,NULL,NULL,NULL,NULL,NULL),(48,49,1,NULL,NULL,NULL,NULL,NULL,NULL,NULL),(49,50,1,NULL,NULL,NULL,NULL,NULL,NULL,NULL),(50,51,1,NULL,NULL,NULL,NULL,NULL,NULL,NULL),(51,52,1,NULL,NULL,NULL,NULL,NULL,NULL,NULL),(52,53,1,NULL,NULL,NULL,NULL,NULL,NULL,NULL),(53,54,1,NULL,NULL,NULL,NULL,NULL,NULL,NULL),(54,55,1,NULL,NULL,NULL,NULL,NULL,NULL,NULL),(55,56,1,NULL,NULL,NULL,NULL,NULL,NULL,NULL),(56,57,1,NULL,NULL,NULL,NULL,NULL,NULL,NULL),(57,58,1,NULL,NULL,NULL,NULL,NULL,NULL,NULL),(58,59,1,NULL,NULL,NULL,NULL,NULL,NULL,NULL),(59,60,1,NULL,NULL,NULL,NULL,NULL,NULL,NULL),(60,61,1,NULL,NULL,NULL,NULL,NULL,NULL,NULL),(61,62,1,NULL,NULL,NULL,NULL,NULL,NULL,NULL),(62,63,1,NULL,NULL,NULL,NULL,NULL,NULL,NULL),(63,64,1,NULL,NULL,NULL,NULL,NULL,NULL,NULL),(64,65,1,NULL,NULL,NULL,NULL,NULL,NULL,NULL),(65,66,1,NULL,NULL,NULL,NULL,NULL,NULL,NULL),(66,67,1,NULL,NULL,NULL,NULL,NULL,NULL,NULL),(67,68,1,NULL,NULL,NULL,NULL,NULL,NULL,NULL),(68,69,1,NULL,NULL,NULL,NULL,NULL,NULL,NULL),(69,70,1,NULL,NULL,NULL,NULL,NULL,NULL,NULL),(70,71,1,NULL,NULL,NULL,NULL,NULL,NULL,NULL),(71,72,1,NULL,NULL,NULL,NULL,NULL,NULL,NULL),(72,73,1,NULL,NULL,NULL,NULL,NULL,NULL,NULL),(73,74,1,NULL,NULL,NULL,NULL,NULL,NULL,NULL),(74,75,1,NULL,NULL,NULL,NULL,NULL,NULL,NULL),(75,76,1,NULL,NULL,NULL,NULL,NULL,NULL,NULL),(76,77,1,NULL,NULL,NULL,NULL,NULL,NULL,NULL),(77,78,1,NULL,NULL,NULL,NULL,NULL,NULL,NULL),(78,79,1,NULL,NULL,NULL,NULL,NULL,NULL,NULL),(79,80,1,NULL,NULL,NULL,NULL,NULL,NULL,NULL),(80,81,1,NULL,NULL,NULL,NULL,NULL,NULL,NULL),(81,82,1,NULL,NULL,NULL,NULL,NULL,NULL,NULL),(82,83,1,NULL,NULL,NULL,NULL,NULL,NULL,NULL),(83,84,1,NULL,NULL,NULL,NULL,NULL,NULL,NULL),(84,85,1,NULL,NULL,NULL,NULL,NULL,NULL,NULL),(85,86,1,NULL,NULL,NULL,NULL,NULL,NULL,NULL),(86,87,1,NULL,NULL,NULL,NULL,NULL,NULL,NULL),(87,88,1,NULL,NULL,NULL,NULL,NULL,NULL,NULL),(88,89,1,NULL,NULL,NULL,NULL,NULL,NULL,NULL),(89,90,1,NULL,NULL,NULL,NULL,NULL,NULL,NULL),(90,91,1,NULL,NULL,NULL,NULL,NULL,NULL,NULL),(91,92,1,NULL,NULL,NULL,NULL,NULL,NULL,NULL),(92,93,1,NULL,NULL,NULL,NULL,NULL,NULL,NULL),(93,94,1,NULL,NULL,NULL,NULL,NULL,NULL,NULL),(94,95,1,NULL,NULL,NULL,NULL,NULL,NULL,NULL),(95,96,1,NULL,NULL,NULL,NULL,NULL,NULL,NULL),(96,97,1,NULL,NULL,NULL,NULL,NULL,NULL,NULL),(97,98,1,NULL,NULL,NULL,NULL,NULL,NULL,NULL),(98,99,1,NULL,NULL,NULL,NULL,NULL,NULL,NULL),(99,100,1,NULL,NULL,NULL,NULL,NULL,NULL,NULL),(100,101,1,NULL,NULL,NULL,NULL,NULL,NULL,NULL),(101,102,1,NULL,NULL,NULL,NULL,NULL,NULL,NULL),(102,103,1,NULL,NULL,NULL,NULL,NULL,NULL,NULL),(103,104,1,NULL,NULL,NULL,NULL,NULL,NULL,NULL),(104,105,1,NULL,NULL,NULL,NULL,NULL,NULL,NULL),(105,106,1,NULL,NULL,NULL,NULL,NULL,NULL,NULL),(106,107,1,NULL,NULL,NULL,NULL,NULL,NULL,NULL),(107,108,1,NULL,NULL,NULL,NULL,NULL,NULL,NULL),(108,109,1,NULL,NULL,NULL,NULL,NULL,NULL,NULL),(109,110,1,NULL,NULL,NULL,NULL,NULL,NULL,NULL),(110,111,1,NULL,NULL,NULL,NULL,NULL,NULL,NULL),(111,112,1,NULL,NULL,NULL,NULL,NULL,NULL,NULL),(112,113,1,NULL,NULL,NULL,NULL,NULL,NULL,NULL),(113,114,1,NULL,NULL,NULL,NULL,NULL,NULL,NULL),(114,115,1,NULL,NULL,NULL,NULL,NULL,NULL,NULL),(115,116,1,NULL,NULL,NULL,NULL,NULL,NULL,NULL),(116,117,1,NULL,NULL,NULL,NULL,NULL,NULL,NULL),(117,118,1,NULL,NULL,NULL,NULL,NULL,NULL,NULL),(118,119,1,NULL,NULL,NULL,NULL,NULL,NULL,NULL),(119,120,1,NULL,NULL,NULL,NULL,NULL,NULL,NULL),(120,121,1,NULL,NULL,NULL,NULL,NULL,NULL,NULL),(121,122,1,NULL,NULL,NULL,NULL,NULL,NULL,NULL),(122,123,1,NULL,NULL,NULL,NULL,NULL,NULL,NULL),(123,124,1,NULL,NULL,NULL,NULL,NULL,NULL,NULL),(124,125,1,NULL,NULL,NULL,NULL,NULL,NULL,NULL),(125,126,1,NULL,NULL,NULL,NULL,NULL,NULL,NULL),(126,127,1,NULL,NULL,NULL,NULL,NULL,NULL,NULL),(127,128,1,NULL,NULL,NULL,NULL,NULL,NULL,NULL),(128,129,1,NULL,NULL,NULL,NULL,NULL,NULL,NULL),(129,130,1,NULL,NULL,NULL,NULL,NULL,NULL,NULL),(130,131,1,NULL,NULL,NULL,NULL,NULL,NULL,NULL),(131,132,1,NULL,NULL,NULL,NULL,NULL,NULL,NULL),(132,133,1,NULL,NULL,NULL,NULL,NULL,NULL,NULL),(133,134,1,NULL,NULL,NULL,NULL,NULL,NULL,NULL),(134,135,1,NULL,NULL,NULL,NULL,NULL,NULL,NULL),(135,136,1,NULL,NULL,NULL,NULL,NULL,NULL,NULL),(136,137,1,NULL,NULL,NULL,NULL,NULL,NULL,NULL),(137,138,1,NULL,NULL,NULL,NULL,NULL,NULL,NULL),(138,139,1,NULL,NULL,NULL,NULL,NULL,NULL,NULL),(139,140,1,NULL,NULL,NULL,NULL,NULL,NULL,NULL),(140,141,1,NULL,NULL,NULL,NULL,NULL,NULL,NULL),(141,142,1,NULL,NULL,NULL,NULL,NULL,NULL,NULL),(142,143,1,NULL,NULL,NULL,NULL,NULL,NULL,NULL),(143,144,1,NULL,NULL,NULL,NULL,NULL,NULL,NULL),(144,145,1,NULL,NULL,NULL,NULL,NULL,NULL,NULL),(145,146,1,NULL,NULL,NULL,NULL,NULL,NULL,NULL),(146,147,1,NULL,NULL,NULL,NULL,NULL,NULL,NULL),(147,148,1,NULL,NULL,NULL,NULL,NULL,NULL,NULL),(148,149,1,NULL,NULL,NULL,NULL,NULL,NULL,NULL),(149,150,1,NULL,NULL,NULL,NULL,NULL,NULL,NULL),(150,151,1,NULL,NULL,NULL,NULL,NULL,NULL,NULL),(151,152,1,NULL,NULL,NULL,NULL,NULL,NULL,NULL),(152,153,1,NULL,NULL,NULL,NULL,NULL,NULL,NULL),(153,154,1,NULL,NULL,NULL,NULL,NULL,NULL,NULL),(154,155,1,NULL,NULL,NULL,NULL,NULL,NULL,NULL),(155,156,1,NULL,NULL,NULL,NULL,NULL,NULL,NULL),(156,157,1,NULL,NULL,NULL,NULL,NULL,NULL,NULL),(157,158,1,NULL,NULL,NULL,NULL,NULL,NULL,NULL),(158,159,1,NULL,NULL,NULL,NULL,NULL,NULL,NULL),(159,160,1,NULL,NULL,NULL,NULL,NULL,NULL,NULL),(160,161,1,NULL,NULL,NULL,NULL,NULL,NULL,NULL),(161,162,1,NULL,NULL,NULL,NULL,NULL,NULL,NULL),(162,163,1,NULL,NULL,NULL,NULL,NULL,NULL,NULL),(163,164,1,NULL,NULL,NULL,NULL,NULL,NULL,NULL),(164,165,1,NULL,NULL,NULL,NULL,NULL,NULL,NULL),(165,166,1,NULL,NULL,NULL,NULL,NULL,NULL,NULL),(166,167,1,NULL,NULL,NULL,NULL,NULL,NULL,NULL),(167,168,1,NULL,NULL,NULL,NULL,NULL,NULL,NULL),(168,169,1,NULL,NULL,NULL,NULL,NULL,NULL,NULL),(169,170,1,NULL,NULL,NULL,NULL,NULL,NULL,NULL),(170,171,1,NULL,NULL,NULL,NULL,NULL,NULL,NULL),(171,172,1,NULL,NULL,NULL,NULL,NULL,NULL,NULL),(172,173,1,NULL,NULL,NULL,NULL,NULL,NULL,NULL),(173,174,1,NULL,NULL,NULL,NULL,NULL,NULL,NULL),(174,175,1,NULL,NULL,NULL,NULL,NULL,NULL,NULL),(175,176,1,NULL,NULL,NULL,NULL,NULL,NULL,NULL),(176,177,1,NULL,NULL,NULL,NULL,NULL,NULL,NULL),(177,178,1,NULL,NULL,NULL,NULL,NULL,NULL,NULL),(178,179,1,NULL,NULL,NULL,NULL,NULL,NULL,NULL),(179,180,1,NULL,NULL,NULL,NULL,NULL,NULL,NULL),(180,181,1,NULL,NULL,NULL,NULL,NULL,NULL,NULL),(181,182,1,NULL,NULL,NULL,NULL,NULL,NULL,NULL),(182,183,1,NULL,NULL,NULL,NULL,NULL,NULL,NULL),(183,184,1,NULL,NULL,NULL,NULL,NULL,NULL,NULL),(184,185,1,NULL,NULL,NULL,NULL,NULL,NULL,NULL),(185,186,1,NULL,NULL,NULL,NULL,NULL,NULL,NULL),(186,187,1,NULL,NULL,NULL,NULL,NULL,NULL,NULL),(187,188,1,NULL,NULL,NULL,NULL,NULL,NULL,NULL),(188,189,1,NULL,NULL,NULL,NULL,NULL,NULL,NULL),(189,190,1,NULL,NULL,NULL,NULL,NULL,NULL,NULL),(190,191,1,NULL,NULL,NULL,NULL,NULL,NULL,NULL),(191,192,1,NULL,NULL,NULL,NULL,NULL,NULL,NULL),(192,193,1,NULL,NULL,NULL,NULL,NULL,NULL,NULL),(193,194,1,NULL,NULL,NULL,NULL,NULL,NULL,NULL),(194,195,1,NULL,NULL,NULL,NULL,NULL,NULL,NULL),(195,196,1,NULL,NULL,NULL,NULL,NULL,NULL,NULL),(196,197,1,NULL,NULL,NULL,NULL,NULL,NULL,NULL),(197,198,1,NULL,NULL,NULL,NULL,NULL,NULL,NULL),(198,199,1,NULL,NULL,NULL,NULL,NULL,NULL,NULL),(199,200,1,NULL,NULL,NULL,NULL,NULL,NULL,NULL),(200,201,1,NULL,NULL,NULL,NULL,NULL,NULL,NULL),(201,202,1,NULL,NULL,NULL,NULL,NULL,NULL,NULL),(202,203,1,NULL,NULL,NULL,NULL,NULL,NULL,NULL),(203,204,1,NULL,NULL,NULL,NULL,NULL,NULL,NULL),(204,205,1,NULL,NULL,NULL,NULL,NULL,NULL,NULL),(205,206,1,NULL,NULL,NULL,NULL,NULL,NULL,NULL),(206,207,1,NULL,NULL,NULL,NULL,NULL,NULL,NULL),(207,208,1,NULL,NULL,NULL,NULL,NULL,NULL,NULL),(208,209,1,NULL,NULL,NULL,NULL,NULL,NULL,NULL),(209,210,1,NULL,NULL,NULL,NULL,NULL,NULL,NULL),(210,211,1,NULL,NULL,NULL,NULL,NULL,NULL,NULL),(211,212,1,NULL,NULL,NULL,NULL,NULL,NULL,NULL),(212,213,1,NULL,NULL,NULL,NULL,NULL,NULL,NULL),(213,214,1,NULL,NULL,NULL,NULL,NULL,NULL,NULL),(214,215,1,NULL,NULL,NULL,NULL,NULL,NULL,NULL),(215,216,1,NULL,NULL,NULL,NULL,NULL,NULL,NULL),(216,217,1,NULL,NULL,NULL,NULL,NULL,NULL,NULL),(217,218,1,NULL,NULL,NULL,NULL,NULL,NULL,NULL),(218,219,1,NULL,NULL,NULL,NULL,NULL,NULL,NULL),(219,220,1,NULL,NULL,NULL,NULL,NULL,NULL,NULL),(220,221,1,NULL,NULL,NULL,NULL,NULL,NULL,NULL),(221,222,1,NULL,NULL,NULL,NULL,NULL,NULL,NULL),(222,223,1,NULL,NULL,NULL,NULL,NULL,NULL,NULL),(223,224,1,NULL,NULL,NULL,NULL,NULL,NULL,NULL),(224,225,1,NULL,NULL,NULL,NULL,NULL,NULL,NULL),(225,226,1,NULL,NULL,NULL,NULL,NULL,NULL,NULL),(226,227,1,NULL,NULL,NULL,NULL,NULL,NULL,NULL),(227,228,1,NULL,NULL,NULL,NULL,NULL,NULL,NULL),(228,229,1,NULL,NULL,NULL,NULL,NULL,NULL,NULL),(229,230,1,NULL,NULL,NULL,NULL,NULL,NULL,NULL),(230,231,1,NULL,NULL,NULL,NULL,NULL,NULL,NULL),(231,232,1,NULL,NULL,NULL,NULL,NULL,NULL,NULL),(232,233,1,NULL,NULL,NULL,NULL,NULL,NULL,NULL),(233,234,1,NULL,NULL,NULL,NULL,NULL,NULL,NULL),(234,235,1,NULL,NULL,NULL,NULL,NULL,NULL,NULL),(235,236,1,NULL,NULL,NULL,NULL,NULL,NULL,NULL),(236,237,1,NULL,NULL,NULL,NULL,NULL,NULL,NULL),(237,238,1,NULL,NULL,NULL,NULL,NULL,NULL,NULL),(238,239,1,NULL,NULL,NULL,NULL,NULL,NULL,NULL),(239,240,1,NULL,NULL,NULL,NULL,NULL,NULL,NULL),(240,241,1,NULL,NULL,NULL,NULL,NULL,NULL,NULL),(241,242,1,NULL,NULL,NULL,NULL,NULL,NULL,NULL),(242,243,1,NULL,NULL,NULL,NULL,NULL,NULL,NULL),(243,244,1,NULL,NULL,NULL,NULL,NULL,NULL,NULL),(244,245,1,NULL,NULL,NULL,NULL,NULL,NULL,NULL),(245,246,1,NULL,NULL,NULL,NULL,NULL,NULL,NULL),(246,247,1,NULL,NULL,NULL,NULL,NULL,NULL,NULL),(247,248,1,NULL,NULL,NULL,NULL,NULL,NULL,NULL),(248,249,1,NULL,NULL,NULL,NULL,NULL,NULL,NULL),(249,250,1,NULL,NULL,NULL,NULL,NULL,NULL,NULL),(250,251,1,NULL,NULL,NULL,NULL,NULL,NULL,NULL),(251,252,1,NULL,NULL,NULL,NULL,NULL,NULL,NULL),(252,253,1,NULL,NULL,NULL,NULL,NULL,NULL,NULL),(253,254,1,NULL,NULL,NULL,NULL,NULL,NULL,NULL),(254,255,1,NULL,NULL,NULL,NULL,NULL,NULL,NULL),(255,256,1,NULL,NULL,NULL,NULL,NULL,NULL,NULL),(256,257,1,NULL,NULL,NULL,NULL,NULL,NULL,NULL),(257,258,1,NULL,NULL,NULL,NULL,NULL,NULL,NULL),(258,259,1,NULL,NULL,NULL,NULL,NULL,NULL,NULL),(259,260,1,NULL,NULL,NULL,NULL,NULL,NULL,NULL),(260,261,1,NULL,NULL,NULL,NULL,NULL,NULL,NULL),(261,262,1,NULL,NULL,NULL,NULL,NULL,NULL,NULL),(262,263,1,NULL,NULL,NULL,NULL,NULL,NULL,NULL),(263,264,1,NULL,NULL,NULL,NULL,NULL,NULL,NULL),(264,265,1,NULL,NULL,NULL,NULL,NULL,NULL,NULL),(265,266,1,NULL,NULL,NULL,NULL,NULL,NULL,NULL),(266,267,1,NULL,NULL,NULL,NULL,NULL,NULL,NULL),(267,268,1,NULL,NULL,NULL,NULL,NULL,NULL,NULL),(268,269,1,NULL,NULL,NULL,NULL,NULL,NULL,NULL),(269,270,1,NULL,NULL,NULL,NULL,NULL,NULL,NULL),(270,271,1,NULL,NULL,NULL,NULL,NULL,NULL,NULL),(271,272,1,NULL,NULL,NULL,NULL,NULL,NULL,NULL),(272,273,1,NULL,NULL,NULL,NULL,NULL,NULL,NULL),(273,274,1,NULL,NULL,NULL,NULL,NULL,NULL,NULL),(274,275,1,NULL,NULL,NULL,NULL,NULL,NULL,NULL),(275,276,1,NULL,NULL,NULL,NULL,NULL,NULL,NULL),(276,277,1,NULL,NULL,NULL,NULL,NULL,NULL,NULL),(277,278,1,NULL,NULL,NULL,NULL,NULL,NULL,NULL),(278,279,1,NULL,NULL,NULL,NULL,NULL,NULL,NULL),(279,280,1,NULL,NULL,NULL,NULL,NULL,NULL,NULL),(280,281,1,NULL,NULL,NULL,NULL,NULL,NULL,NULL),(281,282,1,NULL,NULL,NULL,NULL,NULL,NULL,NULL),(282,283,1,NULL,NULL,NULL,NULL,NULL,NULL,NULL),(283,284,1,NULL,NULL,NULL,NULL,NULL,NULL,NULL),(284,285,1,NULL,NULL,NULL,NULL,NULL,NULL,NULL),(285,286,1,NULL,NULL,NULL,NULL,NULL,NULL,NULL),(286,287,1,NULL,NULL,NULL,NULL,NULL,NULL,NULL),(287,288,1,NULL,NULL,NULL,NULL,NULL,NULL,NULL),(288,289,1,NULL,NULL,NULL,NULL,NULL,NULL,NULL),(289,290,1,NULL,NULL,NULL,NULL,NULL,NULL,NULL),(290,291,1,NULL,NULL,NULL,NULL,NULL,NULL,NULL),(291,292,1,NULL,NULL,NULL,NULL,NULL,NULL,NULL),(292,293,1,NULL,NULL,NULL,NULL,NULL,NULL,NULL),(293,294,1,NULL,NULL,NULL,NULL,NULL,NULL,NULL),(294,295,1,NULL,NULL,NULL,NULL,NULL,NULL,NULL),(295,296,1,NULL,NULL,NULL,NULL,NULL,NULL,NULL),(296,297,1,NULL,NULL,NULL,NULL,NULL,NULL,NULL),(297,298,1,NULL,NULL,NULL,NULL,NULL,NULL,NULL),(298,299,1,NULL,NULL,NULL,NULL,NULL,NULL,NULL),(299,300,1,NULL,NULL,NULL,NULL,NULL,NULL,NULL),(300,301,1,NULL,NULL,NULL,NULL,NULL,NULL,NULL),(301,302,1,NULL,NULL,NULL,NULL,NULL,NULL,NULL),(302,303,1,NULL,NULL,NULL,NULL,NULL,NULL,NULL),(303,304,1,NULL,NULL,NULL,NULL,NULL,NULL,NULL),(304,305,1,NULL,NULL,NULL,NULL,NULL,NULL,NULL),(305,306,1,NULL,NULL,NULL,NULL,NULL,NULL,NULL),(306,307,1,NULL,NULL,NULL,NULL,NULL,NULL,NULL),(307,308,1,NULL,NULL,NULL,NULL,NULL,NULL,NULL),(308,309,1,NULL,NULL,NULL,NULL,NULL,NULL,NULL),(309,310,1,NULL,NULL,NULL,NULL,NULL,NULL,NULL),(310,311,1,NULL,NULL,NULL,NULL,NULL,NULL,NULL),(311,312,1,NULL,NULL,NULL,NULL,NULL,NULL,NULL),(312,313,1,NULL,NULL,NULL,NULL,NULL,NULL,NULL),(313,314,1,NULL,NULL,NULL,NULL,NULL,NULL,NULL),(314,315,1,NULL,NULL,NULL,NULL,NULL,NULL,NULL),(315,316,1,NULL,NULL,NULL,NULL,NULL,NULL,NULL),(316,317,1,NULL,NULL,NULL,NULL,NULL,NULL,NULL),(317,318,1,NULL,NULL,NULL,NULL,NULL,NULL,NULL),(318,319,1,NULL,NULL,NULL,NULL,NULL,NULL,NULL),(319,320,1,NULL,NULL,NULL,NULL,NULL,NULL,NULL),(320,321,1,NULL,NULL,NULL,NULL,NULL,NULL,NULL),(321,322,1,NULL,NULL,NULL,NULL,NULL,NULL,NULL),(322,323,1,NULL,NULL,NULL,NULL,NULL,NULL,NULL),(323,324,1,NULL,NULL,NULL,NULL,NULL,NULL,NULL),(324,325,1,NULL,NULL,NULL,NULL,NULL,NULL,NULL),(325,326,1,NULL,NULL,NULL,NULL,NULL,NULL,NULL),(326,327,1,NULL,NULL,NULL,NULL,NULL,NULL,NULL),(327,328,1,NULL,NULL,NULL,NULL,NULL,NULL,NULL),(328,329,1,NULL,NULL,NULL,NULL,NULL,NULL,NULL),(329,330,1,NULL,NULL,NULL,NULL,NULL,NULL,NULL),(330,331,1,NULL,NULL,NULL,NULL,NULL,NULL,NULL),(331,332,1,NULL,NULL,NULL,NULL,NULL,NULL,NULL),(332,333,1,NULL,NULL,NULL,NULL,NULL,NULL,NULL),(333,334,1,NULL,NULL,NULL,NULL,NULL,NULL,NULL),(334,335,1,NULL,NULL,NULL,NULL,NULL,NULL,NULL),(335,336,1,NULL,NULL,NULL,NULL,NULL,NULL,NULL),(336,337,1,NULL,NULL,NULL,NULL,NULL,NULL,NULL),(337,338,1,NULL,NULL,NULL,NULL,NULL,NULL,NULL),(338,339,1,NULL,NULL,NULL,NULL,NULL,NULL,NULL),(339,340,1,NULL,NULL,NULL,NULL,NULL,NULL,NULL),(340,341,1,NULL,NULL,NULL,NULL,NULL,NULL,NULL),(341,342,1,NULL,NULL,NULL,NULL,NULL,NULL,NULL),(342,343,1,NULL,NULL,NULL,NULL,NULL,NULL,NULL),(343,344,1,NULL,NULL,NULL,NULL,NULL,NULL,NULL),(344,345,1,NULL,NULL,NULL,NULL,NULL,NULL,NULL),(345,346,1,NULL,NULL,NULL,NULL,NULL,NULL,NULL),(346,347,1,NULL,NULL,NULL,NULL,NULL,NULL,NULL),(347,348,1,NULL,NULL,NULL,NULL,NULL,NULL,NULL),(348,349,1,NULL,NULL,NULL,NULL,NULL,NULL,NULL),(349,350,1,NULL,NULL,NULL,NULL,NULL,NULL,NULL),(350,351,1,NULL,NULL,NULL,NULL,NULL,NULL,NULL),(351,352,1,NULL,NULL,NULL,NULL,NULL,NULL,NULL),(352,353,1,NULL,NULL,NULL,NULL,NULL,NULL,NULL),(353,354,1,NULL,NULL,NULL,NULL,NULL,NULL,NULL),(354,355,1,NULL,NULL,NULL,NULL,NULL,NULL,NULL),(355,356,1,NULL,NULL,NULL,NULL,NULL,NULL,NULL),(356,357,1,NULL,NULL,NULL,NULL,NULL,NULL,NULL),(357,358,1,NULL,NULL,NULL,NULL,NULL,NULL,NULL),(358,359,1,NULL,NULL,NULL,NULL,NULL,NULL,NULL),(359,360,1,NULL,NULL,NULL,NULL,NULL,NULL,NULL),(360,361,1,NULL,NULL,NULL,NULL,NULL,NULL,NULL),(361,362,1,NULL,NULL,NULL,NULL,NULL,NULL,NULL),(362,363,1,NULL,NULL,NULL,NULL,NULL,NULL,NULL),(363,364,1,NULL,NULL,NULL,NULL,NULL,NULL,NULL),(364,365,1,NULL,NULL,NULL,NULL,NULL,NULL,NULL),(365,366,1,NULL,NULL,NULL,NULL,NULL,NULL,NULL),(366,367,1,NULL,NULL,NULL,NULL,NULL,NULL,NULL),(367,368,1,NULL,NULL,NULL,NULL,NULL,NULL,NULL),(368,369,1,NULL,NULL,NULL,NULL,NULL,NULL,NULL),(369,370,1,NULL,NULL,NULL,NULL,NULL,NULL,NULL),(370,371,1,NULL,NULL,NULL,NULL,NULL,NULL,NULL),(371,372,1,NULL,NULL,NULL,NULL,NULL,NULL,NULL),(372,373,1,NULL,NULL,NULL,NULL,NULL,NULL,NULL),(373,374,1,NULL,NULL,NULL,NULL,NULL,NULL,NULL),(374,375,1,NULL,NULL,NULL,NULL,NULL,NULL,NULL),(375,376,1,NULL,NULL,NULL,NULL,NULL,NULL,NULL),(376,377,1,NULL,NULL,NULL,NULL,NULL,NULL,NULL),(377,378,1,NULL,NULL,NULL,NULL,NULL,NULL,NULL),(378,379,1,NULL,NULL,NULL,NULL,NULL,NULL,NULL),(379,380,1,NULL,NULL,NULL,NULL,NULL,NULL,NULL),(380,381,1,NULL,NULL,NULL,NULL,NULL,NULL,NULL),(381,382,1,NULL,NULL,NULL,NULL,NULL,NULL,NULL),(382,383,1,NULL,NULL,NULL,NULL,NULL,NULL,NULL),(383,384,1,NULL,NULL,NULL,NULL,NULL,NULL,NULL),(384,385,1,NULL,NULL,NULL,NULL,NULL,NULL,NULL),(385,386,1,NULL,NULL,NULL,NULL,NULL,NULL,NULL),(386,387,1,NULL,NULL,NULL,NULL,NULL,NULL,NULL),(387,388,1,NULL,NULL,NULL,NULL,NULL,NULL,NULL),(388,389,1,NULL,NULL,NULL,NULL,NULL,NULL,NULL),(389,390,1,NULL,NULL,NULL,NULL,NULL,NULL,NULL),(390,391,1,NULL,NULL,NULL,NULL,NULL,NULL,NULL),(391,392,1,NULL,NULL,NULL,NULL,NULL,NULL,NULL),(392,393,1,NULL,NULL,NULL,NULL,NULL,NULL,NULL),(393,394,1,NULL,NULL,NULL,NULL,NULL,NULL,NULL),(394,395,1,NULL,NULL,NULL,NULL,NULL,NULL,NULL),(395,396,1,NULL,NULL,NULL,NULL,NULL,NULL,NULL),(396,397,1,NULL,NULL,NULL,NULL,NULL,NULL,NULL),(397,398,1,NULL,NULL,NULL,NULL,NULL,NULL,NULL),(398,399,1,NULL,NULL,NULL,NULL,NULL,NULL,NULL),(399,400,1,NULL,NULL,NULL,NULL,NULL,NULL,NULL),(400,401,1,NULL,NULL,NULL,NULL,NULL,NULL,NULL),(401,402,1,NULL,NULL,NULL,NULL,NULL,NULL,NULL),(402,403,1,NULL,NULL,NULL,NULL,NULL,NULL,NULL),(403,404,1,NULL,NULL,NULL,NULL,NULL,NULL,NULL),(404,405,1,NULL,NULL,NULL,NULL,NULL,NULL,NULL),(405,406,1,NULL,NULL,NULL,NULL,NULL,NULL,NULL),(406,407,1,NULL,NULL,NULL,NULL,NULL,NULL,NULL),(407,408,1,NULL,NULL,NULL,NULL,NULL,NULL,NULL),(408,409,1,NULL,NULL,NULL,NULL,NULL,NULL,NULL),(409,410,1,NULL,NULL,NULL,NULL,NULL,NULL,NULL),(410,411,1,NULL,NULL,NULL,NULL,NULL,NULL,NULL),(411,412,1,NULL,NULL,NULL,NULL,NULL,NULL,NULL),(412,413,1,NULL,NULL,NULL,NULL,NULL,NULL,NULL),(413,414,1,NULL,NULL,NULL,NULL,NULL,NULL,NULL),(414,415,1,NULL,NULL,NULL,NULL,NULL,NULL,NULL),(415,416,1,NULL,NULL,NULL,NULL,NULL,NULL,NULL),(416,417,1,NULL,NULL,NULL,NULL,NULL,NULL,NULL),(417,418,1,NULL,NULL,NULL,NULL,NULL,NULL,NULL),(418,419,1,NULL,NULL,NULL,NULL,NULL,NULL,NULL),(419,420,1,NULL,NULL,NULL,NULL,NULL,NULL,NULL),(420,421,1,NULL,NULL,NULL,NULL,NULL,NULL,NULL),(421,422,1,NULL,NULL,NULL,NULL,NULL,NULL,NULL),(422,423,1,NULL,NULL,NULL,NULL,NULL,NULL,NULL),(423,424,1,NULL,NULL,NULL,NULL,NULL,NULL,NULL),(424,425,1,NULL,NULL,NULL,NULL,NULL,NULL,NULL),(425,426,1,NULL,NULL,NULL,NULL,NULL,NULL,NULL),(426,427,1,NULL,NULL,NULL,NULL,NULL,NULL,NULL),(427,428,1,NULL,NULL,NULL,NULL,NULL,NULL,NULL),(428,429,1,NULL,NULL,NULL,NULL,NULL,NULL,NULL),(429,430,1,NULL,NULL,NULL,NULL,NULL,NULL,NULL),(430,431,1,NULL,NULL,NULL,NULL,NULL,NULL,NULL),(431,432,1,NULL,NULL,NULL,NULL,NULL,NULL,NULL),(432,433,1,NULL,NULL,NULL,NULL,NULL,NULL,NULL),(433,434,1,NULL,NULL,NULL,NULL,NULL,NULL,NULL),(434,435,1,NULL,NULL,NULL,NULL,NULL,NULL,NULL),(435,436,1,NULL,NULL,NULL,NULL,NULL,NULL,NULL),(436,437,1,NULL,NULL,NULL,NULL,NULL,NULL,NULL),(437,438,1,NULL,NULL,NULL,NULL,NULL,NULL,NULL),(438,439,1,NULL,NULL,NULL,NULL,NULL,NULL,NULL),(439,440,1,NULL,NULL,NULL,NULL,NULL,NULL,NULL),(440,441,1,NULL,NULL,NULL,NULL,NULL,NULL,NULL),(441,442,1,NULL,NULL,NULL,NULL,NULL,NULL,NULL),(442,443,1,NULL,NULL,NULL,NULL,NULL,NULL,NULL),(443,444,1,NULL,NULL,NULL,NULL,NULL,NULL,NULL),(444,445,1,NULL,NULL,NULL,NULL,NULL,NULL,NULL),(445,446,1,NULL,NULL,NULL,NULL,NULL,NULL,NULL),(446,447,1,NULL,NULL,NULL,NULL,NULL,NULL,NULL),(447,448,1,NULL,NULL,NULL,NULL,NULL,NULL,NULL),(448,449,1,NULL,NULL,NULL,NULL,NULL,NULL,NULL),(449,450,1,NULL,NULL,NULL,NULL,NULL,NULL,NULL),(450,451,1,NULL,NULL,NULL,NULL,NULL,NULL,NULL),(451,452,1,NULL,NULL,NULL,NULL,NULL,NULL,NULL),(452,453,1,NULL,NULL,NULL,NULL,NULL,NULL,NULL),(453,454,1,NULL,NULL,NULL,NULL,NULL,NULL,NULL),(454,455,1,NULL,NULL,NULL,NULL,NULL,NULL,NULL),(455,456,1,NULL,NULL,NULL,NULL,NULL,NULL,NULL),(456,457,1,NULL,NULL,NULL,NULL,NULL,NULL,NULL),(457,458,1,NULL,NULL,NULL,NULL,NULL,NULL,NULL),(458,459,1,NULL,NULL,NULL,NULL,NULL,NULL,NULL),(459,460,1,NULL,NULL,NULL,NULL,NULL,NULL,NULL),(460,461,1,NULL,NULL,NULL,NULL,NULL,NULL,NULL),(461,462,1,NULL,NULL,NULL,NULL,NULL,NULL,NULL),(462,463,1,NULL,NULL,NULL,NULL,NULL,NULL,NULL),(463,464,1,NULL,NULL,NULL,NULL,NULL,NULL,NULL),(464,465,1,NULL,NULL,NULL,NULL,NULL,NULL,NULL),(465,466,1,NULL,NULL,NULL,NULL,NULL,NULL,NULL),(466,467,1,NULL,NULL,NULL,NULL,NULL,NULL,NULL),(467,468,1,NULL,NULL,NULL,NULL,NULL,NULL,NULL),(468,469,1,NULL,NULL,NULL,NULL,NULL,NULL,NULL),(469,470,1,NULL,NULL,NULL,NULL,NULL,NULL,NULL),(470,471,1,NULL,NULL,NULL,NULL,NULL,NULL,NULL),(471,472,1,NULL,NULL,NULL,NULL,NULL,NULL,NULL),(472,473,1,NULL,NULL,NULL,NULL,NULL,NULL,NULL),(473,474,1,NULL,NULL,NULL,NULL,NULL,NULL,NULL),(474,475,1,NULL,NULL,NULL,NULL,NULL,NULL,NULL),(475,476,1,NULL,NULL,NULL,NULL,NULL,NULL,NULL),(476,477,1,NULL,NULL,NULL,NULL,NULL,NULL,NULL),(477,478,1,NULL,NULL,NULL,NULL,NULL,NULL,NULL),(478,479,1,NULL,NULL,NULL,NULL,NULL,NULL,NULL),(479,480,1,NULL,NULL,NULL,NULL,NULL,NULL,NULL),(480,481,1,NULL,NULL,NULL,NULL,NULL,NULL,NULL),(481,482,1,NULL,NULL,NULL,NULL,NULL,NULL,NULL),(482,483,1,NULL,NULL,NULL,NULL,NULL,NULL,NULL),(483,484,1,NULL,NULL,NULL,NULL,NULL,NULL,NULL),(484,485,1,NULL,NULL,NULL,NULL,NULL,NULL,NULL),(485,486,1,NULL,NULL,NULL,NULL,NULL,NULL,NULL),(486,487,1,NULL,NULL,NULL,NULL,NULL,NULL,NULL),(487,488,1,NULL,NULL,NULL,NULL,NULL,NULL,NULL),(488,489,1,NULL,NULL,NULL,NULL,NULL,NULL,NULL),(489,490,1,NULL,NULL,NULL,NULL,NULL,NULL,NULL),(490,491,1,NULL,NULL,NULL,NULL,NULL,NULL,NULL),(491,492,1,NULL,NULL,NULL,NULL,NULL,NULL,NULL),(492,493,1,NULL,NULL,NULL,NULL,NULL,NULL,NULL),(493,494,1,NULL,NULL,NULL,NULL,NULL,NULL,NULL),(494,495,1,NULL,NULL,NULL,NULL,NULL,NULL,NULL),(495,496,1,NULL,NULL,NULL,NULL,NULL,NULL,NULL),(496,497,1,NULL,NULL,NULL,NULL,NULL,NULL,NULL),(497,498,1,NULL,NULL,NULL,NULL,NULL,NULL,NULL),(498,499,1,NULL,NULL,NULL,NULL,NULL,NULL,NULL),(499,500,1,NULL,NULL,NULL,NULL,NULL,NULL,NULL),(500,501,1,NULL,NULL,NULL,NULL,NULL,NULL,NULL),(501,502,1,NULL,NULL,NULL,NULL,NULL,NULL,NULL),(502,503,1,NULL,NULL,NULL,NULL,NULL,NULL,NULL),(503,504,1,NULL,NULL,NULL,NULL,NULL,NULL,NULL),(504,505,1,NULL,NULL,NULL,NULL,NULL,NULL,NULL),(505,506,1,NULL,NULL,NULL,NULL,NULL,NULL,NULL),(506,507,1,NULL,NULL,NULL,NULL,NULL,NULL,NULL),(507,508,1,NULL,NULL,NULL,NULL,NULL,NULL,NULL),(508,509,1,NULL,NULL,NULL,NULL,NULL,NULL,NULL),(509,510,1,NULL,NULL,NULL,NULL,NULL,NULL,NULL),(510,511,1,NULL,NULL,NULL,NULL,NULL,NULL,NULL),(511,512,1,NULL,NULL,NULL,NULL,NULL,NULL,NULL),(512,513,1,NULL,NULL,NULL,NULL,NULL,NULL,NULL),(513,514,1,NULL,NULL,NULL,NULL,NULL,NULL,NULL),(514,515,1,NULL,NULL,NULL,NULL,NULL,NULL,NULL),(515,516,1,NULL,NULL,NULL,NULL,NULL,NULL,NULL),(516,517,1,NULL,NULL,NULL,NULL,NULL,NULL,NULL),(517,518,1,NULL,NULL,NULL,NULL,NULL,NULL,NULL),(518,519,1,NULL,NULL,NULL,NULL,NULL,NULL,NULL),(519,520,1,NULL,NULL,NULL,NULL,NULL,NULL,NULL),(520,521,1,NULL,NULL,NULL,NULL,NULL,NULL,NULL),(521,522,1,NULL,NULL,NULL,NULL,NULL,NULL,NULL),(522,523,1,NULL,NULL,NULL,NULL,NULL,NULL,NULL),(523,524,1,NULL,NULL,NULL,NULL,NULL,NULL,NULL),(524,525,1,NULL,NULL,NULL,NULL,NULL,NULL,NULL),(525,526,1,NULL,NULL,NULL,NULL,NULL,NULL,NULL),(526,527,1,NULL,NULL,NULL,NULL,NULL,NULL,NULL),(527,528,1,NULL,NULL,NULL,NULL,NULL,NULL,NULL),(528,529,1,NULL,NULL,NULL,NULL,NULL,NULL,NULL),(529,530,1,NULL,NULL,NULL,NULL,NULL,NULL,NULL),(530,531,1,NULL,NULL,NULL,NULL,NULL,NULL,NULL),(531,532,1,NULL,NULL,NULL,NULL,NULL,NULL,NULL),(532,533,1,NULL,NULL,NULL,NULL,NULL,NULL,NULL),(533,534,1,NULL,NULL,NULL,NULL,NULL,NULL,NULL),(534,535,1,NULL,NULL,NULL,NULL,NULL,NULL,NULL),(535,536,1,NULL,NULL,NULL,NULL,NULL,NULL,NULL),(536,537,1,NULL,NULL,NULL,NULL,NULL,NULL,NULL),(537,538,1,NULL,NULL,NULL,NULL,NULL,NULL,NULL),(538,539,1,NULL,NULL,NULL,NULL,NULL,NULL,NULL),(539,540,1,NULL,NULL,NULL,NULL,NULL,NULL,NULL),(540,541,1,NULL,NULL,NULL,NULL,NULL,NULL,NULL),(541,542,1,NULL,NULL,NULL,NULL,NULL,NULL,NULL),(542,543,1,NULL,NULL,NULL,NULL,NULL,NULL,NULL),(543,544,1,NULL,NULL,NULL,NULL,NULL,NULL,NULL),(544,545,1,NULL,NULL,NULL,NULL,NULL,NULL,NULL),(545,546,1,NULL,NULL,NULL,NULL,NULL,NULL,NULL),(546,547,1,NULL,NULL,NULL,NULL,NULL,NULL,NULL),(547,548,1,NULL,NULL,NULL,NULL,NULL,NULL,NULL),(548,549,1,NULL,NULL,NULL,NULL,NULL,NULL,NULL),(549,550,1,NULL,NULL,NULL,NULL,NULL,NULL,NULL),(550,551,1,NULL,NULL,NULL,NULL,NULL,NULL,NULL),(551,552,1,NULL,NULL,NULL,NULL,NULL,NULL,NULL),(552,553,1,NULL,NULL,NULL,NULL,NULL,NULL,NULL),(553,554,1,NULL,NULL,NULL,NULL,NULL,NULL,NULL),(554,555,1,NULL,NULL,NULL,NULL,NULL,NULL,NULL),(555,556,1,NULL,NULL,NULL,NULL,NULL,NULL,NULL),(556,557,1,NULL,NULL,NULL,NULL,NULL,NULL,NULL),(557,558,1,NULL,NULL,NULL,NULL,NULL,NULL,NULL),(558,559,1,NULL,NULL,NULL,NULL,NULL,NULL,NULL),(559,560,1,NULL,NULL,NULL,NULL,NULL,NULL,NULL),(560,561,1,NULL,NULL,NULL,NULL,NULL,NULL,NULL),(561,562,1,NULL,NULL,NULL,NULL,NULL,NULL,NULL),(562,563,1,NULL,NULL,NULL,NULL,NULL,NULL,NULL),(563,564,1,NULL,NULL,NULL,NULL,NULL,NULL,NULL),(564,565,1,NULL,NULL,NULL,NULL,NULL,NULL,NULL),(565,566,1,NULL,NULL,NULL,NULL,NULL,NULL,NULL),(566,567,1,NULL,NULL,NULL,NULL,NULL,NULL,NULL),(567,568,1,NULL,NULL,NULL,NULL,NULL,NULL,NULL),(568,569,1,NULL,NULL,NULL,NULL,NULL,NULL,NULL),(1062,39,1,NULL,NULL,NULL,NULL,NULL,NULL,NULL),(1063,570,2,NULL,NULL,NULL,NULL,NULL,NULL,NULL),(1064,571,2,NULL,NULL,NULL,NULL,NULL,NULL,NULL),(1065,572,2,NULL,NULL,NULL,NULL,NULL,NULL,NULL),(1066,573,2,NULL,NULL,NULL,NULL,NULL,NULL,NULL),(1067,574,2,NULL,NULL,NULL,NULL,NULL,NULL,NULL),(1068,575,2,NULL,NULL,NULL,NULL,NULL,NULL,NULL),(1069,576,2,NULL,NULL,NULL,NULL,NULL,NULL,NULL),(1070,577,2,NULL,NULL,NULL,NULL,NULL,NULL,NULL),(1071,578,2,NULL,NULL,NULL,NULL,NULL,NULL,NULL),(1072,579,2,NULL,NULL,NULL,NULL,NULL,NULL,NULL),(1073,580,2,NULL,NULL,NULL,NULL,NULL,NULL,NULL),(1074,581,2,NULL,NULL,NULL,NULL,NULL,NULL,NULL),(1075,582,2,NULL,NULL,NULL,NULL,NULL,NULL,NULL),(1076,583,2,NULL,NULL,NULL,NULL,NULL,NULL,NULL),(1077,584,2,NULL,NULL,NULL,NULL,NULL,NULL,NULL),(1078,585,2,NULL,NULL,NULL,NULL,NULL,NULL,NULL),(1079,586,2,NULL,NULL,NULL,NULL,NULL,NULL,NULL),(1080,587,2,NULL,NULL,NULL,NULL,NULL,NULL,NULL),(1081,588,2,NULL,NULL,NULL,NULL,NULL,NULL,NULL),(1094,601,2,NULL,NULL,NULL,NULL,NULL,NULL,NULL),(1095,602,2,NULL,NULL,NULL,NULL,NULL,NULL,NULL),(1096,603,2,NULL,NULL,NULL,NULL,NULL,NULL,NULL),(1097,604,2,NULL,NULL,NULL,NULL,NULL,NULL,NULL),(1098,605,2,NULL,NULL,NULL,NULL,NULL,NULL,NULL),(1099,606,2,NULL,NULL,NULL,NULL,NULL,NULL,NULL),(1100,607,2,NULL,NULL,NULL,NULL,NULL,NULL,NULL),(1101,608,2,NULL,NULL,NULL,NULL,NULL,NULL,NULL),(1102,609,2,NULL,NULL,NULL,NULL,NULL,NULL,NULL),(1103,610,2,NULL,NULL,NULL,NULL,NULL,NULL,NULL),(1104,611,2,NULL,NULL,NULL,NULL,NULL,NULL,NULL),(1105,612,2,NULL,NULL,NULL,NULL,NULL,NULL,NULL),(1106,613,2,NULL,NULL,NULL,NULL,NULL,NULL,NULL),(1107,614,2,NULL,NULL,NULL,NULL,NULL,NULL,NULL),(1108,615,2,NULL,NULL,NULL,NULL,NULL,NULL,NULL),(1109,616,2,NULL,NULL,NULL,NULL,NULL,NULL,NULL),(1110,617,2,NULL,NULL,NULL,NULL,NULL,NULL,NULL),(1111,618,2,NULL,NULL,NULL,NULL,NULL,NULL,NULL),(1112,619,2,NULL,NULL,NULL,NULL,NULL,NULL,NULL),(1113,620,2,NULL,NULL,NULL,NULL,NULL,NULL,NULL),(1114,621,2,NULL,NULL,NULL,NULL,NULL,NULL,NULL),(1115,622,2,NULL,NULL,NULL,NULL,NULL,NULL,NULL),(1116,623,2,NULL,NULL,NULL,NULL,NULL,NULL,NULL),(1117,624,2,NULL,NULL,NULL,NULL,NULL,NULL,NULL),(1118,625,2,NULL,NULL,NULL,NULL,NULL,NULL,NULL),(1119,626,2,NULL,NULL,NULL,NULL,NULL,NULL,NULL),(1120,627,2,NULL,NULL,NULL,NULL,NULL,NULL,NULL),(1121,628,2,NULL,NULL,NULL,NULL,NULL,NULL,NULL),(1122,629,2,NULL,NULL,NULL,NULL,NULL,NULL,NULL),(1123,630,2,NULL,NULL,NULL,NULL,NULL,NULL,NULL),(1124,631,2,NULL,NULL,NULL,NULL,NULL,NULL,NULL),(1125,632,2,NULL,NULL,NULL,NULL,NULL,NULL,NULL),(1126,633,2,NULL,NULL,NULL,NULL,NULL,NULL,NULL),(1127,634,2,NULL,NULL,NULL,NULL,NULL,NULL,NULL),(1128,635,2,NULL,NULL,NULL,NULL,NULL,NULL,NULL),(1129,636,2,NULL,NULL,NULL,NULL,NULL,NULL,NULL),(1130,637,2,NULL,NULL,NULL,NULL,NULL,NULL,NULL),(1131,638,2,NULL,NULL,NULL,NULL,NULL,NULL,NULL),(1132,639,2,NULL,NULL,NULL,NULL,NULL,NULL,NULL),(1133,640,2,NULL,NULL,NULL,NULL,NULL,NULL,NULL),(1134,641,2,NULL,NULL,NULL,NULL,NULL,NULL,NULL),(1135,642,2,NULL,NULL,NULL,NULL,NULL,NULL,NULL),(1136,643,2,NULL,NULL,NULL,NULL,NULL,NULL,NULL),(1137,644,2,NULL,NULL,NULL,NULL,NULL,NULL,NULL),(1138,645,2,NULL,NULL,NULL,NULL,NULL,NULL,NULL),(1139,646,2,NULL,NULL,NULL,NULL,NULL,NULL,NULL),(1140,647,2,NULL,NULL,NULL,NULL,NULL,NULL,NULL),(1141,648,2,NULL,NULL,NULL,NULL,NULL,NULL,NULL),(1142,649,2,NULL,NULL,NULL,NULL,NULL,NULL,NULL),(1143,650,2,NULL,NULL,NULL,NULL,NULL,NULL,NULL),(1144,651,2,NULL,NULL,NULL,NULL,NULL,NULL,NULL),(1145,652,2,NULL,NULL,NULL,NULL,NULL,NULL,NULL),(1146,653,2,NULL,NULL,NULL,NULL,NULL,NULL,NULL),(1147,654,2,NULL,NULL,NULL,NULL,NULL,NULL,NULL),(1148,655,2,NULL,NULL,NULL,NULL,NULL,NULL,NULL),(1149,656,2,NULL,NULL,NULL,NULL,NULL,NULL,NULL),(1150,657,2,NULL,NULL,NULL,NULL,NULL,NULL,NULL),(1151,658,2,NULL,NULL,NULL,NULL,NULL,NULL,NULL),(1152,659,2,NULL,NULL,NULL,NULL,NULL,NULL,NULL),(1153,660,2,NULL,NULL,NULL,NULL,NULL,NULL,NULL),(1154,661,2,NULL,NULL,NULL,NULL,NULL,NULL,NULL),(1155,662,2,NULL,NULL,NULL,NULL,NULL,NULL,NULL),(1156,663,2,NULL,NULL,NULL,NULL,NULL,NULL,NULL),(1157,664,2,NULL,NULL,NULL,NULL,NULL,NULL,NULL),(1158,665,2,NULL,NULL,NULL,NULL,NULL,NULL,NULL),(1159,666,2,NULL,NULL,NULL,NULL,NULL,NULL,NULL),(1160,667,2,NULL,NULL,NULL,NULL,NULL,NULL,NULL),(1161,668,2,NULL,NULL,NULL,NULL,NULL,NULL,NULL),(1162,669,2,NULL,NULL,NULL,NULL,NULL,NULL,NULL),(1163,670,2,NULL,NULL,NULL,NULL,NULL,NULL,NULL),(1164,671,2,NULL,NULL,NULL,NULL,NULL,NULL,NULL),(1165,672,2,NULL,NULL,NULL,NULL,NULL,NULL,NULL),(1166,673,2,NULL,NULL,NULL,NULL,NULL,NULL,NULL),(1167,674,2,NULL,NULL,NULL,NULL,NULL,NULL,NULL),(1168,675,2,NULL,NULL,NULL,NULL,NULL,NULL,NULL),(1169,676,2,NULL,NULL,NULL,NULL,NULL,NULL,NULL),(1170,677,2,NULL,NULL,NULL,NULL,NULL,NULL,NULL),(1171,678,2,NULL,NULL,NULL,NULL,NULL,NULL,NULL),(1172,679,2,NULL,NULL,NULL,NULL,NULL,NULL,NULL),(1173,680,2,NULL,NULL,NULL,NULL,NULL,NULL,NULL),(1174,681,2,NULL,NULL,NULL,NULL,NULL,NULL,NULL),(1175,682,2,NULL,NULL,NULL,NULL,NULL,NULL,NULL),(1176,683,2,NULL,NULL,NULL,NULL,NULL,NULL,NULL),(1177,684,2,NULL,NULL,NULL,NULL,NULL,NULL,NULL),(1178,685,2,NULL,NULL,NULL,NULL,NULL,NULL,NULL),(1179,686,2,NULL,NULL,NULL,NULL,NULL,NULL,NULL),(1180,687,2,NULL,NULL,NULL,NULL,NULL,NULL,NULL),(1181,688,2,NULL,NULL,NULL,NULL,NULL,NULL,NULL),(1182,689,2,NULL,NULL,NULL,NULL,NULL,NULL,NULL),(1183,690,2,NULL,NULL,NULL,NULL,NULL,NULL,NULL),(1184,691,2,NULL,NULL,NULL,NULL,NULL,NULL,NULL),(1185,692,2,NULL,NULL,NULL,NULL,NULL,NULL,NULL),(1186,693,2,NULL,NULL,NULL,NULL,NULL,NULL,NULL),(1187,694,2,NULL,NULL,NULL,NULL,NULL,NULL,NULL),(1188,695,2,NULL,NULL,NULL,NULL,NULL,NULL,NULL),(1189,696,2,NULL,NULL,NULL,NULL,NULL,NULL,NULL),(1190,697,2,NULL,NULL,NULL,NULL,NULL,NULL,NULL),(1191,698,2,NULL,NULL,NULL,NULL,NULL,NULL,NULL),(1192,699,2,NULL,NULL,NULL,NULL,NULL,NULL,NULL),(1193,700,2,NULL,NULL,NULL,NULL,NULL,NULL,NULL),(1194,701,2,NULL,NULL,NULL,NULL,NULL,NULL,NULL),(1195,702,2,NULL,NULL,NULL,NULL,NULL,NULL,NULL),(1196,703,2,NULL,NULL,NULL,NULL,NULL,NULL,NULL),(1197,704,2,NULL,NULL,NULL,NULL,NULL,NULL,NULL),(1198,705,2,NULL,NULL,NULL,NULL,NULL,NULL,NULL),(1199,706,2,NULL,NULL,NULL,NULL,NULL,NULL,NULL),(1200,707,2,NULL,NULL,NULL,NULL,NULL,NULL,NULL),(1201,708,2,NULL,NULL,NULL,NULL,NULL,NULL,NULL),(1202,709,2,NULL,NULL,NULL,NULL,NULL,NULL,NULL),(1203,710,2,NULL,NULL,NULL,NULL,NULL,NULL,NULL),(1204,711,2,NULL,NULL,NULL,NULL,NULL,NULL,NULL),(1205,712,2,NULL,NULL,NULL,NULL,NULL,NULL,NULL),(1206,713,2,NULL,NULL,NULL,NULL,NULL,NULL,NULL),(1207,714,2,NULL,NULL,NULL,NULL,NULL,NULL,NULL),(1208,715,2,NULL,NULL,NULL,NULL,NULL,NULL,NULL),(1209,716,2,NULL,NULL,NULL,NULL,NULL,NULL,NULL),(1210,717,2,NULL,NULL,NULL,NULL,NULL,NULL,NULL),(1211,718,2,NULL,NULL,NULL,NULL,NULL,NULL,NULL),(1212,719,2,NULL,NULL,NULL,NULL,NULL,NULL,NULL),(1213,720,2,NULL,NULL,NULL,NULL,NULL,NULL,NULL),(1214,721,2,NULL,NULL,NULL,NULL,NULL,NULL,NULL),(1215,722,2,NULL,NULL,NULL,NULL,NULL,NULL,NULL),(1216,723,2,NULL,NULL,NULL,NULL,NULL,NULL,NULL),(1217,724,2,NULL,NULL,NULL,NULL,NULL,NULL,NULL),(1218,725,2,NULL,NULL,NULL,NULL,NULL,NULL,NULL),(1219,726,2,NULL,NULL,NULL,NULL,NULL,NULL,NULL),(1220,727,2,NULL,NULL,NULL,NULL,NULL,NULL,NULL),(1221,728,2,NULL,NULL,NULL,NULL,NULL,NULL,NULL),(1222,729,2,NULL,NULL,NULL,NULL,NULL,NULL,NULL),(1223,730,2,NULL,NULL,NULL,NULL,NULL,NULL,NULL),(1224,731,2,NULL,NULL,NULL,NULL,NULL,NULL,NULL),(1225,732,2,NULL,NULL,NULL,NULL,NULL,NULL,NULL),(1226,733,2,NULL,NULL,NULL,NULL,NULL,NULL,NULL),(1227,734,2,NULL,NULL,NULL,NULL,NULL,NULL,NULL),(1228,735,2,NULL,NULL,NULL,NULL,NULL,NULL,NULL),(1229,736,2,NULL,NULL,NULL,NULL,NULL,NULL,NULL),(1230,737,2,NULL,NULL,NULL,NULL,NULL,NULL,NULL),(1231,738,2,NULL,NULL,NULL,NULL,NULL,NULL,NULL),(1232,739,2,NULL,NULL,NULL,NULL,NULL,NULL,NULL),(1233,740,2,NULL,NULL,NULL,NULL,NULL,NULL,NULL),(1234,741,2,NULL,NULL,NULL,NULL,NULL,NULL,NULL),(1235,742,2,NULL,NULL,NULL,NULL,NULL,NULL,NULL),(1236,743,2,NULL,NULL,NULL,NULL,NULL,NULL,NULL),(1237,744,2,NULL,NULL,NULL,NULL,NULL,NULL,NULL),(1238,745,2,NULL,NULL,NULL,NULL,NULL,NULL,NULL),(1239,746,2,NULL,NULL,NULL,NULL,NULL,NULL,NULL),(1240,747,2,NULL,NULL,NULL,NULL,NULL,NULL,NULL),(1241,748,2,NULL,NULL,NULL,NULL,NULL,NULL,NULL),(1242,749,2,NULL,NULL,NULL,NULL,NULL,NULL,NULL),(1243,750,2,NULL,NULL,NULL,NULL,NULL,NULL,NULL),(1244,751,2,NULL,NULL,NULL,NULL,NULL,NULL,NULL),(1245,752,2,NULL,NULL,NULL,NULL,NULL,NULL,NULL),(1246,753,2,NULL,NULL,NULL,NULL,NULL,NULL,NULL),(1247,754,2,NULL,NULL,NULL,NULL,NULL,NULL,NULL),(1248,755,2,NULL,NULL,NULL,NULL,NULL,NULL,NULL),(1249,756,2,NULL,NULL,NULL,NULL,NULL,NULL,NULL),(1250,757,2,NULL,NULL,NULL,NULL,NULL,NULL,NULL),(1251,758,2,NULL,NULL,NULL,NULL,NULL,NULL,NULL),(1252,759,2,NULL,NULL,NULL,NULL,NULL,NULL,NULL),(1253,760,2,NULL,NULL,NULL,NULL,NULL,NULL,NULL),(1254,761,2,NULL,NULL,NULL,NULL,NULL,NULL,NULL),(1255,762,2,NULL,NULL,NULL,NULL,NULL,NULL,NULL),(1256,763,2,NULL,NULL,NULL,NULL,NULL,NULL,NULL),(1257,764,2,NULL,NULL,NULL,NULL,NULL,NULL,NULL),(1258,765,2,NULL,NULL,NULL,NULL,NULL,NULL,NULL),(1259,766,2,NULL,NULL,NULL,NULL,NULL,NULL,NULL),(1260,767,2,NULL,NULL,NULL,NULL,NULL,NULL,NULL),(1261,768,2,NULL,NULL,NULL,NULL,NULL,NULL,NULL),(1262,769,2,NULL,NULL,NULL,NULL,NULL,NULL,NULL),(1263,770,2,NULL,NULL,NULL,NULL,NULL,NULL,NULL),(1264,771,2,NULL,NULL,NULL,NULL,NULL,NULL,NULL),(1265,772,2,NULL,NULL,NULL,NULL,NULL,NULL,NULL),(1266,773,2,NULL,NULL,NULL,NULL,NULL,NULL,NULL),(1267,774,2,NULL,NULL,NULL,NULL,NULL,NULL,NULL),(1268,775,2,NULL,NULL,NULL,NULL,NULL,NULL,NULL),(1269,776,2,NULL,NULL,NULL,NULL,NULL,NULL,NULL),(1270,777,2,NULL,NULL,NULL,NULL,NULL,NULL,NULL),(1271,778,2,NULL,NULL,NULL,NULL,NULL,NULL,NULL),(1272,779,2,NULL,NULL,NULL,NULL,NULL,NULL,NULL),(1273,780,2,NULL,NULL,NULL,NULL,NULL,NULL,NULL),(1274,781,2,NULL,NULL,NULL,NULL,NULL,NULL,NULL),(1275,782,2,NULL,NULL,NULL,NULL,NULL,NULL,NULL),(1276,783,2,NULL,NULL,NULL,NULL,NULL,NULL,NULL),(1277,784,2,NULL,NULL,NULL,NULL,NULL,NULL,NULL),(1278,785,2,NULL,NULL,NULL,NULL,NULL,NULL,NULL),(1279,786,2,NULL,NULL,NULL,NULL,NULL,NULL,NULL),(1280,787,2,NULL,NULL,NULL,NULL,NULL,NULL,NULL),(1281,788,2,NULL,NULL,NULL,NULL,NULL,NULL,NULL),(1282,789,2,NULL,NULL,NULL,NULL,NULL,NULL,NULL),(1283,790,2,NULL,NULL,NULL,NULL,NULL,NULL,NULL),(1284,791,2,NULL,NULL,NULL,NULL,NULL,NULL,NULL),(1285,792,2,NULL,NULL,NULL,NULL,NULL,NULL,NULL),(1286,793,2,NULL,NULL,NULL,NULL,NULL,NULL,NULL),(1287,794,2,NULL,NULL,NULL,NULL,NULL,NULL,NULL),(1288,795,2,NULL,NULL,NULL,NULL,NULL,NULL,NULL),(1289,796,2,NULL,NULL,NULL,NULL,NULL,NULL,NULL),(1290,797,2,NULL,NULL,NULL,NULL,NULL,NULL,NULL),(1291,798,2,NULL,NULL,NULL,NULL,NULL,NULL,NULL),(1292,799,2,NULL,NULL,NULL,NULL,NULL,NULL,NULL),(1293,800,2,NULL,NULL,NULL,NULL,NULL,NULL,NULL),(1294,801,2,NULL,NULL,NULL,NULL,NULL,NULL,NULL),(1295,802,2,NULL,NULL,NULL,NULL,NULL,NULL,NULL),(1296,803,2,NULL,NULL,NULL,NULL,NULL,NULL,NULL),(1297,804,2,NULL,NULL,NULL,NULL,NULL,NULL,NULL),(1298,805,2,NULL,NULL,NULL,NULL,NULL,NULL,NULL),(1299,806,2,NULL,NULL,NULL,NULL,NULL,NULL,NULL),(1300,807,2,NULL,NULL,NULL,NULL,NULL,NULL,NULL),(1301,808,2,NULL,NULL,NULL,NULL,NULL,NULL,NULL),(1302,809,2,NULL,NULL,NULL,NULL,NULL,NULL,NULL),(1303,810,2,NULL,NULL,NULL,NULL,NULL,NULL,NULL),(1304,811,2,NULL,NULL,NULL,NULL,NULL,NULL,NULL),(1305,812,2,NULL,NULL,NULL,NULL,NULL,NULL,NULL),(1306,813,2,NULL,NULL,NULL,NULL,NULL,NULL,NULL),(1307,814,2,NULL,NULL,NULL,NULL,NULL,NULL,NULL),(1308,815,2,NULL,NULL,NULL,NULL,NULL,NULL,NULL),(1309,816,2,NULL,NULL,NULL,NULL,NULL,NULL,NULL),(1310,817,2,NULL,NULL,NULL,NULL,NULL,NULL,NULL),(1311,818,2,NULL,NULL,NULL,NULL,NULL,NULL,NULL),(1312,819,2,NULL,NULL,NULL,NULL,NULL,NULL,NULL),(1313,820,2,NULL,NULL,NULL,NULL,NULL,NULL,NULL),(1314,821,2,NULL,NULL,NULL,NULL,NULL,NULL,NULL),(1315,822,2,NULL,NULL,NULL,NULL,NULL,NULL,NULL),(1316,823,2,NULL,NULL,NULL,NULL,NULL,NULL,NULL),(1317,824,2,NULL,NULL,NULL,NULL,NULL,NULL,NULL),(1318,825,2,NULL,NULL,NULL,NULL,NULL,NULL,NULL),(1319,826,2,NULL,NULL,NULL,NULL,NULL,NULL,NULL),(1320,827,2,NULL,NULL,NULL,NULL,NULL,NULL,NULL),(1321,828,2,NULL,NULL,NULL,NULL,NULL,NULL,NULL),(1322,829,2,NULL,NULL,NULL,NULL,NULL,NULL,NULL),(1323,830,2,NULL,NULL,NULL,NULL,NULL,NULL,NULL),(1324,831,2,NULL,NULL,NULL,NULL,NULL,NULL,NULL),(1325,832,2,NULL,NULL,NULL,NULL,NULL,NULL,NULL),(1326,833,2,NULL,NULL,NULL,NULL,NULL,NULL,NULL),(1327,834,2,NULL,NULL,NULL,NULL,NULL,NULL,NULL),(1328,835,2,NULL,NULL,NULL,NULL,NULL,NULL,NULL),(1329,836,2,NULL,NULL,NULL,NULL,NULL,NULL,NULL),(1330,837,2,NULL,NULL,NULL,NULL,NULL,NULL,NULL),(1331,838,2,NULL,NULL,NULL,NULL,NULL,NULL,NULL),(1332,839,2,NULL,NULL,NULL,NULL,NULL,NULL,NULL),(1333,840,2,NULL,NULL,NULL,NULL,NULL,NULL,NULL),(1334,841,2,NULL,NULL,NULL,NULL,NULL,NULL,NULL),(1335,842,2,NULL,NULL,NULL,NULL,NULL,NULL,NULL),(1336,843,2,NULL,NULL,NULL,NULL,NULL,NULL,NULL),(1337,844,2,NULL,NULL,NULL,NULL,NULL,NULL,NULL),(1338,845,2,NULL,NULL,NULL,NULL,NULL,NULL,NULL),(1339,846,2,NULL,NULL,NULL,NULL,NULL,NULL,NULL),(1340,847,2,NULL,NULL,NULL,NULL,NULL,NULL,NULL),(1341,848,2,NULL,NULL,NULL,NULL,NULL,NULL,NULL),(1342,849,2,NULL,NULL,NULL,NULL,NULL,NULL,NULL),(1343,850,2,NULL,NULL,NULL,NULL,NULL,NULL,NULL),(1344,851,2,NULL,NULL,NULL,NULL,NULL,NULL,NULL),(1345,852,2,NULL,NULL,NULL,NULL,NULL,NULL,NULL),(1346,853,2,NULL,NULL,NULL,NULL,NULL,NULL,NULL),(1347,854,2,NULL,NULL,NULL,NULL,NULL,NULL,NULL),(1348,855,2,NULL,NULL,NULL,NULL,NULL,NULL,NULL),(1349,856,2,NULL,NULL,NULL,NULL,NULL,NULL,NULL),(1350,857,2,NULL,NULL,NULL,NULL,NULL,NULL,NULL),(1351,858,2,NULL,NULL,NULL,NULL,NULL,NULL,NULL),(1352,859,2,NULL,NULL,NULL,NULL,NULL,NULL,NULL),(1353,860,2,NULL,NULL,NULL,NULL,NULL,NULL,NULL),(1354,861,2,NULL,NULL,NULL,NULL,NULL,NULL,NULL),(1355,862,2,NULL,NULL,NULL,NULL,NULL,NULL,NULL),(1356,863,2,NULL,NULL,NULL,NULL,NULL,NULL,NULL),(1357,864,2,NULL,NULL,NULL,NULL,NULL,NULL,NULL),(1358,865,2,NULL,NULL,NULL,NULL,NULL,NULL,NULL),(1359,866,2,NULL,NULL,NULL,NULL,NULL,NULL,NULL),(1360,867,2,NULL,NULL,NULL,NULL,NULL,NULL,NULL),(1361,868,2,NULL,NULL,NULL,NULL,NULL,NULL,NULL),(1362,869,2,NULL,NULL,NULL,NULL,NULL,NULL,NULL),(1363,870,2,NULL,NULL,NULL,NULL,NULL,NULL,NULL),(1364,871,2,NULL,NULL,NULL,NULL,NULL,NULL,NULL),(1365,872,2,NULL,NULL,NULL,NULL,NULL,NULL,NULL),(1366,873,2,NULL,NULL,NULL,NULL,NULL,NULL,NULL),(1367,874,2,NULL,NULL,NULL,NULL,NULL,NULL,NULL),(1368,875,2,NULL,NULL,NULL,NULL,NULL,NULL,NULL),(1369,876,2,NULL,NULL,NULL,NULL,NULL,NULL,NULL),(1370,877,2,NULL,NULL,NULL,NULL,NULL,NULL,NULL),(1371,878,2,NULL,NULL,NULL,NULL,NULL,NULL,NULL),(1372,879,2,NULL,NULL,NULL,NULL,NULL,NULL,NULL),(1373,880,2,NULL,NULL,NULL,NULL,NULL,NULL,NULL),(1374,881,2,NULL,NULL,NULL,NULL,NULL,NULL,NULL),(1375,882,2,NULL,NULL,NULL,NULL,NULL,NULL,NULL),(1376,883,2,NULL,NULL,NULL,NULL,NULL,NULL,NULL),(1377,884,2,NULL,NULL,NULL,NULL,NULL,NULL,NULL),(1378,885,2,NULL,NULL,NULL,NULL,NULL,NULL,NULL),(1379,886,2,NULL,NULL,NULL,NULL,NULL,NULL,NULL),(1380,887,2,NULL,NULL,NULL,NULL,NULL,NULL,NULL),(1381,888,2,NULL,NULL,NULL,NULL,NULL,NULL,NULL),(1382,889,2,NULL,NULL,NULL,NULL,NULL,NULL,NULL),(1383,890,2,NULL,NULL,NULL,NULL,NULL,NULL,NULL),(1384,891,2,NULL,NULL,NULL,NULL,NULL,NULL,NULL),(1385,892,2,NULL,NULL,NULL,NULL,NULL,NULL,NULL),(1386,893,2,NULL,NULL,NULL,NULL,NULL,NULL,NULL),(1387,894,2,NULL,NULL,NULL,NULL,NULL,NULL,NULL),(1388,895,2,NULL,NULL,NULL,NULL,NULL,NULL,NULL),(1389,896,2,NULL,NULL,NULL,NULL,NULL,NULL,NULL),(1390,897,2,NULL,NULL,NULL,NULL,NULL,NULL,NULL),(1391,898,2,NULL,NULL,NULL,NULL,NULL,NULL,NULL),(1392,899,2,NULL,NULL,NULL,NULL,NULL,NULL,NULL),(1393,900,2,NULL,NULL,NULL,NULL,NULL,NULL,NULL),(1394,901,2,NULL,NULL,NULL,NULL,NULL,NULL,NULL),(1395,902,2,NULL,NULL,NULL,NULL,NULL,NULL,NULL),(1396,903,2,NULL,NULL,NULL,NULL,NULL,NULL,NULL),(1397,904,2,NULL,NULL,NULL,NULL,NULL,NULL,NULL),(1398,905,2,NULL,NULL,NULL,NULL,NULL,NULL,NULL),(1399,906,2,NULL,NULL,NULL,NULL,NULL,NULL,NULL),(1400,907,2,NULL,NULL,NULL,NULL,NULL,NULL,NULL),(1401,908,2,NULL,NULL,NULL,NULL,NULL,NULL,NULL),(1402,909,2,NULL,NULL,NULL,NULL,NULL,NULL,NULL),(1403,910,2,NULL,NULL,NULL,NULL,NULL,NULL,NULL),(1404,911,2,NULL,NULL,NULL,NULL,NULL,NULL,NULL),(1405,912,2,NULL,NULL,NULL,NULL,NULL,NULL,NULL),(1406,913,2,NULL,NULL,NULL,NULL,NULL,NULL,NULL),(1407,914,2,NULL,NULL,NULL,NULL,NULL,NULL,NULL),(1408,915,2,NULL,NULL,NULL,NULL,NULL,NULL,NULL),(1409,916,2,NULL,NULL,NULL,NULL,NULL,NULL,NULL),(1410,917,2,NULL,NULL,NULL,NULL,NULL,NULL,NULL),(1411,918,2,NULL,NULL,NULL,NULL,NULL,NULL,NULL),(1412,919,2,NULL,NULL,NULL,NULL,NULL,NULL,NULL),(1413,920,2,NULL,NULL,NULL,NULL,NULL,NULL,NULL),(1414,921,2,NULL,NULL,NULL,NULL,NULL,NULL,NULL),(1415,922,2,NULL,NULL,NULL,NULL,NULL,NULL,NULL),(1416,923,2,NULL,NULL,NULL,NULL,NULL,NULL,NULL),(1417,924,2,NULL,NULL,NULL,NULL,NULL,NULL,NULL),(1418,925,2,NULL,NULL,NULL,NULL,NULL,NULL,NULL),(1419,926,2,NULL,NULL,NULL,NULL,NULL,NULL,NULL),(1420,927,2,NULL,NULL,NULL,NULL,NULL,NULL,NULL),(1421,928,2,NULL,NULL,NULL,NULL,NULL,NULL,NULL),(1422,929,2,NULL,NULL,NULL,NULL,NULL,NULL,NULL),(1423,930,2,NULL,NULL,NULL,NULL,NULL,NULL,NULL),(1424,931,2,NULL,NULL,NULL,NULL,NULL,NULL,NULL),(1425,932,2,NULL,NULL,NULL,NULL,NULL,NULL,NULL),(1426,933,2,NULL,NULL,NULL,NULL,NULL,NULL,NULL),(1427,934,2,NULL,NULL,NULL,NULL,NULL,NULL,NULL),(1428,935,2,NULL,NULL,NULL,NULL,NULL,NULL,NULL),(1429,936,2,NULL,NULL,NULL,NULL,NULL,NULL,NULL),(1430,937,2,NULL,NULL,NULL,NULL,NULL,NULL,NULL),(1431,938,2,NULL,NULL,NULL,NULL,NULL,NULL,NULL),(1432,939,2,NULL,NULL,NULL,NULL,NULL,NULL,NULL),(1433,940,2,NULL,NULL,NULL,NULL,NULL,NULL,NULL),(1434,941,2,NULL,NULL,NULL,NULL,NULL,NULL,NULL),(1435,942,2,NULL,NULL,NULL,NULL,NULL,NULL,NULL),(1436,943,2,NULL,NULL,NULL,NULL,NULL,NULL,NULL),(1437,944,2,NULL,NULL,NULL,NULL,NULL,NULL,NULL),(1438,945,2,NULL,NULL,NULL,NULL,NULL,NULL,NULL),(1439,946,2,NULL,NULL,NULL,NULL,NULL,NULL,NULL),(1440,947,2,NULL,NULL,NULL,NULL,NULL,NULL,NULL),(1441,948,2,NULL,NULL,NULL,NULL,NULL,NULL,NULL),(1442,949,2,NULL,NULL,NULL,NULL,NULL,NULL,NULL),(1443,950,2,NULL,NULL,NULL,NULL,NULL,NULL,NULL),(1444,951,2,NULL,NULL,NULL,NULL,NULL,NULL,NULL),(1445,952,2,NULL,NULL,NULL,NULL,NULL,NULL,NULL),(1446,953,2,NULL,NULL,NULL,NULL,NULL,NULL,NULL),(1447,954,2,NULL,NULL,NULL,NULL,NULL,NULL,NULL),(1448,955,2,NULL,NULL,NULL,NULL,NULL,NULL,NULL),(1449,956,2,NULL,NULL,NULL,NULL,NULL,NULL,NULL),(1450,957,2,NULL,NULL,NULL,NULL,NULL,NULL,NULL),(1451,958,2,NULL,NULL,NULL,NULL,NULL,NULL,NULL),(1452,959,2,NULL,NULL,NULL,NULL,NULL,NULL,NULL),(1453,960,2,NULL,NULL,NULL,NULL,NULL,NULL,NULL),(1454,961,2,NULL,NULL,NULL,NULL,NULL,NULL,NULL),(1455,962,2,NULL,NULL,NULL,NULL,NULL,NULL,NULL),(1456,963,2,NULL,NULL,NULL,NULL,NULL,NULL,NULL),(1457,964,2,NULL,NULL,NULL,NULL,NULL,NULL,NULL),(1458,965,2,NULL,NULL,NULL,NULL,NULL,NULL,NULL),(1459,966,2,NULL,NULL,NULL,NULL,NULL,NULL,NULL),(1460,967,2,NULL,NULL,NULL,NULL,NULL,NULL,NULL),(1461,968,2,NULL,NULL,NULL,NULL,NULL,NULL,NULL),(1462,969,2,NULL,NULL,NULL,NULL,NULL,NULL,NULL),(1463,970,2,NULL,NULL,NULL,NULL,NULL,NULL,NULL),(1464,971,2,NULL,NULL,NULL,NULL,NULL,NULL,NULL),(1465,972,2,NULL,NULL,NULL,NULL,NULL,NULL,NULL),(1466,973,2,NULL,NULL,NULL,NULL,NULL,NULL,NULL),(1467,974,2,NULL,NULL,NULL,NULL,NULL,NULL,NULL),(1468,975,2,NULL,NULL,NULL,NULL,NULL,NULL,NULL),(1469,976,2,NULL,NULL,NULL,NULL,NULL,NULL,NULL),(1470,977,2,NULL,NULL,NULL,NULL,NULL,NULL,NULL),(1471,978,2,NULL,NULL,NULL,NULL,NULL,NULL,NULL),(1472,979,2,NULL,NULL,NULL,NULL,NULL,NULL,NULL),(1473,980,2,NULL,NULL,NULL,NULL,NULL,NULL,NULL),(1474,981,2,NULL,NULL,NULL,NULL,NULL,NULL,NULL),(1475,982,2,NULL,NULL,NULL,NULL,NULL,NULL,NULL),(1476,983,2,NULL,NULL,NULL,NULL,NULL,NULL,NULL),(1477,984,2,NULL,NULL,NULL,NULL,NULL,NULL,NULL),(1478,985,2,NULL,NULL,NULL,NULL,NULL,NULL,NULL),(1479,986,2,NULL,NULL,NULL,NULL,NULL,NULL,NULL),(1480,987,2,NULL,NULL,NULL,NULL,NULL,NULL,NULL),(1481,988,2,NULL,NULL,NULL,NULL,NULL,NULL,NULL),(1482,989,2,NULL,NULL,NULL,NULL,NULL,NULL,NULL),(1483,990,2,NULL,NULL,NULL,NULL,NULL,NULL,NULL),(1484,991,2,NULL,NULL,NULL,NULL,NULL,NULL,NULL),(1485,992,2,NULL,NULL,NULL,NULL,NULL,NULL,NULL),(1486,993,2,NULL,NULL,NULL,NULL,NULL,NULL,NULL),(1487,994,2,NULL,NULL,NULL,NULL,NULL,NULL,NULL),(1488,995,2,NULL,NULL,NULL,NULL,NULL,NULL,NULL),(1489,996,2,NULL,NULL,NULL,NULL,NULL,NULL,NULL),(1490,997,2,NULL,NULL,NULL,NULL,NULL,NULL,NULL),(1491,998,2,NULL,NULL,NULL,NULL,NULL,NULL,NULL),(1492,999,2,NULL,NULL,NULL,NULL,NULL,NULL,NULL),(1493,1000,2,NULL,NULL,NULL,NULL,NULL,NULL,NULL),(1494,1001,2,NULL,NULL,NULL,NULL,NULL,NULL,NULL),(1495,1002,2,NULL,NULL,NULL,NULL,NULL,NULL,NULL),(1496,1003,2,NULL,NULL,NULL,NULL,NULL,NULL,NULL),(1497,1004,2,NULL,NULL,NULL,NULL,NULL,NULL,NULL),(1498,1005,2,NULL,NULL,NULL,NULL,NULL,NULL,NULL),(1499,1006,2,NULL,NULL,NULL,NULL,NULL,NULL,NULL),(1500,1007,2,NULL,NULL,NULL,NULL,NULL,NULL,NULL),(1501,1008,2,NULL,NULL,NULL,NULL,NULL,NULL,NULL),(1502,1009,2,NULL,NULL,NULL,NULL,NULL,NULL,NULL),(1503,1010,2,NULL,NULL,NULL,NULL,NULL,NULL,NULL),(1504,1011,2,NULL,NULL,NULL,NULL,NULL,NULL,NULL),(1505,1012,2,NULL,NULL,NULL,NULL,NULL,NULL,NULL),(1506,1013,2,NULL,NULL,NULL,NULL,NULL,NULL,NULL),(1507,1014,2,NULL,NULL,NULL,NULL,NULL,NULL,NULL),(1508,1015,2,NULL,NULL,NULL,NULL,NULL,NULL,NULL),(1509,1016,2,NULL,NULL,NULL,NULL,NULL,NULL,NULL),(1510,1017,2,NULL,NULL,NULL,NULL,NULL,NULL,NULL),(1511,1018,2,NULL,NULL,NULL,NULL,NULL,NULL,NULL),(1512,1019,2,NULL,NULL,NULL,NULL,NULL,NULL,NULL),(1513,1020,2,NULL,NULL,NULL,NULL,NULL,NULL,NULL),(1514,1021,2,NULL,NULL,NULL,NULL,NULL,NULL,NULL),(1515,1022,2,NULL,NULL,NULL,NULL,NULL,NULL,NULL),(1516,1023,2,NULL,NULL,NULL,NULL,NULL,NULL,NULL),(1517,1024,2,NULL,NULL,NULL,NULL,NULL,NULL,NULL),(1518,1025,2,NULL,NULL,NULL,NULL,NULL,NULL,NULL),(1519,1026,2,NULL,NULL,NULL,NULL,NULL,NULL,NULL),(1520,1027,2,NULL,NULL,NULL,NULL,NULL,NULL,NULL),(1521,1028,2,NULL,NULL,NULL,NULL,NULL,NULL,NULL),(1522,1029,2,NULL,NULL,NULL,NULL,NULL,NULL,NULL),(1523,1030,2,NULL,NULL,NULL,NULL,NULL,NULL,NULL),(1524,1031,2,NULL,NULL,NULL,NULL,NULL,NULL,NULL),(1525,1032,2,NULL,NULL,NULL,NULL,NULL,NULL,NULL),(1526,1033,2,NULL,NULL,NULL,NULL,NULL,NULL,NULL),(1527,1034,2,NULL,NULL,NULL,NULL,NULL,NULL,NULL),(1528,1035,2,NULL,NULL,NULL,NULL,NULL,NULL,NULL),(1529,1036,2,NULL,NULL,NULL,NULL,NULL,NULL,NULL),(1530,1037,2,NULL,NULL,NULL,NULL,NULL,NULL,NULL),(1531,1038,2,NULL,NULL,NULL,NULL,NULL,NULL,NULL),(1532,1039,2,NULL,NULL,NULL,NULL,NULL,NULL,NULL),(1533,1040,2,NULL,NULL,NULL,NULL,NULL,NULL,NULL),(1534,1041,2,NULL,NULL,NULL,NULL,NULL,NULL,NULL),(1535,1042,2,NULL,NULL,NULL,NULL,NULL,NULL,NULL),(1536,1043,2,NULL,NULL,NULL,NULL,NULL,NULL,NULL),(1537,1044,2,NULL,NULL,NULL,NULL,NULL,NULL,NULL),(1538,1045,2,NULL,NULL,NULL,NULL,NULL,NULL,NULL),(1539,1046,2,NULL,NULL,NULL,NULL,NULL,NULL,NULL),(1540,1047,2,NULL,NULL,NULL,NULL,NULL,NULL,NULL),(1541,1048,2,NULL,NULL,NULL,NULL,NULL,NULL,NULL),(1542,1049,2,NULL,NULL,NULL,NULL,NULL,NULL,NULL),(1543,1050,2,NULL,NULL,NULL,NULL,NULL,NULL,NULL),(1544,1051,2,NULL,NULL,NULL,NULL,NULL,NULL,NULL),(1545,1052,2,NULL,NULL,NULL,NULL,NULL,NULL,NULL),(1546,1053,2,NULL,NULL,NULL,NULL,NULL,NULL,NULL),(1547,1054,2,NULL,NULL,NULL,NULL,NULL,NULL,NULL),(1548,1055,2,NULL,NULL,NULL,NULL,NULL,NULL,NULL),(1549,1056,2,NULL,NULL,NULL,NULL,NULL,NULL,NULL),(1550,1057,2,NULL,NULL,NULL,NULL,NULL,NULL,NULL),(1551,1058,2,NULL,NULL,NULL,NULL,NULL,NULL,NULL),(1552,1059,2,NULL,NULL,NULL,NULL,NULL,NULL,NULL),(1553,1060,2,NULL,NULL,NULL,NULL,NULL,NULL,NULL),(1554,1061,2,NULL,NULL,NULL,NULL,NULL,NULL,NULL),(1555,1062,2,NULL,NULL,NULL,NULL,NULL,NULL,NULL),(1556,1063,2,NULL,NULL,NULL,NULL,NULL,NULL,NULL),(1557,1064,2,NULL,NULL,NULL,NULL,NULL,NULL,NULL),(1558,1065,2,NULL,NULL,NULL,NULL,NULL,NULL,NULL),(1559,1066,2,NULL,NULL,NULL,NULL,NULL,NULL,NULL),(1560,1067,2,NULL,NULL,NULL,NULL,NULL,NULL,NULL),(1561,1068,2,NULL,NULL,NULL,NULL,NULL,NULL,NULL),(1562,1069,2,NULL,NULL,NULL,NULL,NULL,NULL,NULL),(1563,1070,2,NULL,NULL,NULL,NULL,NULL,NULL,NULL),(1564,1071,2,NULL,NULL,NULL,NULL,NULL,NULL,NULL),(1565,1072,2,NULL,NULL,NULL,NULL,NULL,NULL,NULL),(1566,1073,2,NULL,NULL,NULL,NULL,NULL,NULL,NULL),(1567,1074,2,NULL,NULL,NULL,NULL,NULL,NULL,NULL),(1568,1075,2,NULL,NULL,NULL,NULL,NULL,NULL,NULL),(1569,1076,2,NULL,NULL,NULL,NULL,NULL,NULL,NULL),(1570,1077,2,NULL,NULL,NULL,NULL,NULL,NULL,NULL),(1571,1078,2,NULL,NULL,NULL,NULL,NULL,NULL,NULL),(1572,1079,2,NULL,NULL,NULL,NULL,NULL,NULL,NULL),(1573,1080,2,NULL,NULL,NULL,NULL,NULL,NULL,NULL),(1574,1081,2,NULL,NULL,NULL,NULL,NULL,NULL,NULL),(1575,1082,2,NULL,NULL,NULL,NULL,NULL,NULL,NULL),(1576,1083,2,NULL,NULL,NULL,NULL,NULL,NULL,NULL),(1577,1084,2,NULL,NULL,NULL,NULL,NULL,NULL,NULL),(1578,1085,2,NULL,NULL,NULL,NULL,NULL,NULL,NULL),(1579,1086,2,NULL,NULL,NULL,NULL,NULL,NULL,NULL),(1580,1087,2,NULL,NULL,NULL,NULL,NULL,NULL,NULL),(1581,1088,2,NULL,NULL,NULL,NULL,NULL,NULL,NULL),(1582,1089,2,NULL,NULL,NULL,NULL,NULL,NULL,NULL),(1583,1090,2,NULL,NULL,NULL,NULL,NULL,NULL,NULL),(1584,1091,2,NULL,NULL,NULL,NULL,NULL,NULL,NULL),(1585,1092,2,NULL,NULL,NULL,NULL,NULL,NULL,NULL),(1586,1093,2,NULL,NULL,NULL,NULL,NULL,NULL,NULL),(1587,1094,2,NULL,NULL,NULL,NULL,NULL,NULL,NULL),(1588,1095,2,NULL,NULL,NULL,NULL,NULL,NULL,NULL),(1589,1096,2,NULL,NULL,NULL,NULL,NULL,NULL,NULL),(1590,1097,2,NULL,NULL,NULL,NULL,NULL,NULL,NULL),(1591,1098,2,NULL,NULL,NULL,NULL,NULL,NULL,NULL),(1592,1099,2,NULL,NULL,NULL,NULL,NULL,NULL,NULL),(1593,1100,2,NULL,NULL,NULL,NULL,NULL,NULL,NULL),(1594,1101,2,NULL,NULL,NULL,NULL,NULL,NULL,NULL),(1595,1102,2,NULL,NULL,NULL,NULL,NULL,NULL,NULL),(1596,1103,2,NULL,NULL,NULL,NULL,NULL,NULL,NULL),(1597,1104,2,NULL,NULL,NULL,NULL,NULL,NULL,NULL),(1598,1105,2,NULL,NULL,NULL,NULL,NULL,NULL,NULL),(1599,1106,2,NULL,NULL,NULL,NULL,NULL,NULL,NULL),(1600,1107,2,NULL,NULL,NULL,NULL,NULL,NULL,NULL),(1601,1108,2,NULL,NULL,NULL,NULL,NULL,NULL,NULL),(1602,1109,2,NULL,NULL,NULL,NULL,NULL,NULL,NULL),(1603,1110,2,NULL,NULL,NULL,NULL,NULL,NULL,NULL),(1604,1111,2,NULL,NULL,NULL,NULL,NULL,NULL,NULL),(1605,1112,2,NULL,NULL,NULL,NULL,NULL,NULL,NULL),(1606,1113,2,NULL,NULL,NULL,NULL,NULL,NULL,NULL),(1607,1114,2,NULL,NULL,NULL,NULL,NULL,NULL,NULL),(1608,1115,2,NULL,NULL,NULL,NULL,NULL,NULL,NULL),(1609,1116,2,NULL,NULL,NULL,NULL,NULL,NULL,NULL),(1610,1117,2,NULL,NULL,NULL,NULL,NULL,NULL,NULL),(1611,1118,2,NULL,NULL,NULL,NULL,NULL,NULL,NULL),(1612,1119,2,NULL,NULL,NULL,NULL,NULL,NULL,NULL),(1613,1120,2,NULL,NULL,NULL,NULL,NULL,NULL,NULL),(1614,1121,2,NULL,NULL,NULL,NULL,NULL,NULL,NULL),(1615,1122,2,NULL,NULL,NULL,NULL,NULL,NULL,NULL),(1616,1123,2,NULL,NULL,NULL,NULL,NULL,NULL,NULL),(1617,1124,2,NULL,NULL,NULL,NULL,NULL,NULL,NULL),(1618,1125,2,NULL,NULL,NULL,NULL,NULL,NULL,NULL),(1619,1126,2,NULL,NULL,NULL,NULL,NULL,NULL,NULL),(1620,1127,2,NULL,NULL,NULL,NULL,NULL,NULL,NULL),(1621,1128,2,NULL,NULL,NULL,NULL,NULL,NULL,NULL),(1622,1129,2,NULL,NULL,NULL,NULL,NULL,NULL,NULL),(1623,1130,2,NULL,NULL,NULL,NULL,NULL,NULL,NULL),(1627,1134,1,NULL,NULL,NULL,'2016-02-28 02:10:47',NULL,-2,NULL),(1628,1135,3,NULL,NULL,NULL,'2016-02-28 13:17:24',NULL,-2,NULL),(1629,1136,5,'gfgh',NULL,NULL,'2016-02-28 15:45:20',NULL,-2,NULL),(1630,1137,4,NULL,NULL,NULL,'2016-02-28 15:47:05',NULL,-2,NULL),(1631,1138,3,NULL,NULL,NULL,'2016-02-28 15:49:46',NULL,-2,NULL),(1632,1139,4,NULL,NULL,NULL,'2016-02-29 17:13:23',NULL,-2,NULL),(1633,1140,5,'中共党中央书记',NULL,NULL,'2016-02-29 17:15:38',NULL,-2,NULL),(1635,1142,2,NULL,NULL,NULL,'2016-03-03 00:01:21',NULL,-2,NULL),(1636,1143,2,NULL,NULL,NULL,'2016-03-03 00:07:12',NULL,-2,NULL),(1637,1144,2,NULL,NULL,NULL,'2016-03-03 00:07:32',NULL,-2,NULL),(1638,1145,2,NULL,NULL,NULL,'2016-03-03 00:07:48',NULL,-2,NULL),(1639,1146,2,NULL,NULL,NULL,'2016-03-03 00:08:00',NULL,-2,NULL),(1640,1147,2,NULL,NULL,NULL,'2016-03-03 00:08:11',NULL,-2,NULL),(1641,1148,2,NULL,NULL,NULL,'2016-03-03 00:08:29',NULL,-2,NULL),(1642,1149,2,NULL,NULL,NULL,'2016-03-03 00:08:42',NULL,-2,NULL),(1643,1150,2,NULL,NULL,NULL,'2016-03-03 00:08:55',NULL,-2,NULL),(1644,1151,2,NULL,NULL,NULL,'2016-03-03 00:09:06',NULL,-2,NULL),(1645,1152,2,NULL,NULL,NULL,'2016-03-03 00:09:24',NULL,-2,NULL),(1646,1153,2,NULL,NULL,NULL,'2016-03-03 00:09:36',NULL,-2,NULL),(1647,1154,2,NULL,NULL,NULL,'2016-03-03 00:13:31',NULL,-2,NULL),(1648,1155,2,NULL,NULL,NULL,'2016-03-03 00:14:07',NULL,-2,NULL),(1649,1156,2,NULL,NULL,NULL,'2016-03-03 00:14:26',NULL,-2,NULL),(1650,1157,2,NULL,NULL,NULL,'2016-03-03 00:14:57',NULL,-2,NULL),(1651,1158,2,NULL,NULL,NULL,'2016-03-03 00:15:25',NULL,-2,NULL),(1652,1159,2,NULL,NULL,NULL,'2016-03-03 00:15:44',NULL,-2,NULL),(1653,1160,2,NULL,NULL,NULL,'2016-03-03 00:15:56',NULL,-2,NULL),(1654,1161,2,NULL,NULL,NULL,'2016-03-03 00:16:13',NULL,-2,NULL),(1655,1162,2,NULL,NULL,NULL,'2016-03-03 00:16:55',NULL,-2,NULL),(1656,1163,2,NULL,NULL,NULL,'2016-03-03 00:17:06',NULL,-2,NULL),(1657,1164,2,NULL,NULL,NULL,'2016-03-03 00:18:09',NULL,-2,NULL),(1658,1165,2,NULL,NULL,NULL,'2016-03-03 00:21:57',NULL,-2,NULL),(1659,1166,2,NULL,NULL,NULL,'2016-03-03 00:24:06',NULL,-2,NULL),(1660,1167,6,NULL,NULL,NULL,'2016-03-07 17:43:17',NULL,10,NULL),(1661,1168,6,NULL,NULL,NULL,'2016-03-13 13:04:14',NULL,10,NULL),(1662,1169,2,NULL,NULL,NULL,'2016-03-14 16:14:28',NULL,12,NULL),(1663,1170,2,NULL,NULL,NULL,'2016-03-14 21:29:11',NULL,12,NULL),(1664,1171,2,NULL,NULL,NULL,'2016-03-14 21:32:36',NULL,12,NULL),(1665,1172,1,NULL,NULL,NULL,'2016-03-16 17:33:42',NULL,-2,NULL),(1666,1173,1,NULL,NULL,NULL,'2016-03-16 17:58:38',NULL,-2,NULL),(1667,1174,2,NULL,NULL,NULL,'2016-03-21 19:59:58',NULL,-2,NULL),(1668,1175,2,NULL,NULL,NULL,'2016-03-21 20:01:20',NULL,-2,NULL),(1669,1176,1,NULL,NULL,NULL,'2016-03-21 21:07:49',NULL,-2,NULL),(1670,1177,1,NULL,NULL,NULL,'2016-03-22 23:40:50',NULL,-2,NULL);
/*!40000 ALTER TABLE `party_role` ENABLE KEYS */;
UNLOCK TABLES;

--
-- Table structure for table `party_user`
--

DROP TABLE IF EXISTS `party_user`;
/*!40101 SET @saved_cs_client     = @@character_set_client */;
/*!40101 SET character_set_client = utf8 */;
CREATE TABLE `party_user` (
  `party_user` bigint(20) NOT NULL AUTO_INCREMENT,
  `party_id` bigint(20) DEFAULT NULL,
  `user_id` bigint(20) DEFAULT NULL,
  `created_time` datetime DEFAULT NULL,
  `last_updated_time` datetime DEFAULT NULL,
  `created_by_user` bigint(20) DEFAULT NULL,
  `last_updated_by_user` bigint(20) DEFAULT NULL,
  PRIMARY KEY (`party_user`),
  KEY `FK_jr5` (`party_id`),
  CONSTRAINT `FK_jr5` FOREIGN KEY (`party_id`) REFERENCES `party` (`party_id`)
) ENGINE=InnoDB AUTO_INCREMENT=6 DEFAULT CHARSET=utf8;
/*!40101 SET character_set_client = @saved_cs_client */;

--
-- Dumping data for table `party_user`
--

LOCK TABLES `party_user` WRITE;
/*!40000 ALTER TABLE `party_user` DISABLE KEYS */;
INSERT INTO `party_user` VALUES (1,3,10,NULL,NULL,NULL,NULL),(2,7,11,NULL,NULL,NULL,NULL),(3,1140,12,NULL,NULL,NULL,NULL),(4,1172,1,NULL,NULL,NULL,NULL),(5,1173,2,NULL,NULL,NULL,NULL);
/*!40000 ALTER TABLE `party_user` ENABLE KEYS */;
UNLOCK TABLES;

--
-- Table structure for table `person`
--

DROP TABLE IF EXISTS `person`;
/*!40101 SET @saved_cs_client     = @@character_set_client */;
/*!40101 SET character_set_client = utf8 */;
CREATE TABLE `person` (
  `person_id` bigint(20) NOT NULL AUTO_INCREMENT,
  `party_id` bigint(20) DEFAULT NULL,
  `name` varchar(20) DEFAULT NULL,
  `pinyin_name` varchar(50) DEFAULT NULL,
  `personal_title` varchar(20) DEFAULT NULL,
  `gender` varchar(2) DEFAULT NULL,
  `card_id` varchar(20) DEFAULT NULL,
  `phone` varchar(20) DEFAULT NULL,
  `birthday` varchar(20) DEFAULT NULL,
  `nation` varchar(20) DEFAULT NULL,
  `household` varchar(150) DEFAULT NULL,
  `marriage` varchar(20) DEFAULT NULL,
  `education` varchar(20) DEFAULT NULL,
  `education_schoole` varchar(100) DEFAULT NULL,
  `education_speciality` varchar(100) DEFAULT NULL,
  `family_address` varchar(255) DEFAULT NULL,
  `qq` varchar(50) DEFAULT NULL,
  `weixin` varchar(50) DEFAULT NULL,
  `work_date` varchar(20) DEFAULT NULL,
  `age` varchar(20) DEFAULT NULL,
  `created_time` datetime DEFAULT NULL,
  `last_updated_time` datetime DEFAULT NULL,
  `created_by_user` bigint(20) DEFAULT NULL,
  `last_updated_by_user` bigint(20) DEFAULT NULL,
  PRIMARY KEY (`person_id`),
  KEY `FK_jr7` (`party_id`),
  CONSTRAINT `FK_jr7` FOREIGN KEY (`party_id`) REFERENCES `party` (`party_id`)
) ENGINE=InnoDB AUTO_INCREMENT=18 DEFAULT CHARSET=utf8;
/*!40101 SET character_set_client = @saved_cs_client */;

--
-- Dumping data for table `person`
--

LOCK TABLES `person` WRITE;
/*!40000 ALTER TABLE `person` DISABLE KEYS */;
INSERT INTO `person` VALUES (1,3,'王菲','wf','','2','423','12',NULL,NULL,NULL,NULL,NULL,NULL,NULL,NULL,NULL,NULL,NULL,NULL,NULL,'2015-09-04 00:41:19',NULL,-2),(2,7,'谢霆锋','xtf','','','','',NULL,NULL,NULL,NULL,NULL,NULL,NULL,NULL,NULL,NULL,NULL,NULL,NULL,NULL,NULL,NULL),(3,1135,'sx','sx','','','','','','','','','','','','第三弹','adsf','fw','','',NULL,NULL,NULL,NULL),(4,1136,'sdfg','sdfg','','','','','','','','','sfdg','','','','','','','',NULL,NULL,NULL,NULL),(5,1137,'aaa','aaa','','','','','','','','','','','','','','','','',NULL,NULL,NULL,NULL),(6,1138,'vvvd','vvvd','','','','','','','','','','','','','','','','',NULL,NULL,NULL,NULL),(7,1139,'瓜瓜','gg','','1','4312232324231','','','','','','','','','','233','321','312','',NULL,NULL,NULL,NULL),(8,1140,'系大大','xdd','','','','','','','是大多数噶','','','','','','','','','',NULL,NULL,NULL,NULL),(9,1166,'张奇','zq','','','','','','','阿斯蒂芬','','','','','','','','','',NULL,'2016-03-14 19:24:18',NULL,12),(10,1169,'龙骑','lq','','','3','','','','','1','','','','','','','42','',NULL,'2016-03-14 17:12:19',NULL,12),(11,1170,'瓜瓜','gg','','2','21','22','1','321','123','','123','都是','爱的色放','赛迪顾问','44','433','2','',NULL,NULL,NULL,NULL),(12,1171,'牛牛','nn','','2','33324545443321123344','22334','32','2','32发的','发的','阿萨德','如果如果','哇哇哇哇','而刚刚','3342','4234','222','',NULL,NULL,NULL,NULL),(13,1172,'刘亦菲','lyf','','','','12312','','','','2','','','','','12312','2423','213','231',NULL,NULL,NULL,NULL),(14,1173,'黄晓明','hxm','','','42323423423123124','','','','','','阿道夫','防过热供热个','申达股份多个','','','','','',NULL,NULL,NULL,NULL),(15,1174,'柳儿','le','','女','','1233223','2011.1','','','w','的','','','发生的','212','42321','','',NULL,NULL,NULL,NULL),(16,1175,'李启珍','lqz','','女','','','','','','','','','','','','','','',NULL,NULL,NULL,NULL),(17,1176,'杨颖','yy','','女','','','','','','','','','','','','','','',NULL,NULL,NULL,NULL);
/*!40000 ALTER TABLE `person` ENABLE KEYS */;
UNLOCK TABLES;

--
-- Table structure for table `petition`
--

DROP TABLE IF EXISTS `petition`;
/*!40101 SET @saved_cs_client     = @@character_set_client */;
/*!40101 SET character_set_client = utf8 */;
CREATE TABLE `petition` (
  `petition_id` bigint(20) NOT NULL AUTO_INCREMENT,
  `report_people` varchar(50) DEFAULT NULL,
  `report_dep` varchar(50) DEFAULT NULL,
  `report_status` varchar(50) DEFAULT NULL,
  `report_p_connect` varchar(50) DEFAULT NULL,
  `report_p_num` varchar(20) DEFAULT NULL,
  `report_memo` varchar(255) DEFAULT NULL,
  `report_type` varchar(10) DEFAULT NULL,
  `reported_people` varchar(50) DEFAULT NULL,
  `reported_dep` varchar(50) DEFAULT NULL,
  `reported_status` varchar(50) DEFAULT NULL,
  `reported_memo` varchar(255) DEFAULT NULL,
  `report_method` varchar(10) DEFAULT NULL,
  `accept_name` varchar(30) DEFAULT NULL,
  `accept_time` datetime DEFAULT NULL,
  `expect_end_time` datetime DEFAULT NULL,
  `real_end_time` datetime DEFAULT NULL,
  `report_content` text,
  `accept_content` varchar(255) DEFAULT NULL,
  `leader_content` varchar(255) DEFAULT NULL,
  `status_id` bigint(20) DEFAULT NULL,
  `process_party_id` bigint(20) DEFAULT NULL,
  `created_time` datetime DEFAULT NULL,
  `created_by_user` bigint(20) DEFAULT NULL,
  `last_updated_time` datetime DEFAULT NULL,
  `last_updated_by_user` bigint(20) DEFAULT NULL,
  PRIMARY KEY (`petition_id`)
) ENGINE=InnoDB DEFAULT CHARSET=utf8;
/*!40101 SET character_set_client = @saved_cs_client */;

--
-- Dumping data for table `petition`
--

LOCK TABLES `petition` WRITE;
/*!40000 ALTER TABLE `petition` DISABLE KEYS */;
/*!40000 ALTER TABLE `petition` ENABLE KEYS */;
UNLOCK TABLES;

--
-- Table structure for table `petition_flow`
--

DROP TABLE IF EXISTS `petition_flow`;
/*!40101 SET @saved_cs_client     = @@character_set_client */;
/*!40101 SET character_set_client = utf8 */;
CREATE TABLE `petition_flow` (
  `petition_flow_id` bigint(20) NOT NULL AUTO_INCREMENT,
  `petition_id` bigint(20) DEFAULT NULL,
  `party_id` bigint(20) DEFAULT NULL,
  `svc_id` bigint(20) DEFAULT NULL,
  `memo` varchar(255) DEFAULT NULL,
  `created_time` datetime DEFAULT NULL,
  `created_by_user` bigint(20) DEFAULT NULL,
  PRIMARY KEY (`petition_flow_id`),
  KEY `FK_jr25` (`petition_id`),
  CONSTRAINT `FK_jr25` FOREIGN KEY (`petition_id`) REFERENCES `petition` (`petition_id`)
) ENGINE=InnoDB DEFAULT CHARSET=utf8;
/*!40101 SET character_set_client = @saved_cs_client */;

--
-- Dumping data for table `petition_flow`
--

LOCK TABLES `petition_flow` WRITE;
/*!40000 ALTER TABLE `petition_flow` DISABLE KEYS */;
/*!40000 ALTER TABLE `petition_flow` ENABLE KEYS */;
UNLOCK TABLES;

--
-- Table structure for table `price`
--

DROP TABLE IF EXISTS `price`;
/*!40101 SET @saved_cs_client     = @@character_set_client */;
/*!40101 SET character_set_client = utf8 */;
CREATE TABLE `price` (
  `price_id` bigint(20) NOT NULL AUTO_INCREMENT,
  `product_id` bigint(20) DEFAULT NULL,
  `party_id` bigint(20) DEFAULT NULL,
  `from_date` datetime DEFAULT NULL,
  `thru_date` datetime DEFAULT NULL,
  `price_type` varchar(30) DEFAULT NULL,
  `price` decimal(18,3) DEFAULT NULL,
  `price_uom_id` bigint(20) DEFAULT NULL,
  `created_time` datetime DEFAULT NULL,
  `last_updated_time` datetime DEFAULT NULL,
  `created_by_user` bigint(20) DEFAULT NULL,
  `last_updated_by_user` bigint(20) DEFAULT NULL,
  PRIMARY KEY (`price_id`),
  KEY `FK_jr10` (`product_id`),
  CONSTRAINT `FK_jr10` FOREIGN KEY (`product_id`) REFERENCES `product` (`product_id`)
) ENGINE=InnoDB AUTO_INCREMENT=6 DEFAULT CHARSET=utf8;
/*!40101 SET character_set_client = @saved_cs_client */;

--
-- Dumping data for table `price`
--

LOCK TABLES `price` WRITE;
/*!40000 ALTER TABLE `price` DISABLE KEYS */;
INSERT INTO `price` VALUES (1,1,NULL,NULL,NULL,'1',203.000,NULL,'2015-08-29 14:22:20','2015-09-26 17:59:25',-2,11),(2,2,NULL,NULL,NULL,'1',120.000,NULL,'2015-08-29 14:22:45','2015-09-04 00:46:49',-2,-2),(3,1,5,'2015-08-31 00:00:00',NULL,'2',204.000,NULL,'2015-09-05 23:37:53',NULL,11,NULL),(4,2,6,'2015-09-01 00:00:00',NULL,'2',130.000,NULL,'2015-09-05 23:38:35',NULL,11,NULL),(5,1,5,'2015-10-06 00:00:00',NULL,'2',123.000,NULL,'2015-10-10 10:20:59',NULL,11,NULL);
/*!40000 ALTER TABLE `price` ENABLE KEYS */;
UNLOCK TABLES;

--
-- Table structure for table `product`
--

DROP TABLE IF EXISTS `product`;
/*!40101 SET @saved_cs_client     = @@character_set_client */;
/*!40101 SET character_set_client = utf8 */;
CREATE TABLE `product` (
  `product_id` bigint(20) NOT NULL AUTO_INCREMENT,
  `product_name` varchar(100) DEFAULT NULL,
  `pinyin_name` varchar(50) DEFAULT NULL,
  `weight` decimal(18,2) DEFAULT NULL,
  `stand_uom_id` bigint(20) DEFAULT NULL,
  `created_time` datetime DEFAULT NULL,
  `last_updated_time` datetime DEFAULT NULL,
  `created_by_user` bigint(20) DEFAULT NULL,
  `last_updated_by_user` bigint(20) DEFAULT NULL,
  PRIMARY KEY (`product_id`)
) ENGINE=InnoDB AUTO_INCREMENT=3 DEFAULT CHARSET=utf8;
/*!40101 SET character_set_client = @saved_cs_client */;

--
-- Dumping data for table `product`
--

LOCK TABLES `product` WRITE;
/*!40000 ALTER TABLE `product` DISABLE KEYS */;
INSERT INTO `product` VALUES (1,'芥兰','jl',21.00,1,NULL,NULL,NULL,NULL),(2,'奶白菜','nbc',40.00,1,NULL,NULL,NULL,NULL);
/*!40000 ALTER TABLE `product` ENABLE KEYS */;
UNLOCK TABLES;

--
-- Table structure for table `reap_dtl`
--

DROP TABLE IF EXISTS `reap_dtl`;
/*!40101 SET @saved_cs_client     = @@character_set_client */;
/*!40101 SET character_set_client = utf8 */;
CREATE TABLE `reap_dtl` (
  `reap_dtl_id` bigint(20) NOT NULL AUTO_INCREMENT,
  `reap_party_id` bigint(20) DEFAULT NULL,
  `reap_for_party_id` bigint(20) DEFAULT NULL,
  `product_id` bigint(20) DEFAULT NULL,
  `num` decimal(13,2) DEFAULT NULL,
  `uom_id` bigint(20) DEFAULT NULL,
  `reap_date` date DEFAULT NULL,
  `created_time` datetime DEFAULT NULL,
  `last_updated_time` datetime DEFAULT NULL,
  `created_by_user` bigint(20) DEFAULT NULL,
  `last_updated_by_user` bigint(20) DEFAULT NULL,
  PRIMARY KEY (`reap_dtl_id`)
) ENGINE=InnoDB DEFAULT CHARSET=utf8;
/*!40101 SET character_set_client = @saved_cs_client */;

--
-- Dumping data for table `reap_dtl`
--

LOCK TABLES `reap_dtl` WRITE;
/*!40000 ALTER TABLE `reap_dtl` DISABLE KEYS */;
/*!40000 ALTER TABLE `reap_dtl` ENABLE KEYS */;
UNLOCK TABLES;

--
-- Table structure for table `role`
--

DROP TABLE IF EXISTS `role`;
/*!40101 SET @saved_cs_client     = @@character_set_client */;
/*!40101 SET character_set_client = utf8 */;
CREATE TABLE `role` (
  `id` bigint(20) NOT NULL AUTO_INCREMENT,
  `description` varchar(64) DEFAULT NULL,
  `name` varchar(20) DEFAULT NULL,
  PRIMARY KEY (`id`)
) ENGINE=InnoDB AUTO_INCREMENT=3 DEFAULT CHARSET=utf8;
/*!40101 SET character_set_client = @saved_cs_client */;

--
-- Dumping data for table `role`
--

LOCK TABLES `role` WRITE;
/*!40000 ALTER TABLE `role` DISABLE KEYS */;
INSERT INTO `role` VALUES (-2,'Default role for all Users','ROLE_USER'),(-1,'Administrator role (can edit Users)','ROLE_ADMIN'),(1,'党群管理员','ROLE_CP_ADMIN'),(2,'党群操作员','ROLE_CP_USER');
/*!40000 ALTER TABLE `role` ENABLE KEYS */;
UNLOCK TABLES;

--
-- Table structure for table `role_type`
--

DROP TABLE IF EXISTS `role_type`;
/*!40101 SET @saved_cs_client     = @@character_set_client */;
/*!40101 SET character_set_client = utf8 */;
CREATE TABLE `role_type` (
  `role_type_id` bigint(20) NOT NULL AUTO_INCREMENT,
  `parent_id` bigint(20) DEFAULT NULL,
  `has_table` int(11) DEFAULT NULL,
  `description` varchar(255) DEFAULT NULL,
  `created_time` datetime DEFAULT NULL,
  `last_updated_time` datetime DEFAULT NULL,
  `created_by_user` bigint(20) DEFAULT NULL,
  `last_updated_by_user` bigint(20) DEFAULT NULL,
  PRIMARY KEY (`role_type_id`)
) ENGINE=InnoDB AUTO_INCREMENT=8 DEFAULT CHARSET=utf8;
/*!40101 SET character_set_client = @saved_cs_client */;

--
-- Dumping data for table `role_type`
--

LOCK TABLES `role_type` WRITE;
/*!40000 ALTER TABLE `role_type` DISABLE KEYS */;
INSERT INTO `role_type` VALUES (1,NULL,NULL,'组织构架成员',NULL,NULL,NULL,NULL),(2,NULL,NULL,'党委支部','2016-02-24 15:43:31',NULL,-2,NULL),(3,1,NULL,'村支书','2016-02-28 12:34:05',NULL,-2,NULL),(4,1,NULL,'村委主任','2016-02-28 12:34:21',NULL,-2,NULL),(5,1,NULL,'第一书记','2016-02-28 12:34:32',NULL,-2,NULL),(6,NULL,NULL,'行政单位','2016-03-02 00:00:00','2016-03-07 11:13:22',-2,10),(7,NULL,NULL,'1','2016-03-07 16:06:55','2016-03-07 16:07:21',10,10);
/*!40000 ALTER TABLE `role_type` ENABLE KEYS */;
UNLOCK TABLES;

--
-- Table structure for table `sale_plan`
--

DROP TABLE IF EXISTS `sale_plan`;
/*!40101 SET @saved_cs_client     = @@character_set_client */;
/*!40101 SET character_set_client = utf8 */;
CREATE TABLE `sale_plan` (
  `sale_plan_id` bigint(20) NOT NULL AUTO_INCREMENT,
  `facility_id` bigint(20) DEFAULT NULL,
  `plan_name` varchar(50) DEFAULT NULL,
  `date` date DEFAULT NULL,
  `memo` varchar(255) DEFAULT NULL,
  `status_id` bigint(20) DEFAULT NULL,
  `created_time` datetime DEFAULT NULL,
  `last_updated_time` datetime DEFAULT NULL,
  `created_by_user` bigint(20) DEFAULT NULL,
  `last_updated_by_user` bigint(20) DEFAULT NULL,
  PRIMARY KEY (`sale_plan_id`)
) ENGINE=InnoDB AUTO_INCREMENT=13 DEFAULT CHARSET=utf8;
/*!40101 SET character_set_client = @saved_cs_client */;

--
-- Dumping data for table `sale_plan`
--

LOCK TABLES `sale_plan` WRITE;
/*!40000 ALTER TABLE `sale_plan` DISABLE KEYS */;
INSERT INTO `sale_plan` VALUES (7,2,'','2015-09-03','',2,'2015-09-07 11:17:32','2015-09-07 18:15:02',11,11),(8,2,'','2015-09-11','12',2,'2015-09-11 14:22:27','2015-09-21 15:52:55',11,11),(9,2,'','2015-09-22','',2,'2015-09-21 15:32:36','2015-09-21 15:49:49',11,11),(10,2,'','2015-09-23','ssdf',2,'2015-09-21 15:54:03','2015-09-21 15:55:04',11,11),(11,2,'','2015-09-24','',2,'2015-09-21 15:57:37','2015-09-21 15:57:59',11,11),(12,2,'','2015-09-25','',2,'2015-09-21 16:01:54','2015-09-21 16:02:10',11,11);
/*!40000 ALTER TABLE `sale_plan` ENABLE KEYS */;
UNLOCK TABLES;

--
-- Table structure for table `sale_plan_dtl`
--

DROP TABLE IF EXISTS `sale_plan_dtl`;
/*!40101 SET @saved_cs_client     = @@character_set_client */;
/*!40101 SET character_set_client = utf8 */;
CREATE TABLE `sale_plan_dtl` (
  `sale_plan_dtl_id` bigint(20) NOT NULL AUTO_INCREMENT,
  `sale_plan_id` bigint(20) DEFAULT NULL,
  `facility_id_from` bigint(20) DEFAULT NULL,
  `facility_id_to` bigint(20) DEFAULT NULL,
  `to_sequence_id` int(11) DEFAULT NULL,
  `product_id` bigint(20) DEFAULT NULL,
  `num` decimal(13,2) DEFAULT NULL,
  `uom_id` bigint(20) DEFAULT NULL,
  `created_time` datetime DEFAULT NULL,
  `last_updated_time` datetime DEFAULT NULL,
  `created_by_user` bigint(20) DEFAULT NULL,
  `last_updated_by_user` bigint(20) DEFAULT NULL,
  PRIMARY KEY (`sale_plan_dtl_id`),
  KEY `FK_jr14` (`sale_plan_id`),
  CONSTRAINT `FK_jr14` FOREIGN KEY (`sale_plan_id`) REFERENCES `sale_plan` (`sale_plan_id`)
) ENGINE=InnoDB AUTO_INCREMENT=25 DEFAULT CHARSET=utf8;
/*!40101 SET character_set_client = @saved_cs_client */;

--
-- Dumping data for table `sale_plan_dtl`
--

LOCK TABLES `sale_plan_dtl` WRITE;
/*!40000 ALTER TABLE `sale_plan_dtl` DISABLE KEYS */;
INSERT INTO `sale_plan_dtl` VALUES (1,7,2,3,0,1,12.00,NULL,'2015-09-07 11:17:32','2015-09-07 16:16:38',11,11),(2,7,2,4,1,1,0.00,NULL,'2015-09-07 11:17:32',NULL,11,NULL),(3,7,2,3,0,2,20.00,NULL,'2015-09-07 11:17:32','2015-09-07 16:16:17',11,11),(4,7,2,4,1,2,0.00,NULL,'2015-09-07 11:17:32',NULL,11,NULL),(5,8,2,3,0,1,1.00,NULL,'2015-09-11 14:22:27','2015-09-11 14:26:19',11,11),(6,8,2,4,1,1,22.00,NULL,'2015-09-11 14:22:27','2015-09-11 14:26:09',11,11),(7,8,2,3,0,2,10.50,NULL,'2015-09-11 14:22:27',NULL,11,NULL),(8,8,2,4,1,2,10.50,NULL,'2015-09-11 14:22:27',NULL,11,NULL),(9,9,2,3,0,1,11.00,NULL,'2015-09-21 15:32:36','2015-09-21 15:34:31',11,11),(10,9,2,4,1,1,12.00,NULL,'2015-09-21 15:32:36','2015-09-21 15:34:25',11,11),(11,9,2,3,0,2,1.00,NULL,'2015-09-21 15:32:36','2015-09-21 15:34:04',11,11),(12,9,2,4,1,2,20.00,NULL,'2015-09-21 15:32:36','2015-09-21 15:33:59',11,11),(13,10,2,3,0,1,15.00,NULL,'2015-09-21 15:54:03','2015-09-21 15:54:26',11,11),(14,10,2,4,1,1,8.00,NULL,'2015-09-21 15:54:03','2015-09-21 15:54:44',11,11),(15,10,2,3,0,2,2.00,NULL,'2015-09-21 15:54:03','2015-09-21 15:54:11',11,11),(16,10,2,4,1,2,19.00,NULL,'2015-09-21 15:54:03','2015-09-21 15:54:20',11,11),(17,11,2,3,0,1,11.50,NULL,'2015-09-21 15:57:37',NULL,11,NULL),(18,11,2,4,1,1,11.50,NULL,'2015-09-21 15:57:37',NULL,11,NULL),(19,11,2,3,0,2,10.50,NULL,'2015-09-21 15:57:37',NULL,11,NULL),(20,11,2,4,1,2,10.50,NULL,'2015-09-21 15:57:37',NULL,11,NULL),(21,12,2,3,0,1,11.50,NULL,'2015-09-21 16:01:54',NULL,11,NULL),(22,12,2,4,1,1,11.50,NULL,'2015-09-21 16:01:54',NULL,11,NULL),(23,12,2,3,0,2,10.50,NULL,'2015-09-21 16:01:54',NULL,11,NULL),(24,12,2,4,1,2,10.50,NULL,'2015-09-21 16:01:54',NULL,11,NULL);
/*!40000 ALTER TABLE `sale_plan_dtl` ENABLE KEYS */;
UNLOCK TABLES;

--
-- Table structure for table `ship_car`
--

DROP TABLE IF EXISTS `ship_car`;
/*!40101 SET @saved_cs_client     = @@character_set_client */;
/*!40101 SET character_set_client = utf8 */;
CREATE TABLE `ship_car` (
  `ship_car_id` bigint(20) NOT NULL AUTO_INCREMENT,
  `car_card_id` varchar(30) DEFAULT NULL,
  `con_name` varchar(30) DEFAULT NULL,
  `con_phone` varchar(20) DEFAULT NULL,
  `type_name` varchar(30) DEFAULT NULL,
  `load_weight` varchar(30) DEFAULT NULL,
  PRIMARY KEY (`ship_car_id`)
) ENGINE=InnoDB AUTO_INCREMENT=3 DEFAULT CHARSET=utf8;
/*!40101 SET character_set_client = @saved_cs_client */;

--
-- Dumping data for table `ship_car`
--

LOCK TABLES `ship_car` WRITE;
/*!40000 ALTER TABLE `ship_car` DISABLE KEYS */;
INSERT INTO `ship_car` VALUES (1,'豫N FK111','贷款的可','1213123','123','1110'),(2,'豫A FK111','复苏','钱23','32','323223');
/*!40000 ALTER TABLE `ship_car` ENABLE KEYS */;
UNLOCK TABLES;

--
-- Table structure for table `shipment`
--

DROP TABLE IF EXISTS `shipment`;
/*!40101 SET @saved_cs_client     = @@character_set_client */;
/*!40101 SET character_set_client = utf8 */;
CREATE TABLE `shipment` (
  `shipment_id` bigint(20) NOT NULL AUTO_INCREMENT,
  `sale_plan_id` bigint(20) DEFAULT NULL,
  `ship_car_id` bigint(20) DEFAULT NULL,
  `facility_id_from` bigint(20) DEFAULT NULL,
  `facility_id_to` bigint(20) DEFAULT NULL,
  `product_id` bigint(20) DEFAULT NULL,
  `num` decimal(13,2) DEFAULT NULL,
  `uom_id` bigint(20) DEFAULT NULL,
  `ship_date` date DEFAULT NULL,
  `created_time` datetime DEFAULT NULL,
  `last_updated_time` datetime DEFAULT NULL,
  `created_by_user` bigint(20) DEFAULT NULL,
  `last_updated_by_user` bigint(20) DEFAULT NULL,
  PRIMARY KEY (`shipment_id`),
  KEY `FK_jr13` (`sale_plan_id`),
  KEY `FK_jr15` (`ship_car_id`),
  CONSTRAINT `FK_jr13` FOREIGN KEY (`sale_plan_id`) REFERENCES `sale_plan` (`sale_plan_id`),
  CONSTRAINT `FK_jr15` FOREIGN KEY (`ship_car_id`) REFERENCES `ship_car` (`ship_car_id`)
) ENGINE=InnoDB AUTO_INCREMENT=34 DEFAULT CHARSET=utf8;
/*!40101 SET character_set_client = @saved_cs_client */;

--
-- Dumping data for table `shipment`
--

LOCK TABLES `shipment` WRITE;
/*!40000 ALTER TABLE `shipment` DISABLE KEYS */;
INSERT INTO `shipment` VALUES (1,7,NULL,2,3,1,12.00,NULL,'2015-09-08','2015-09-07 11:17:32','2015-09-07 16:16:38',11,11),(2,7,2,2,4,1,12.00,NULL,'2015-09-08','2015-09-07 11:17:32','2015-09-07 17:53:25',11,11),(3,7,NULL,2,3,2,23.00,NULL,'2015-09-08','2015-09-07 11:17:32','2015-09-07 17:26:24',11,11),(4,7,NULL,2,4,2,13.00,NULL,'2015-09-08','2015-09-07 11:17:32','2015-09-07 17:26:30',11,11),(5,8,NULL,2,3,1,1.00,NULL,'2015-09-21','2015-09-11 14:22:27','2015-09-11 14:26:19',11,11),(6,8,NULL,2,4,1,22.00,NULL,'2015-09-21','2015-09-11 14:22:27','2015-09-11 14:26:09',11,11),(7,8,NULL,2,3,2,10.50,NULL,'2015-09-21','2015-09-11 14:22:27',NULL,11,NULL),(8,8,NULL,2,4,2,10.50,NULL,'2015-09-21','2015-09-11 14:22:27',NULL,11,NULL),(9,9,1,2,3,1,11.00,NULL,'2015-09-21','2015-09-21 15:32:36','2015-09-21 15:49:38',11,11),(10,9,1,2,4,1,12.00,NULL,'2015-09-21','2015-09-21 15:32:36','2015-09-21 15:49:46',11,11),(11,9,1,2,3,2,1.00,NULL,'2015-09-21','2015-09-21 15:32:36','2015-09-21 15:49:41',11,11),(12,9,1,2,4,2,20.00,NULL,'2015-09-21','2015-09-21 15:32:36','2015-09-21 15:49:44',11,11),(16,10,NULL,2,3,1,15.00,NULL,'2015-09-21','2015-09-21 15:54:03','2015-09-21 15:54:26',11,11),(17,10,NULL,2,4,1,8.00,NULL,'2015-09-21','2015-09-21 15:54:03','2015-09-21 15:54:44',11,11),(18,10,NULL,2,3,2,2.00,NULL,'2015-09-21','2015-09-21 15:54:03','2015-09-21 15:54:11',11,11),(19,10,NULL,2,4,2,19.00,NULL,'2015-09-21','2015-09-21 15:54:03','2015-09-21 15:54:20',11,11),(23,11,NULL,2,3,1,11.50,NULL,'2015-09-21','2015-09-21 15:57:37',NULL,11,NULL),(24,11,NULL,2,4,1,11.50,NULL,'2015-09-21','2015-09-21 15:57:37',NULL,11,NULL),(25,11,NULL,2,3,2,10.50,NULL,'2015-09-21','2015-09-21 15:57:37',NULL,11,NULL),(26,11,NULL,2,4,2,10.50,NULL,'2015-09-21','2015-09-21 15:57:37',NULL,11,NULL),(30,12,NULL,2,3,1,11.50,NULL,'2015-09-21','2015-09-21 16:01:54',NULL,11,NULL),(31,12,NULL,2,4,1,11.50,NULL,'2015-09-21','2015-09-21 16:01:54',NULL,11,NULL),(32,12,NULL,2,3,2,10.50,NULL,'2015-09-21','2015-09-21 16:01:54',NULL,11,NULL),(33,12,NULL,2,4,2,10.50,NULL,'2015-09-21','2015-09-21 16:01:54',NULL,11,NULL);
/*!40000 ALTER TABLE `shipment` ENABLE KEYS */;
UNLOCK TABLES;

--
-- Table structure for table `status_item`
--

DROP TABLE IF EXISTS `status_item`;
/*!40101 SET @saved_cs_client     = @@character_set_client */;
/*!40101 SET character_set_client = utf8 */;
CREATE TABLE `status_item` (
  `status_id` bigint(20) NOT NULL AUTO_INCREMENT,
  `status_type_id` bigint(20) DEFAULT NULL,
  `status_code` varchar(20) DEFAULT NULL,
  `sequence_id` int(11) DEFAULT NULL,
  `description` varchar(30) DEFAULT NULL,
  `created_time` datetime DEFAULT NULL,
  `last_updated_time` datetime DEFAULT NULL,
  `created_by_user` bigint(20) DEFAULT NULL,
  `last_updated_by_user` bigint(20) DEFAULT NULL,
  PRIMARY KEY (`status_id`),
  KEY `FK_jr2` (`status_type_id`),
  CONSTRAINT `FK_jr2` FOREIGN KEY (`status_type_id`) REFERENCES `status_type` (`status_type_id`)
) ENGINE=InnoDB AUTO_INCREMENT=7 DEFAULT CHARSET=utf8;
/*!40101 SET character_set_client = @saved_cs_client */;

--
-- Dumping data for table `status_item`
--

LOCK TABLES `status_item` WRITE;
/*!40000 ALTER TABLE `status_item` DISABLE KEYS */;
INSERT INTO `status_item` VALUES (1,1,'',NULL,'未出库','2015-09-06 11:55:12',NULL,11,NULL),(2,1,'',NULL,'已出库','2015-09-06 11:55:23',NULL,11,NULL),(3,2,'',1,'已受理','2016-03-26 22:52:42','2016-03-26 22:54:55',-2,-2),(4,2,'',2,'分发至处理部门','2016-03-26 22:53:17','2016-03-26 22:53:47',-2,-2),(5,2,'',3,'正在处理','2016-03-26 22:53:59',NULL,-2,NULL),(6,2,'',4,'已办结','2016-03-26 22:54:16',NULL,-2,NULL);
/*!40000 ALTER TABLE `status_item` ENABLE KEYS */;
UNLOCK TABLES;

--
-- Table structure for table `status_type`
--

DROP TABLE IF EXISTS `status_type`;
/*!40101 SET @saved_cs_client     = @@character_set_client */;
/*!40101 SET character_set_client = utf8 */;
CREATE TABLE `status_type` (
  `status_type_id` bigint(20) NOT NULL AUTO_INCREMENT,
  `parent_id` bigint(20) DEFAULT NULL,
  `has_table` int(11) DEFAULT NULL,
  `description` varchar(30) DEFAULT NULL,
  `sequence_id` int(11) DEFAULT NULL,
  `created_time` datetime DEFAULT NULL,
  `last_updated_time` datetime DEFAULT NULL,
  `created_by_user` bigint(20) DEFAULT NULL,
  `last_updated_by_user` bigint(20) DEFAULT NULL,
  PRIMARY KEY (`status_type_id`)
) ENGINE=InnoDB AUTO_INCREMENT=3 DEFAULT CHARSET=utf8;
/*!40101 SET character_set_client = @saved_cs_client */;

--
-- Dumping data for table `status_type`
--

LOCK TABLES `status_type` WRITE;
/*!40000 ALTER TABLE `status_type` DISABLE KEYS */;
INSERT INTO `status_type` VALUES (1,NULL,NULL,'出库计划状态',NULL,'2015-09-06 11:54:48',NULL,11,NULL),(2,NULL,NULL,'信访处理状态',NULL,'2016-03-26 22:52:25',NULL,-2,NULL);
/*!40000 ALTER TABLE `status_type` ENABLE KEYS */;
UNLOCK TABLES;

--
-- Table structure for table `status_valid_change`
--

DROP TABLE IF EXISTS `status_valid_change`;
/*!40101 SET @saved_cs_client     = @@character_set_client */;
/*!40101 SET character_set_client = utf8 */;
CREATE TABLE `status_valid_change` (
  `svc_id` bigint(20) NOT NULL AUTO_INCREMENT,
  `status_id_from` bigint(20) DEFAULT NULL,
  `status_id_to` bigint(20) DEFAULT NULL,
  `condition_expression` varchar(30) DEFAULT NULL,
  `transition_name` varchar(30) DEFAULT NULL,
  `created_time` datetime DEFAULT NULL,
  `last_updated_time` datetime DEFAULT NULL,
  `created_by_user` bigint(20) DEFAULT NULL,
  `last_updated_by_user` bigint(20) DEFAULT NULL,
  PRIMARY KEY (`svc_id`)
) ENGINE=InnoDB AUTO_INCREMENT=7 DEFAULT CHARSET=utf8;
/*!40101 SET character_set_client = @saved_cs_client */;

--
-- Dumping data for table `status_valid_change`
--

LOCK TABLES `status_valid_change` WRITE;
/*!40000 ALTER TABLE `status_valid_change` DISABLE KEYS */;
INSERT INTO `status_valid_change` VALUES (3,3,3,'','信访受理','2016-03-26 22:56:18',NULL,-2,NULL),(4,3,4,'','信访分发','2016-03-26 22:57:38',NULL,-2,NULL),(5,4,5,'','接收处理','2016-03-26 22:58:14',NULL,-2,NULL),(6,5,6,'','处理完毕','2016-03-26 22:58:26',NULL,-2,NULL);
/*!40000 ALTER TABLE `status_valid_change` ENABLE KEYS */;
UNLOCK TABLES;

--
-- Table structure for table `tb_care_people`
--

DROP TABLE IF EXISTS `tb_care_people`;
/*!40101 SET @saved_cs_client     = @@character_set_client */;
/*!40101 SET character_set_client = utf8 */;
CREATE TABLE `tb_care_people` (
  `people_id` bigint(20) NOT NULL AUTO_INCREMENT,
  `department_id` bigint(20) DEFAULT NULL,
  `people_name` varchar(30) DEFAULT NULL,
  `gender` varchar(10) DEFAULT NULL,
  `nation` varchar(20) DEFAULT NULL,
  `party_type` varchar(20) DEFAULT NULL,
  `party_status` varchar(20) DEFAULT NULL,
  `birthday` varchar(20) DEFAULT NULL,
  `id_card` varchar(20) DEFAULT NULL,
  `job` varchar(30) DEFAULT NULL,
  `address` varchar(255) DEFAULT NULL,
  `pension_insurance` varchar(30) DEFAULT NULL,
  `created_time` datetime DEFAULT NULL,
  `created_by_user` bigint(20) DEFAULT NULL,
  `last_updated_time` datetime DEFAULT NULL,
  `last_updated_by_user` bigint(20) DEFAULT NULL,
  PRIMARY KEY (`people_id`)
) ENGINE=InnoDB AUTO_INCREMENT=3 DEFAULT CHARSET=utf8;
/*!40101 SET character_set_client = @saved_cs_client */;

--
-- Dumping data for table `tb_care_people`
--

LOCK TABLES `tb_care_people` WRITE;
/*!40000 ALTER TABLE `tb_care_people` DISABLE KEYS */;
INSERT INTO `tb_care_people` VALUES (1,18,'wangxiaoer','男','汉','党员','正常','','','2','','已参保',NULL,NULL,NULL,NULL),(2,1,'西门吹雪碧','男','汉','党员','正常','','3212','','','已参保',NULL,NULL,NULL,NULL);
/*!40000 ALTER TABLE `tb_care_people` ENABLE KEYS */;
UNLOCK TABLES;

--
-- Table structure for table `tb_people_care`
--

DROP TABLE IF EXISTS `tb_people_care`;
/*!40101 SET @saved_cs_client     = @@character_set_client */;
/*!40101 SET character_set_client = utf8 */;
CREATE TABLE `tb_people_care` (
  `care_id` bigint(20) NOT NULL AUTO_INCREMENT,
  `people_id` bigint(20) DEFAULT NULL,
  `enum_id` bigint(20) DEFAULT NULL,
  `created_time` datetime DEFAULT NULL,
  `created_by_user` bigint(20) DEFAULT NULL,
  PRIMARY KEY (`care_id`),
  KEY `FK_jr17` (`people_id`),
  KEY `FK_jr18` (`enum_id`),
  CONSTRAINT `FK_jr17` FOREIGN KEY (`people_id`) REFERENCES `tb_care_people` (`people_id`),
  CONSTRAINT `FK_jr18` FOREIGN KEY (`enum_id`) REFERENCES `enumeration` (`enum_id`)
) ENGINE=InnoDB AUTO_INCREMENT=6 DEFAULT CHARSET=utf8;
/*!40101 SET character_set_client = @saved_cs_client */;

--
-- Dumping data for table `tb_people_care`
--

LOCK TABLES `tb_people_care` WRITE;
/*!40000 ALTER TABLE `tb_people_care` DISABLE KEYS */;
INSERT INTO `tb_people_care` VALUES (2,1,15,'2016-03-04 12:39:47',-2),(3,1,10,'2016-03-04 12:39:52',-2),(4,2,16,'2016-03-07 00:09:40',10),(5,2,17,'2016-03-07 00:09:45',10);
/*!40000 ALTER TABLE `tb_people_care` ENABLE KEYS */;
UNLOCK TABLES;

--
-- Table structure for table `tb_provide`
--

DROP TABLE IF EXISTS `tb_provide`;
/*!40101 SET @saved_cs_client     = @@character_set_client */;
/*!40101 SET character_set_client = utf8 */;
CREATE TABLE `tb_provide` (
  `provide_id` bigint(20) NOT NULL AUTO_INCREMENT,
  `department_id` bigint(20) DEFAULT NULL,
  `provide_name` varchar(50) DEFAULT NULL,
  `provide_date` datetime DEFAULT NULL,
  `provide_sum` decimal(18,2) DEFAULT NULL,
  `valid_flag` int(11) DEFAULT NULL,
  `created_time` datetime DEFAULT NULL,
  `created_by_user` bigint(20) DEFAULT NULL,
  `last_updated_time` datetime DEFAULT NULL,
  `last_updated_by_user` bigint(20) DEFAULT NULL,
  PRIMARY KEY (`provide_id`)
) ENGINE=InnoDB AUTO_INCREMENT=5 DEFAULT CHARSET=utf8;
/*!40101 SET character_set_client = @saved_cs_client */;

--
-- Dumping data for table `tb_provide`
--

LOCK TABLES `tb_provide` WRITE;
/*!40000 ALTER TABLE `tb_provide` DISABLE KEYS */;
INSERT INTO `tb_provide` VALUES (4,1,'尉氏县--2016年03月--五保/集中供养/800','2016-03-07 00:00:00',800.00,1,'2016-03-07 00:17:44',10,'2016-03-07 01:18:30',10);
/*!40000 ALTER TABLE `tb_provide` ENABLE KEYS */;
UNLOCK TABLES;

--
-- Table structure for table `tb_provide_dtl`
--

DROP TABLE IF EXISTS `tb_provide_dtl`;
/*!40101 SET @saved_cs_client     = @@character_set_client */;
/*!40101 SET character_set_client = utf8 */;
CREATE TABLE `tb_provide_dtl` (
  `provide_dtl_id` bigint(20) NOT NULL AUTO_INCREMENT,
  `people_id` bigint(20) DEFAULT NULL,
  `enum_id` bigint(20) DEFAULT NULL,
  `provide_id` bigint(20) DEFAULT NULL,
  `provide_money` decimal(20,2) DEFAULT NULL,
  `valid_flag` int(11) DEFAULT NULL,
  `created_time` datetime DEFAULT NULL,
  `created_by_user` bigint(20) DEFAULT NULL,
  `last_updated_time` datetime DEFAULT NULL,
  `last_updated_by_user` bigint(20) DEFAULT NULL,
  PRIMARY KEY (`provide_dtl_id`),
  KEY `FK_jr19` (`people_id`),
  KEY `FK_jr20` (`enum_id`),
  KEY `FK_jr21` (`provide_id`),
  CONSTRAINT `FK_jr19` FOREIGN KEY (`people_id`) REFERENCES `tb_care_people` (`people_id`),
  CONSTRAINT `FK_jr20` FOREIGN KEY (`enum_id`) REFERENCES `enumeration` (`enum_id`),
  CONSTRAINT `FK_jr21` FOREIGN KEY (`provide_id`) REFERENCES `tb_provide` (`provide_id`)
) ENGINE=InnoDB AUTO_INCREMENT=2 DEFAULT CHARSET=utf8;
/*!40101 SET character_set_client = @saved_cs_client */;

--
-- Dumping data for table `tb_provide_dtl`
--

LOCK TABLES `tb_provide_dtl` WRITE;
/*!40000 ALTER TABLE `tb_provide_dtl` DISABLE KEYS */;
INSERT INTO `tb_provide_dtl` VALUES (1,2,16,4,800.00,1,'2016-03-07 12:17:44',10,'2016-03-07 01:18:30',10);
/*!40000 ALTER TABLE `tb_provide_dtl` ENABLE KEYS */;
UNLOCK TABLES;

--
-- Table structure for table `tz_dhbz`
--

DROP TABLE IF EXISTS `tz_dhbz`;
/*!40101 SET @saved_cs_client     = @@character_set_client */;
/*!40101 SET character_set_client = utf8 */;
CREATE TABLE `tz_dhbz` (
  `dhbz_id` bigint(20) NOT NULL AUTO_INCREMENT,
  `tz_date` varchar(20) DEFAULT NULL,
  `group_party_id` bigint(20) DEFAULT NULL,
  `created_time` datetime DEFAULT NULL,
  `created_by_user` bigint(20) DEFAULT NULL,
  `last_updated_time` datetime DEFAULT NULL,
  `last_updated_by_user` bigint(20) DEFAULT NULL,
  `zdzzsh_time` varchar(20) DEFAULT NULL,
  `zdzzhy_name` varchar(255) DEFAULT NULL,
  `hbgb_num` varchar(20) DEFAULT NULL,
  `bdfs` varchar(255) DEFAULT NULL,
  `pyjjfz_num` varchar(20) DEFAULT NULL,
  `pyjjfz_name` varchar(255) DEFAULT NULL,
  PRIMARY KEY (`dhbz_id`)
) ENGINE=InnoDB AUTO_INCREMENT=2 DEFAULT CHARSET=utf8;
/*!40101 SET character_set_client = @saved_cs_client */;

--
-- Dumping data for table `tz_dhbz`
--

LOCK TABLES `tz_dhbz` WRITE;
/*!40000 ALTER TABLE `tz_dhbz` DISABLE KEYS */;
INSERT INTO `tz_dhbz` VALUES (1,'2016-03',151,'2016-03-14 00:16:28',12,NULL,NULL,'2016-2-3','哇咔咔','12','很好的方式哦','44','张晓而 王大话 李牛叉');
/*!40000 ALTER TABLE `tz_dhbz` ENABLE KEYS */;
UNLOCK TABLES;

--
-- Table structure for table `tz_dyzth`
--

DROP TABLE IF EXISTS `tz_dyzth`;
/*!40101 SET @saved_cs_client     = @@character_set_client */;
/*!40101 SET character_set_client = utf8 */;
CREATE TABLE `tz_dyzth` (
  `dyzth_id` bigint(20) NOT NULL AUTO_INCREMENT,
  `tz_date` varchar(20) DEFAULT NULL,
  `group_party_id` bigint(20) DEFAULT NULL,
  `created_time` datetime DEFAULT NULL,
  `created_by_user` bigint(20) DEFAULT NULL,
  `last_updated_time` datetime DEFAULT NULL,
  `last_updated_by_user` bigint(20) DEFAULT NULL,
  `hy_date` varchar(20) DEFAULT NULL,
  `address` varchar(255) DEFAULT NULL,
  `content` varchar(2000) DEFAULT NULL,
  PRIMARY KEY (`dyzth_id`)
) ENGINE=InnoDB AUTO_INCREMENT=3 DEFAULT CHARSET=utf8;
/*!40101 SET character_set_client = @saved_cs_client */;

--
-- Dumping data for table `tz_dyzth`
--

LOCK TABLES `tz_dyzth` WRITE;
/*!40000 ALTER TABLE `tz_dyzth` DISABLE KEYS */;
INSERT INTO `tz_dyzth` VALUES (1,'2016-03',1,'2016-03-13 20:35:42',10,'2016-03-13 20:35:49',10,NULL,'asdf','gedsafasdg\r\nwgegdsagfwg\r\ngeadsg'),(2,'2016-03',151,'2016-03-14 00:15:43',12,NULL,NULL,NULL,'尉氏县的神马地方呢','卡哥会来风急死啊烦');
/*!40000 ALTER TABLE `tz_dyzth` ENABLE KEYS */;
UNLOCK TABLES;

--
-- Table structure for table `tz_fwqz`
--

DROP TABLE IF EXISTS `tz_fwqz`;
/*!40101 SET @saved_cs_client     = @@character_set_client */;
/*!40101 SET character_set_client = utf8 */;
CREATE TABLE `tz_fwqz` (
  `fwqz_id` bigint(20) NOT NULL AUTO_INCREMENT,
  `tz_date` varchar(20) DEFAULT NULL,
  `group_party_id` bigint(20) DEFAULT NULL,
  `created_time` datetime DEFAULT NULL,
  `created_by_user` bigint(20) DEFAULT NULL,
  `last_updated_time` datetime DEFAULT NULL,
  `last_updated_by_user` bigint(20) DEFAULT NULL,
  `jjsjkn_num` varchar(20) DEFAULT NULL,
  `jjsjkn_problem` varchar(255) DEFAULT NULL,
  `jsjcss_num` varchar(20) DEFAULT NULL,
  `jsjcss_dtl` varchar(255) DEFAULT NULL,
  `bmfuxx_is_show` varchar(20) DEFAULT NULL,
  `bmfuxx_show_type` varchar(255) DEFAULT NULL,
  PRIMARY KEY (`fwqz_id`)
) ENGINE=InnoDB AUTO_INCREMENT=2 DEFAULT CHARSET=utf8;
/*!40101 SET character_set_client = @saved_cs_client */;

--
-- Dumping data for table `tz_fwqz`
--

LOCK TABLES `tz_fwqz` WRITE;
/*!40000 ALTER TABLE `tz_fwqz` DISABLE KEYS */;
INSERT INTO `tz_fwqz` VALUES (1,'2016-03',151,'2016-03-14 00:18:23',12,NULL,NULL,'22','阿萨德嘎的撒发生 偷鸡摸狗的情况','啊伤','没啥设施adsasdg','s','asdfwfwwaf');
/*!40000 ALTER TABLE `tz_fwqz` ENABLE KEYS */;
UNLOCK TABLES;

--
-- Table structure for table `tz_gfmz`
--

DROP TABLE IF EXISTS `tz_gfmz`;
/*!40101 SET @saved_cs_client     = @@character_set_client */;
/*!40101 SET character_set_client = utf8 */;
CREATE TABLE `tz_gfmz` (
  `gfmz_id` bigint(20) NOT NULL AUTO_INCREMENT,
  `tz_date` varchar(20) DEFAULT NULL,
  `group_party_id` bigint(20) DEFAULT NULL,
  `created_time` datetime DEFAULT NULL,
  `created_by_user` bigint(20) DEFAULT NULL,
  `last_updated_time` datetime DEFAULT NULL,
  `last_updated_by_user` bigint(20) DEFAULT NULL,
  `sylhgk_times` varchar(20) DEFAULT NULL,
  `sylhgk_dtl` varchar(255) DEFAULT NULL,
  `dyzhfwz_times` varchar(20) DEFAULT NULL,
  `dyzhfwz_dtl` varchar(255) DEFAULT NULL,
  `szgs_num` varchar(20) DEFAULT NULL,
  `szgs_time` varchar(20) DEFAULT NULL,
  PRIMARY KEY (`gfmz_id`)
) ENGINE=InnoDB AUTO_INCREMENT=2 DEFAULT CHARSET=utf8;
/*!40101 SET character_set_client = @saved_cs_client */;

--
-- Dumping data for table `tz_gfmz`
--

LOCK TABLES `tz_gfmz` WRITE;
/*!40000 ALTER TABLE `tz_gfmz` DISABLE KEYS */;
INSERT INTO `tz_gfmz` VALUES (1,'2016-03',151,'2016-03-14 00:18:45',12,NULL,NULL,'11','adsf','32','sadfga','12','adsf');
/*!40000 ALTER TABLE `tz_gfmz` ENABLE KEYS */;
UNLOCK TABLES;

--
-- Table structure for table `tz_hjmd`
--

DROP TABLE IF EXISTS `tz_hjmd`;
/*!40101 SET @saved_cs_client     = @@character_set_client */;
/*!40101 SET character_set_client = utf8 */;
CREATE TABLE `tz_hjmd` (
  `hjmd_id` bigint(20) NOT NULL AUTO_INCREMENT,
  `tz_date` varchar(20) DEFAULT NULL,
  `group_party_id` bigint(20) DEFAULT NULL,
  `created_time` datetime DEFAULT NULL,
  `created_by_user` bigint(20) DEFAULT NULL,
  `last_updated_time` datetime DEFAULT NULL,
  `last_updated_by_user` bigint(20) DEFAULT NULL,
  `zfqz_times` varchar(20) DEFAULT NULL,
  `zfqz_person_num` varchar(20) DEFAULT NULL,
  `hjmdjf_num` varchar(20) DEFAULT NULL,
  `hjmdjf_dtl` varchar(255) DEFAULT NULL,
  `jjlsylwt_num` varchar(20) DEFAULT NULL,
  `jjlsylwt_dtl` varchar(255) DEFAULT NULL,
  PRIMARY KEY (`hjmd_id`)
) ENGINE=InnoDB AUTO_INCREMENT=2 DEFAULT CHARSET=utf8;
/*!40101 SET character_set_client = @saved_cs_client */;

--
-- Dumping data for table `tz_hjmd`
--

LOCK TABLES `tz_hjmd` WRITE;
/*!40000 ALTER TABLE `tz_hjmd` DISABLE KEYS */;
INSERT INTO `tz_hjmd` VALUES (1,'2016-03',151,'2016-03-14 00:18:34',12,NULL,NULL,'33','12','231','23','22','adggdsagasdg');
/*!40000 ALTER TABLE `tz_hjmd` ENABLE KEYS */;
UNLOCK TABLES;

--
-- Table structure for table `tz_ztjj`
--

DROP TABLE IF EXISTS `tz_ztjj`;
/*!40101 SET @saved_cs_client     = @@character_set_client */;
/*!40101 SET character_set_client = utf8 */;
CREATE TABLE `tz_ztjj` (
  `ztjj_id` bigint(20) NOT NULL AUTO_INCREMENT,
  `tz_date` varchar(20) DEFAULT NULL,
  `group_party_id` bigint(20) DEFAULT NULL,
  `created_time` datetime DEFAULT NULL,
  `created_by_user` bigint(20) DEFAULT NULL,
  `last_updated_time` datetime DEFAULT NULL,
  `last_updated_by_user` bigint(20) DEFAULT NULL,
  `zdcjfzgh_name` varchar(50) DEFAULT NULL,
  `zdcjfzgh_status` varchar(255) DEFAULT NULL,
  `xtzjxm_type` varchar(255) DEFAULT NULL,
  `xtzjxm_purpose` varchar(255) DEFAULT NULL,
  `pyzfns_name` varchar(255) DEFAULT NULL,
  `pyzfns_skill` varchar(255) DEFAULT NULL,
  PRIMARY KEY (`ztjj_id`)
) ENGINE=InnoDB AUTO_INCREMENT=2 DEFAULT CHARSET=utf8;
/*!40101 SET character_set_client = @saved_cs_client */;

--
-- Dumping data for table `tz_ztjj`
--

LOCK TABLES `tz_ztjj` WRITE;
/*!40000 ALTER TABLE `tz_ztjj` DISABLE KEYS */;
INSERT INTO `tz_ztjj` VALUES (1,'2016-03',151,'2016-03-14 00:16:55',12,'2016-03-14 01:30:31',12,'adf','进展情况良好','的风味千','很多的哟on国土哦啊的萨芬 阿萨德卡死了的价格拉动及司法 无法卡视角道格拉斯德国','李二','撒地方看看拉萨等级分为');
/*!40000 ALTER TABLE `tz_ztjj` ENABLE KEYS */;
UNLOCK TABLES;

--
-- Table structure for table `uom`
--

DROP TABLE IF EXISTS `uom`;
/*!40101 SET @saved_cs_client     = @@character_set_client */;
/*!40101 SET character_set_client = utf8 */;
CREATE TABLE `uom` (
  `uom_id` bigint(20) NOT NULL AUTO_INCREMENT,
  `uom_type_id` bigint(20) DEFAULT NULL,
  `abbreviation` varchar(20) DEFAULT NULL,
  `description` varchar(100) DEFAULT NULL,
  `pinyin_name` varchar(50) DEFAULT NULL,
  `sequence_id` int(11) DEFAULT NULL,
  `created_time` datetime DEFAULT NULL,
  `last_updated_time` datetime DEFAULT NULL,
  `created_by_user` bigint(20) DEFAULT NULL,
  `last_updated_by_user` bigint(20) DEFAULT NULL,
  PRIMARY KEY (`uom_id`),
  KEY `FK_jr1` (`uom_type_id`),
  CONSTRAINT `FK_jr1` FOREIGN KEY (`uom_type_id`) REFERENCES `uom_type` (`uom_type_id`)
) ENGINE=InnoDB AUTO_INCREMENT=3 DEFAULT CHARSET=utf8;
/*!40101 SET character_set_client = @saved_cs_client */;

--
-- Dumping data for table `uom`
--

LOCK TABLES `uom` WRITE;
/*!40000 ALTER TABLE `uom` DISABLE KEYS */;
INSERT INTO `uom` VALUES (1,1,'Kg','千克','qk',NULL,NULL,NULL,NULL,NULL),(2,1,'g','克',NULL,NULL,NULL,NULL,NULL,NULL);
/*!40000 ALTER TABLE `uom` ENABLE KEYS */;
UNLOCK TABLES;

--
-- Table structure for table `uom_conversion`
--

DROP TABLE IF EXISTS `uom_conversion`;
/*!40101 SET @saved_cs_client     = @@character_set_client */;
/*!40101 SET character_set_client = utf8 */;
CREATE TABLE `uom_conversion` (
  `uom_conversion_id` bigint(20) NOT NULL AUTO_INCREMENT,
  `uom_id_from` bigint(20) DEFAULT NULL,
  `uom_id_to` bigint(20) DEFAULT NULL,
  `conversion_factor` double DEFAULT NULL,
  `rounding_mode` varchar(20) DEFAULT NULL,
  `created_time` datetime DEFAULT NULL,
  `last_updated_time` datetime DEFAULT NULL,
  `created_by_user` bigint(20) DEFAULT NULL,
  `last_updated_by_user` bigint(20) DEFAULT NULL,
  PRIMARY KEY (`uom_conversion_id`)
) ENGINE=InnoDB AUTO_INCREMENT=2 DEFAULT CHARSET=utf8;
/*!40101 SET character_set_client = @saved_cs_client */;

--
-- Dumping data for table `uom_conversion`
--

LOCK TABLES `uom_conversion` WRITE;
/*!40000 ALTER TABLE `uom_conversion` DISABLE KEYS */;
INSERT INTO `uom_conversion` VALUES (1,1,2,1000,'',NULL,NULL,NULL,NULL);
/*!40000 ALTER TABLE `uom_conversion` ENABLE KEYS */;
UNLOCK TABLES;

--
-- Table structure for table `uom_type`
--

DROP TABLE IF EXISTS `uom_type`;
/*!40101 SET @saved_cs_client     = @@character_set_client */;
/*!40101 SET character_set_client = utf8 */;
CREATE TABLE `uom_type` (
  `uom_type_id` bigint(20) NOT NULL AUTO_INCREMENT,
  `parent_id` bigint(20) DEFAULT NULL,
  `has_table` int(11) DEFAULT NULL,
  `description` varchar(255) DEFAULT NULL,
  `created_time` datetime DEFAULT NULL,
  `last_updated_time` datetime DEFAULT NULL,
  `created_by_user` bigint(20) DEFAULT NULL,
  `last_updated_by_user` bigint(20) DEFAULT NULL,
  PRIMARY KEY (`uom_type_id`)
) ENGINE=InnoDB AUTO_INCREMENT=2 DEFAULT CHARSET=utf8;
/*!40101 SET character_set_client = @saved_cs_client */;

--
-- Dumping data for table `uom_type`
--

LOCK TABLES `uom_type` WRITE;
/*!40000 ALTER TABLE `uom_type` DISABLE KEYS */;
INSERT INTO `uom_type` VALUES (1,NULL,NULL,'重量',NULL,NULL,NULL,NULL);
/*!40000 ALTER TABLE `uom_type` ENABLE KEYS */;
UNLOCK TABLES;

--
-- Table structure for table `user_role`
--

DROP TABLE IF EXISTS `user_role`;
/*!40101 SET @saved_cs_client     = @@character_set_client */;
/*!40101 SET character_set_client = utf8 */;
CREATE TABLE `user_role` (
  `user_id` bigint(20) NOT NULL,
  `role_id` bigint(20) NOT NULL,
  PRIMARY KEY (`user_id`,`role_id`),
  KEY `FK_it77eq964jhfqtu54081ebtio` (`role_id`),
  CONSTRAINT `FK_apcc8lxk2xnug8377fatvbn04` FOREIGN KEY (`user_id`) REFERENCES `app_user` (`id`),
  CONSTRAINT `FK_it77eq964jhfqtu54081ebtio` FOREIGN KEY (`role_id`) REFERENCES `role` (`id`)
) ENGINE=InnoDB DEFAULT CHARSET=utf8;
/*!40101 SET character_set_client = @saved_cs_client */;

--
-- Dumping data for table `user_role`
--

LOCK TABLES `user_role` WRITE;
/*!40000 ALTER TABLE `user_role` DISABLE KEYS */;
INSERT INTO `user_role` VALUES (-3,-2),(-1,-2),(1,-2),(-3,-1),(-2,-1),(2,1);
/*!40000 ALTER TABLE `user_role` ENABLE KEYS */;
UNLOCK TABLES;

--
-- Table structure for table `village_info`
--

DROP TABLE IF EXISTS `village_info`;
/*!40101 SET @saved_cs_client     = @@character_set_client */;
/*!40101 SET character_set_client = utf8 */;
CREATE TABLE `village_info` (
  `village_info_id` bigint(20) NOT NULL AUTO_INCREMENT,
  `party_id` bigint(20) DEFAULT NULL,
  `village_type` varchar(30) DEFAULT NULL,
  `people_num` int(11) DEFAULT NULL,
  `party_num` int(11) DEFAULT NULL,
  `leader_num` int(11) DEFAULT NULL,
  `person_income` varchar(20) DEFAULT NULL,
  `group_income` varchar(20) DEFAULT NULL,
  PRIMARY KEY (`village_info_id`),
  KEY `FK_jr16` (`party_id`),
  CONSTRAINT `FK_jr16` FOREIGN KEY (`party_id`) REFERENCES `party` (`party_id`)
) ENGINE=InnoDB AUTO_INCREMENT=4 DEFAULT CHARSET=utf8;
/*!40101 SET character_set_client = @saved_cs_client */;

--
-- Dumping data for table `village_info`
--

LOCK TABLES `village_info` WRITE;
/*!40000 ALTER TABLE `village_info` DISABLE KEYS */;
INSERT INTO `village_info` VALUES (2,1134,'423',42,243,14,'13','222'),(3,151,'aaa',444,231,111,'333','222');
/*!40000 ALTER TABLE `village_info` ENABLE KEYS */;
UNLOCK TABLES;
/*!40103 SET TIME_ZONE=@OLD_TIME_ZONE */;

/*!40101 SET SQL_MODE=@OLD_SQL_MODE */;
/*!40014 SET FOREIGN_KEY_CHECKS=@OLD_FOREIGN_KEY_CHECKS */;
/*!40014 SET UNIQUE_CHECKS=@OLD_UNIQUE_CHECKS */;
/*!40101 SET CHARACTER_SET_CLIENT=@OLD_CHARACTER_SET_CLIENT */;
/*!40101 SET CHARACTER_SET_RESULTS=@OLD_CHARACTER_SET_RESULTS */;
/*!40101 SET COLLATION_CONNECTION=@OLD_COLLATION_CONNECTION */;
/*!40111 SET SQL_NOTES=@OLD_SQL_NOTES */;

-- Dump completed on 2016-03-26 22:59:57
